file_id,company,from_rel,to_rel,disposition,bucket,renamed,reason,ok
F00001,CaliCat (H2U),Board Resolution on Valuation 409a 08-31-2022.pdf,COMPANIES/CaliCat (H2U)/06_Board_and_Governance/Board Resolution on Valuation 409a 08-31-2022.pdf,PLACED,06 Board & Governance,False,moved,True
F00002,CaliCat (H2U),Calicat 032125 Redacted Deck.pdf,COMPANIES/CaliCat (H2U)/15_Unclassified_Pending_Review/Calicat 032125 Redacted Deck.pdf,PENDING,15 Unclassified / Pending Review,False,moved,True
F00003,CaliCat (H2U),Calicat Board Doc Oct 2024.pptx,COMPANIES/CaliCat (H2U)/15_Unclassified_Pending_Review/Calicat Board Doc Oct 2024.pptx,PENDING,15 Unclassified / Pending Review,False,moved,True
F00004,CaliCat (H2U),Calicat FS 2024-2029.xlsx,COMPANIES/CaliCat (H2U)/15_Unclassified_Pending_Review/Calicat FS 2024-2029.xlsx,PENDING,15 Unclassified / Pending Review,False,moved,True
F00005,CaliCat (H2U),H2U A-2 for 2024 v12-1.xlsx,COMPANIES/CaliCat (H2U)/15_Unclassified_Pending_Review/H2U A-2 for 2024 v12-1.xlsx,PENDING,15 Unclassified / Pending Review,False,moved,True
F00006,CaliCat (H2U),Is iridium demand a potential bottleneck in the realization of large-scale PEM water electrolysis?.pdf,COMPANIES/CaliCat (H2U)/15_Unclassified_Pending_Review/Is iridium demand a potential bottleneck in the realization of large-scale PEM water electrolysis_.pdf,PENDING,15 Unclassified / Pending Review,True,moved,True
F00007,CaliCat (H2U),Volo - H2U  Q3 2022  review slides v0.pptx,COMPANIES/CaliCat (H2U)/15_Unclassified_Pending_Review/Volo - H2U Q3 2022 review slides v0.pptx,PENDING,15 Unclassified / Pending Review,True,moved,True
F00008,CaliCat (H2U),00. Data Request (Q4'23 - March 2024)/Business Owner’s 2023-2024.pdf,COMPANIES/CaliCat (H2U)/10_Technical_and_Diligence/Business Owner’s 2023-2024.pdf,PLACED,10 Technical & Diligence,False,moved,True
F00009,CaliCat (H2U),00. Data Request (Q4'23 - March 2024)/H2U 2023 FS 030124.xlsx,COMPANIES/CaliCat (H2U)/10_Technical_and_Diligence/H2U 2023 FS 030124.xlsx,PLACED,10 Technical & Diligence,False,moved,True
F00010,CaliCat (H2U),00. Data Request (Q4'23 - March 2024)/H2U A-2 for 2024 investors.xlsx,COMPANIES/CaliCat (H2U)/10_Technical_and_Diligence/H2U A-2 for 2024 investors.xlsx,PLACED,10 Technical & Diligence,False,moved,True
F00011,CaliCat (H2U),00. Data Request (Q4'23 - March 2024)/H2U Q4'23 Data Requests - Email Responses.gdoc,COMPANIES/CaliCat (H2U)/10_Technical_and_Diligence/H2U Q4'23 Data Requests - Email Responses.gdoc,PLACED,10 Technical & Diligence,False,moved,True
F00012,CaliCat (H2U),00. Data Request (Q4'23 - March 2024)/H2U Technologies - Series A-2 (Pay to Play) Pro Forma [External] (1).xlsx,COMPANIES/CaliCat (H2U)/10_Technical_and_Diligence/H2U Technologies - Series A-2 (Pay to Play) Pro Forma [External] (1).xlsx,PLACED,10 Technical & Diligence,False,moved,True
F00013,CaliCat (H2U),00. Data Request (Q4'23 - March 2024)/H2UOrgChart032124.pptx,COMPANIES/CaliCat (H2U)/10_Technical_and_Diligence/H2UOrgChart032124.pptx,PLACED,10 Technical & Diligence,False,moved,True
F00014,CaliCat (H2U),00. Data Request (Q4'23 - March 2024)/Startup Package Management Liability  Technology E&OCyber Liability 2023-2024.pdf,COMPANIES/CaliCat (H2U)/10_Technical_and_Diligence/Startup Package Management Liability Technology E&OCyber Liability 2023-2024.pdf,PLACED,10 Technical & Diligence,True,moved,True
F00015,CaliCat (H2U),00. Data Request (Q4'23 - March 2024)/h2u-technologies-inc_2023-12-31_summary_cap_intermediate_cap_detailed_cap_ledgers.xlsx,COMPANIES/CaliCat (H2U)/10_Technical_and_Diligence/h2u-technologies-inc_2023-12-31_summary_cap_intermediate_cap_detailed_cap_ledgers.xlsx,PLACED,10 Technical & Diligence,False,moved,True
F00016,CaliCat (H2U),00. Data Request (Q4'23 - March 2024)/h2u-technologies-inc_2024-05-17_summary_cap_intermediate_cap_detailed_cap.xlsx,COMPANIES/CaliCat (H2U)/10_Technical_and_Diligence/h2u-technologies-inc_2024-05-17_summary_cap_intermediate_cap_detailed_cap.xlsx,PLACED,10 Technical & Diligence,False,moved,True
F00017,CaliCat (H2U),"2022 H2U Data Room B2/HR/2020-2021/Incubation, Founders Agreements/Nate Lewis/NSL Non Compete Agreement 4-26 CLEAN.docx",COMPANIES/CaliCat (H2U)/10_Technical_and_Diligence/NSL Non Compete Agreement 4-26 CLEAN.docx,PLACED,10 Technical & Diligence,False,moved,True
F00018,CaliCat (H2U),"2022 H2U Data Room B2/HR/2020-2021/Incubation, Founders Agreements/Nate Lewis/NSL Non Compete Agreement 4-26 REDLINE.docx",COMPANIES/CaliCat (H2U)/14_Historical_Superseded/NSL Non Compete Agreement 4-26 REDLINE.docx,SUPERSEDED,14 Historical / Superseded,False,moved,True
F00019,CaliCat (H2U),"2022 H2U Data Room B2/HR/2020-2021/Incubation, Founders Agreements/Nate Lewis/NSL Restricted Stock Purchase Agreement 4-26 CLEAN.docx",COMPANIES/CaliCat (H2U)/02_Financing_and_Legal/NSL Restricted Stock Purchase Agreement 4-26 CLEAN.docx,PLACED,02 Financing & Legal,False,moved,True
F00020,CaliCat (H2U),"2022 H2U Data Room B2/HR/2020-2021/Incubation, Founders Agreements/Nate Lewis/NSL Restricted Stock Purchase Agreement 4-26 REDLINE.docx",COMPANIES/CaliCat (H2U)/14_Historical_Superseded/NSL Restricted Stock Purchase Agreement 4-26 REDLINE.docx,SUPERSEDED,14 Historical / Superseded,False,moved,True
F00021,CaliCat (H2U),"2022 H2U Data Room B2/HR/2020-2021/Incubation, Founders Agreements/Nate Lewis/NSL Restricted Stock Purchase Agreement 5-5 REDLINE.doc",COMPANIES/CaliCat (H2U)/02_Financing_and_Legal/NSL Restricted Stock Purchase Agreement 5-5 REDLINE.doc,PLACED,02 Financing & Legal,False,moved,True
F00022,CaliCat (H2U),"2022 H2U Data Room B2/HR/2020-2021/Incubation, Founders Agreements/Nate Lewis/Restricted Stock Purchase Agreement draft NSL  (1).doc",COMPANIES/CaliCat (H2U)/02_Financing_and_Legal/Restricted Stock Purchase Agreement draft NSL (1).doc,PLACED,02 Financing & Legal,True,moved,True
F00023,CaliCat (H2U),"2022 H2U Data Room B2/HR/2020-2021/Incubation, Founders Agreements/Nate Lewis/Restricted Stock Purchase Agreement draft NSL  (1)NSL.doc",COMPANIES/CaliCat (H2U)/02_Financing_and_Legal/Restricted Stock Purchase Agreement draft NSL (1)NSL.doc,PLACED,02 Financing & Legal,True,moved,True
F00024,CaliCat (H2U),"2022 H2U Data Room B2/HR/2020-2021/Incubation, Founders Agreements/Nate Lewis/Restricted Stock Purchase Agreement draft NSL .doc",COMPANIES/CaliCat (H2U)/14_Historical_Superseded/Restricted Stock Purchase Agreement draft NSL.doc,SUPERSEDED,14 Historical / Superseded,True,moved,True
F00025,CaliCat (H2U),"2022 H2U Data Room B2/HR/2020-2021/Incubation, Founders Agreements/Nate Lewis/Stock Restriction Agreement - memryx.docx",COMPANIES/CaliCat (H2U)/10_Technical_and_Diligence/Stock Restriction Agreement - memryx.docx,PLACED,10 Technical & Diligence,False,moved,True
F00026,CaliCat (H2U),"2022 H2U Data Room B2/HR/2020-2021/Incubation, Founders Agreements/Nate Lewis/FINAL AGMTS FOR SIGNING/Non-Compete Agreement Final 5-5 CLEAN.pdf",COMPANIES/CaliCat (H2U)/10_Technical_and_Diligence/Non-Compete Agreement Final 5-5 CLEAN.pdf,PLACED,10 Technical & Diligence,False,moved,True
F00027,CaliCat (H2U),"2022 H2U Data Room B2/HR/2020-2021/Incubation, Founders Agreements/Nate Lewis/FINAL AGMTS FOR SIGNING/SIGNED DOCS/Signed NDA.pdf",COMPANIES/CaliCat (H2U)/10_Technical_and_Diligence/Signed NDA.pdf,PLACED,10 Technical & Diligence,False,moved,True
F00028,CaliCat (H2U),"2022 H2U Data Room B2/HR/2020-2021/Incubation, Founders Agreements/Nate Lewis/SIGNED DOCS/H2U RSPA N Lewis CLEAN for signing.pdf",COMPANIES/CaliCat (H2U)/10_Technical_and_Diligence/H2U RSPA N Lewis CLEAN for signing.pdf,PLACED,10 Technical & Diligence,False,moved,True
F00029,CaliCat (H2U),"2022 H2U Data Room B2/HR/2020-2021/Incubation, Founders Agreements/Nate Lewis/SIGNED DOCS/NSL Consulting Agreeement Final REDLINE 5-6-2020.doc",COMPANIES/CaliCat (H2U)/10_Technical_and_Diligence/NSL Consulting Agreeement Final REDLINE 5-6-2020.doc,PLACED,10 Technical & Diligence,False,moved,True
F00030,CaliCat (H2U),"2022 H2U Data Room B2/HR/2020-2021/Incubation, Founders Agreements/Nate Lewis/SIGNED DOCS/NSL signature pages RSPA Nov2020.PDF",COMPANIES/CaliCat (H2U)/10_Technical_and_Diligence/NSL signature pages RSPA Nov2020.PDF,PLACED,10 Technical & Diligence,False,moved,True
F00031,CaliCat (H2U),"2022 H2U Data Room B2/HR/2020-2021/Incubation, Founders Agreements/Nate Lewis/SIGNED DOCS/Non-Compete Agreement Final 5-5 REDLINE.doc",COMPANIES/CaliCat (H2U)/10_Technical_and_Diligence/Non-Compete Agreement Final 5-5 REDLINE.doc,PLACED,10 Technical & Diligence,False,moved,True
F00032,CaliCat (H2U),"2022 H2U Data Room B2/HR/2020-2021/Incubation, Founders Agreements/Nate Lewis/SIGNED DOCS/Non-compete and IA signed 5-6-2020.pdf",COMPANIES/CaliCat (H2U)/10_Technical_and_Diligence/Non-compete and IA signed 5-6-2020.pdf,PLACED,10 Technical & Diligence,False,moved,True
F00033,CaliCat (H2U),"2022 H2U Data Room B2/HR/2020-2021/Incubation, Founders Agreements/Nate Lewis/SIGNED DOCS/Signed NDA.pdf",COMPANIES/CaliCat (H2U)/10_Technical_and_Diligence/Signed NDA__F00033.pdf,PLACED,10 Technical & Diligence,False,moved,True
F00034,CaliCat (H2U),2022 H2U Data Room B2/HR/2020-2021/Recruiting and Staffing/Equity incentive targets.xlsx,COMPANIES/CaliCat (H2U)/03_Cap_Table_and_Equity/Equity incentive targets.xlsx,PLACED,03 Cap Table & Equity,False,moved,True
F00035,CaliCat (H2U),2022 H2U Data Room B2/HR/2020-2021/Recruiting and Staffing/H2U CEO Search Engagement Letter H2U edits - signed.pdf,COMPANIES/CaliCat (H2U)/10_Technical_and_Diligence/H2U CEO Search Engagement Letter H2U edits - signed.pdf,PLACED,10 Technical & Diligence,False,moved,True
F00036,CaliCat (H2U),2022 H2U Data Room B2/HR/2020-2021/Recruiting and Staffing/H2U-ReynoldLewkecomLLCs Consulting Agreement signed 11-18-2020.pdf,COMPANIES/CaliCat (H2U)/10_Technical_and_Diligence/H2U-ReynoldLewkecomLLCs Consulting Agreement signed 11-18-2020.pdf,PLACED,10 Technical & Diligence,False,moved,True
F00037,CaliCat (H2U),2022 H2U Data Room B2/HR/2020-2021/Recruiting and Staffing/NextFrontierSearch_H2U_DirectorProduct_ExecutiveSearchAgreement_v4 signed.pdf,COMPANIES/CaliCat (H2U)/10_Technical_and_Diligence/NextFrontierSearch_H2U_DirectorProduct_ExecutiveSearchAgreement_v4 signed.pdf,PLACED,10 Technical & Diligence,False,moved,True
F00038,CaliCat (H2U),2022 H2U Data Room B2/HR/2020-2021/Recruiting and Staffing/PEAK recruiting agreement.pdf,COMPANIES/CaliCat (H2U)/10_Technical_and_Diligence/PEAK recruiting agreement.pdf,PLACED,10 Technical & Diligence,False,moved,True
F00039,CaliCat (H2U),2022 H2U Data Room B2/HR/2020-2021/Recruiting and Staffing/Veritable Consulting - Fee Agreement (H2U Technologies).docx,COMPANIES/CaliCat (H2U)/10_Technical_and_Diligence/Veritable Consulting - Fee Agreement (H2U Technologies).docx,PLACED,10 Technical & Diligence,False,moved,True
F00040,CaliCat (H2U),2022 H2U Data Room B2/HR/2020-2021/Recruiting and Staffing/Candidates/2020ResumeJH.pdf,COMPANIES/CaliCat (H2U)/10_Technical_and_Diligence/2020ResumeJH.pdf,PLACED,10 Technical & Diligence,False,moved,True
F00041,CaliCat (H2U),2022 H2U Data Room B2/HR/2020-2021/Recruiting and Staffing/Candidates/AI engineers at JPL ... Motus Ventures Mail - Fw_ thanks for the conversation today.pdf,COMPANIES/CaliCat (H2U)/10_Technical_and_Diligence/AI engineers at JPL ... Motus Ventures Mail - Fw_ thanks for the conversation today.pdf,PLACED,10 Technical & Diligence,False,moved,True
F00042,CaliCat (H2U),2022 H2U Data Room B2/HR/2020-2021/Recruiting and Staffing/Candidates/Amanda Dawn Maley 2021+Resume+.docx.pdf,COMPANIES/CaliCat (H2U)/10_Technical_and_Diligence/Amanda Dawn Maley 2021+Resume+.docx.pdf,PLACED,10 Technical & Diligence,False,moved,True
F00043,CaliCat (H2U),2022 H2U Data Room B2/HR/2020-2021/Recruiting and Staffing/Candidates/Amir GohardaniResume.pdf,COMPANIES/CaliCat (H2U)/10_Technical_and_Diligence/Amir GohardaniResume.pdf,PLACED,10 Technical & Diligence,False,moved,True
F00044,CaliCat (H2U),2022 H2U Data Room B2/HR/2020-2021/Recruiting and Staffing/Candidates/Amir S. Gohardani Letter - H2U Technologies - Dr .pdf,COMPANIES/CaliCat (H2U)/10_Technical_and_Diligence/Amir S. Gohardani Letter - H2U Technologies - Dr.pdf,PLACED,10 Technical & Diligence,True,moved,True
F00045,CaliCat (H2U),2022 H2U Data Room B2/HR/2020-2021/Recruiting and Staffing/Candidates/Bahareh Tavaoli-resume-2.pdf,COMPANIES/CaliCat (H2U)/10_Technical_and_Diligence/Bahareh Tavaoli-resume-2.pdf,PLACED,10 Technical & Diligence,False,moved,True
F00046,CaliCat (H2U),2022 H2U Data Room B2/HR/2020-2021/Recruiting and Staffing/Candidates/Basil Karampelas Resume May 21.pdf,COMPANIES/CaliCat (H2U)/10_Technical_and_Diligence/Basil Karampelas Resume May 21.pdf,PLACED,10 Technical & Diligence,False,moved,True
F00047,CaliCat (H2U),2022 H2U Data Room B2/HR/2020-2021/Recruiting and Staffing/Candidates/CV_CX Xiang_2020_H2U tech advisor.pdf,COMPANIES/CaliCat (H2U)/10_Technical_and_Diligence/CV_CX Xiang_2020_H2U tech advisor.pdf,PLACED,10 Technical & Diligence,False,moved,True
F00048,CaliCat (H2U),2022 H2U Data Room B2/HR/2020-2021/Recruiting and Staffing/Candidates/Caine+Finnerty+-+Resume+2020+-+Final.pdf,COMPANIES/CaliCat (H2U)/10_Technical_and_Diligence/Caine+Finnerty+-+Resume+2020+-+Final.pdf,PLACED,10 Technical & Diligence,False,moved,True
F00049,CaliCat (H2U),2022 H2U Data Room B2/HR/2020-2021/Recruiting and Staffing/Candidates/Darren B Hickey Resume May2021.pdf,COMPANIES/CaliCat (H2U)/10_Technical_and_Diligence/Darren B Hickey Resume May2021.pdf,PLACED,10 Technical & Diligence,False,moved,True
F00050,CaliCat (H2U),2022 H2U Data Room B2/HR/2020-2021/Recruiting and Staffing/Candidates/EA-Vish_Palekar_Resume (07).pdf,COMPANIES/CaliCat (H2U)/10_Technical_and_Diligence/EA-Vish_Palekar_Resume (07).pdf,PLACED,10 Technical & Diligence,False,moved,True
F00051,CaliCat (H2U),2022 H2U Data Room B2/HR/2020-2021/Recruiting and Staffing/Candidates/Esther+Alatorre+-+2021+Exec.+Asst..docx,COMPANIES/CaliCat (H2U)/10_Technical_and_Diligence/Esther+Alatorre+-+2021+Exec.+Asst.docx,PLACED,10 Technical & Diligence,True,moved,True
F00052,CaliCat (H2U),2022 H2U Data Room B2/HR/2020-2021/Recruiting and Staffing/Candidates/George_Whitesides.pdf,COMPANIES/CaliCat (H2U)/10_Technical_and_Diligence/George_Whitesides.pdf,PLACED,10 Technical & Diligence,False,moved,True
F00053,CaliCat (H2U),2022 H2U Data Room B2/HR/2020-2021/Recruiting and Staffing/Candidates/JERALD ALAN COLE.docx,COMPANIES/CaliCat (H2U)/10_Technical_and_Diligence/JERALD ALAN COLE.docx,PLACED,10 Technical & Diligence,False,moved,True
F00054,CaliCat (H2U),2022 H2U Data Room B2/HR/2020-2021/Recruiting and Staffing/Candidates/Jack_S_Portfolio.pdf,COMPANIES/CaliCat (H2U)/10_Technical_and_Diligence/Jack_S_Portfolio.pdf,PLACED,10 Technical & Diligence,False,moved,True
F00055,CaliCat (H2U),2022 H2U Data Room B2/HR/2020-2021/Recruiting and Staffing/Candidates/Jack_S_Resume.pdf,COMPANIES/CaliCat (H2U)/10_Technical_and_Diligence/Jack_S_Resume.pdf,PLACED,10 Technical & Diligence,False,moved,True
F00056,CaliCat (H2U),2022 H2U Data Room B2/HR/2020-2021/Recruiting and Staffing/Candidates/Jonas Seyppel.pdf,COMPANIES/CaliCat (H2U)/10_Technical_and_Diligence/Jonas Seyppel.pdf,PLACED,10 Technical & Diligence,False,moved,True
F00057,CaliCat (H2U),2022 H2U Data Room B2/HR/2020-2021/Recruiting and Staffing/Candidates/Jun (John) Wang  Resume_10182020.pdf,COMPANIES/CaliCat (H2U)/10_Technical_and_Diligence/Jun (John) Wang Resume_10182020.pdf,PLACED,10 Technical & Diligence,True,moved,True
F00058,CaliCat (H2U),2022 H2U Data Room B2/HR/2020-2021/Recruiting and Staffing/Candidates/LanZhou_Resume_Nov20.pdf,COMPANIES/CaliCat (H2U)/10_Technical_and_Diligence/LanZhou_Resume_Nov20.pdf,PLACED,10 Technical & Diligence,False,moved,True
F00059,CaliCat (H2U),2022 H2U Data Room B2/HR/2020-2021/Recruiting and Staffing/Candidates/Luis Artiz +Resume+June+2021.pdf,COMPANIES/CaliCat (H2U)/10_Technical_and_Diligence/Luis Artiz +Resume+June+2021.pdf,PLACED,10 Technical & Diligence,False,moved,True
F00060,CaliCat (H2U),2022 H2U Data Room B2/HR/2020-2021/Recruiting and Staffing/Candidates/Michael+Minutti+Resume+2020+.pdf,COMPANIES/CaliCat (H2U)/10_Technical_and_Diligence/Michael+Minutti+Resume+2020+.pdf,PLACED,10 Technical & Diligence,False,moved,True
F00061,CaliCat (H2U),2022 H2U Data Room B2/HR/2020-2021/Recruiting and Staffing/Candidates/Motus Ventures Mail - Re_ follow up call_Nittin MRD PRD.pdf,COMPANIES/CaliCat (H2U)/10_Technical_and_Diligence/Motus Ventures Mail - Re_ follow up call_Nittin MRD PRD.pdf,PLACED,10 Technical & Diligence,False,moved,True
F00062,CaliCat (H2U),2022 H2U Data Room B2/HR/2020-2021/Recruiting and Staffing/Candidates/NAOMI+Meihui LI_2021.pdf,COMPANIES/CaliCat (H2U)/10_Technical_and_Diligence/NAOMI+Meihui LI_2021.pdf,PLACED,10 Technical & Diligence,False,moved,True
F00063,CaliCat (H2U),2022 H2U Data Room B2/HR/2020-2021/Recruiting and Staffing/Candidates/Nawid_Yakuby--Latest_Resume.pdf,COMPANIES/CaliCat (H2U)/10_Technical_and_Diligence/Nawid_Yakuby--Latest_Resume.pdf,PLACED,10 Technical & Diligence,False,moved,True
F00064,CaliCat (H2U),2022 H2U Data Room B2/HR/2020-2021/Recruiting and Staffing/Candidates/Nitin Vaish H2U Technologies - Product Management (Nitin Vaish).pdf,COMPANIES/CaliCat (H2U)/10_Technical_and_Diligence/Nitin Vaish H2U Technologies - Product Management (Nitin Vaish).pdf,PLACED,10 Technical & Diligence,False,moved,True
F00065,CaliCat (H2U),2022 H2U Data Room B2/HR/2020-2021/Recruiting and Staffing/Candidates/Nitin Vaish Resume.pdf,COMPANIES/CaliCat (H2U)/10_Technical_and_Diligence/Nitin Vaish Resume.pdf,PLACED,10 Technical & Diligence,False,moved,True
F00066,CaliCat (H2U),2022 H2U Data Room B2/HR/2020-2021/Recruiting and Staffing/Candidates/Om Mouraya Input on H2U'  Business Plan.docx,COMPANIES/CaliCat (H2U)/10_Technical_and_Diligence/Om Mouraya Input on H2U' Business Plan.docx,PLACED,10 Technical & Diligence,True,moved,True
F00067,CaliCat (H2U),2022 H2U Data Room B2/HR/2020-2021/Recruiting and Staffing/Candidates/Om Mourya+Resume+1_2020.docx,COMPANIES/CaliCat (H2U)/10_Technical_and_Diligence/Om Mourya+Resume+1_2020.docx,PLACED,10 Technical & Diligence,False,moved,True
F00068,CaliCat (H2U),2022 H2U Data Room B2/HR/2020-2021/Recruiting and Staffing/Candidates/RKozikowski.pdf,COMPANIES/CaliCat (H2U)/10_Technical_and_Diligence/RKozikowski.pdf,PLACED,10 Technical & Diligence,False,moved,True
F00069,CaliCat (H2U),2022 H2U Data Room B2/HR/2020-2021/Recruiting and Staffing/Candidates/Rahul Chandra+Resume+-+2021.pdf,COMPANIES/CaliCat (H2U)/10_Technical_and_Diligence/Rahul Chandra+Resume+-+2021.pdf,PLACED,10 Technical & Diligence,False,moved,True
F00070,CaliCat (H2U),2022 H2U Data Room B2/HR/2020-2021/Recruiting and Staffing/Candidates/Rajesh Gopinath resume 10-2021 (2).pdf,COMPANIES/CaliCat (H2U)/10_Technical_and_Diligence/Rajesh Gopinath resume 10-2021 (2).pdf,PLACED,10 Technical & Diligence,False,moved,True
F00071,CaliCat (H2U),2022 H2U Data Room B2/HR/2020-2021/Recruiting and Staffing/Candidates/Resume - Gobulukoglu H2U Technologies - 02-December-2020.pdf,COMPANIES/CaliCat (H2U)/10_Technical_and_Diligence/Resume - Gobulukoglu H2U Technologies - 02-December-2020.pdf,PLACED,10 Technical & Diligence,False,moved,True
F00072,CaliCat (H2U),2022 H2U Data Room B2/HR/2020-2021/Recruiting and Staffing/Candidates/Russo__Alan21.pdf,COMPANIES/CaliCat (H2U)/10_Technical_and_Diligence/Russo__Alan21.pdf,PLACED,10 Technical & Diligence,False,moved,True
F00073,CaliCat (H2U),2022 H2U Data Room B2/HR/2020-2021/Recruiting and Staffing/Candidates/S Ganesh_2020.pdf,COMPANIES/CaliCat (H2U)/10_Technical_and_Diligence/S Ganesh_2020.pdf,PLACED,10 Technical & Diligence,False,moved,True
F00074,CaliCat (H2U),2022 H2U Data Room B2/HR/2020-2021/Recruiting and Staffing/Candidates/SARAH LEE resume.pdf,COMPANIES/CaliCat (H2U)/10_Technical_and_Diligence/SARAH LEE resume.pdf,PLACED,10 Technical & Diligence,False,moved,True
F00075,CaliCat (H2U),2022 H2U Data Room B2/HR/2020-2021/Recruiting and Staffing/Candidates/Simonoff_2020.pdf,COMPANIES/CaliCat (H2U)/10_Technical_and_Diligence/Simonoff_2020.pdf,PLACED,10 Technical & Diligence,False,moved,True
F00076,CaliCat (H2U),2022 H2U Data Room B2/HR/2020-2021/Recruiting and Staffing/Candidates/Steve Aragon VP Eng CTO COO 12-8-2020.pdf,COMPANIES/CaliCat (H2U)/10_Technical_and_Diligence/Steve Aragon VP Eng CTO COO 12-8-2020.pdf,PLACED,10 Technical & Diligence,False,moved,True
F00077,CaliCat (H2U),2022 H2U Data Room B2/HR/2020-2021/Recruiting and Staffing/Candidates/burle AI eng Motus Ventures Mail - Fw_ chat about info and opportunity etc._.pdf,COMPANIES/CaliCat (H2U)/10_Technical_and_Diligence/burle AI eng Motus Ventures Mail - Fw_ chat about info and opportunity etc._.pdf,PLACED,10 Technical & Diligence,False,moved,True
F00078,CaliCat (H2U),2022 H2U Data Room B2/HR/2020-2021/Recruiting and Staffing/Candidates/gkimball_resume_2021-1.pdf,COMPANIES/CaliCat (H2U)/10_Technical_and_Diligence/gkimball_resume_2021-1.pdf,PLACED,10 Technical & Diligence,False,moved,True
F00079,CaliCat (H2U),2022 H2U Data Room B2/HR/2020-2021/Recruiting and Staffing/Candidates/salary survey EA los angeles.png,COMPANIES/CaliCat (H2U)/10_Technical_and_Diligence/salary survey EA los angeles.png,PLACED,10 Technical & Diligence,False,moved,True
F00080,CaliCat (H2U),2022 H2U Data Room B2/HR/2020-2021/Recruiting and Staffing/Candidates/updateonproductmanagementsearch.zip,COMPANIES/CaliCat (H2U)/10_Technical_and_Diligence/updateonproductmanagementsearch.zip,PLACED,10 Technical & Diligence,False,moved,True
F00081,CaliCat (H2U),2022 H2U Data Room B2/HR/2020-2021/Recruiting and Staffing/Candidates/vpengineeringcandidatestobereviewedasofaug16resend.zip,COMPANIES/CaliCat (H2U)/10_Technical_and_Diligence/vpengineeringcandidatestobereviewedasofaug16resend.zip,PLACED,10 Technical & Diligence,False,moved,True
F00082,CaliCat (H2U),2022 H2U Data Room B2/HR/2020-2021/Recruiting and Staffing/Job specifications/Board Member_Spec &Comp.zip,COMPANIES/CaliCat (H2U)/10_Technical_and_Diligence/Board Member_Spec &Comp.zip,PLACED,10 Technical & Diligence,False,moved,True
F00083,CaliCat (H2U),2022 H2U Data Room B2/HR/2020-2021/Recruiting and Staffing/Job specifications/Electrochemical processing engineer.docx,COMPANIES/CaliCat (H2U)/10_Technical_and_Diligence/Electrochemical processing engineer.docx,PLACED,10 Technical & Diligence,False,moved,True
F00084,CaliCat (H2U),2022 H2U Data Room B2/HR/2020-2021/Recruiting and Staffing/Job specifications/Electrochemist for electrolyzer devellopment team.docx,COMPANIES/CaliCat (H2U)/10_Technical_and_Diligence/Electrochemist for electrolyzer devellopment team.docx,PLACED,10 Technical & Diligence,False,moved,True
F00085,CaliCat (H2U),2022 H2U Data Room B2/HR/2020-2021/Recruiting and Staffing/Job specifications/Electrolyzer component fabrication engineer.docx,COMPANIES/CaliCat (H2U)/10_Technical_and_Diligence/Electrolyzer component fabrication engineer.docx,PLACED,10 Technical & Diligence,False,moved,True
F00086,CaliCat (H2U),2022 H2U Data Room B2/HR/2020-2021/Recruiting and Staffing/Job specifications/Electrolyzer system integration and testing engineer.docx,COMPANIES/CaliCat (H2U)/10_Technical_and_Diligence/Electrolyzer system integration and testing engineer.docx,PLACED,10 Technical & Diligence,False,moved,True
F00087,CaliCat (H2U),2022 H2U Data Room B2/HR/2020-2021/Recruiting and Staffing/Job specifications/H2U CEO Job Spec updated.docx,COMPANIES/CaliCat (H2U)/10_Technical_and_Diligence/H2U CEO Job Spec updated.docx,PLACED,10 Technical & Diligence,False,moved,True
F00088,CaliCat (H2U),2022 H2U Data Room B2/HR/2020-2021/Recruiting and Staffing/Job specifications/H2U CEO Job Spec v2.docx,COMPANIES/CaliCat (H2U)/10_Technical_and_Diligence/H2U CEO Job Spec v2.docx,PLACED,10 Technical & Diligence,False,moved,True
F00089,CaliCat (H2U),2022 H2U Data Room B2/HR/2020-2021/Recruiting and Staffing/Job specifications/H2U CEO Job Spec.docx,COMPANIES/CaliCat (H2U)/14_Historical_Superseded/H2U CEO Job Spec.docx,SUPERSEDED,14 Historical / Superseded,False,moved,True
F00090,CaliCat (H2U),2022 H2U Data Room B2/HR/2020-2021/Recruiting and Staffing/Job specifications/H2U CTO Spec.docx,COMPANIES/CaliCat (H2U)/10_Technical_and_Diligence/H2U CTO Spec.docx,PLACED,10 Technical & Diligence,False,moved,True
F00091,CaliCat (H2U),2022 H2U Data Room B2/HR/2020-2021/Recruiting and Staffing/Job specifications/H2U Job Specification - CTO.docx,COMPANIES/CaliCat (H2U)/10_Technical_and_Diligence/H2U Job Specification - CTO.docx,PLACED,10 Technical & Diligence,False,moved,True
F00092,CaliCat (H2U),2022 H2U Data Room B2/HR/2020-2021/Recruiting and Staffing/Job specifications/H2U Job Specification - Dir Product Management.docx,COMPANIES/CaliCat (H2U)/10_Technical_and_Diligence/H2U Job Specification - Dir Product Management.docx,PLACED,10 Technical & Diligence,False,moved,True
F00093,CaliCat (H2U),2022 H2U Data Room B2/HR/2020-2021/Recruiting and Staffing/Job specifications/H2U Job Specification - VP Eng.docx,COMPANIES/CaliCat (H2U)/10_Technical_and_Diligence/H2U Job Specification - VP Eng.docx,PLACED,10 Technical & Diligence,False,moved,True
F00094,CaliCat (H2U),2022 H2U Data Room B2/HR/2020-2021/Recruiting and Staffing/Job specifications/H2U VP Eng and interim PM.docx,COMPANIES/CaliCat (H2U)/10_Technical_and_Diligence/H2U VP Eng and interim PM.docx,PLACED,10 Technical & Diligence,False,moved,True
F00095,CaliCat (H2U),2022 H2U Data Room B2/HR/2020-2021/Recruiting and Staffing/Job specifications/H2U VP Engineering Spec.docx,COMPANIES/CaliCat (H2U)/10_Technical_and_Diligence/H2U VP Engineering Spec.docx,PLACED,10 Technical & Diligence,False,moved,True
F00096,CaliCat (H2U),2022 H2U Data Room B2/HR/2020-2021/Recruiting and Staffing/Job specifications/H2u Exec Admin Qualifications.docx,COMPANIES/CaliCat (H2U)/10_Technical_and_Diligence/H2u Exec Admin Qualifications.docx,PLACED,10 Technical & Diligence,False,moved,True
F00097,CaliCat (H2U),2022 H2U Data Room B2/HR/2020-2021/Recruiting and Staffing/Job specifications/H2u IT Manager specification.docx,COMPANIES/CaliCat (H2U)/10_Technical_and_Diligence/H2u IT Manager specification.docx,PLACED,10 Technical & Diligence,False,moved,True
F00098,CaliCat (H2U),2022 H2U Data Room B2/HR/2020-2021/Recruiting and Staffing/Job specifications/High throughput catalysts screening and characterization engineer.docx,COMPANIES/CaliCat (H2U)/10_Technical_and_Diligence/High throughput catalysts screening and characterization engineer.docx,PLACED,10 Technical & Diligence,False,moved,True
F00099,CaliCat (H2U),2022 H2U Data Room B2/HR/2020-2021/Recruiting and Staffing/Job specifications/High throughput catalysts synthesizing engineer.docx,COMPANIES/CaliCat (H2U)/10_Technical_and_Diligence/High throughput catalysts synthesizing engineer.docx,PLACED,10 Technical & Diligence,False,moved,True
F00100,CaliCat (H2U),2022 H2U Data Room B2/HR/2020-2021/Recruiting and Staffing/Job specifications/Job description for director of catalyst discovery.docx,COMPANIES/CaliCat (H2U)/10_Technical_and_Diligence/Job description for director of catalyst discovery.docx,PLACED,10 Technical & Diligence,False,moved,True
F00101,CaliCat (H2U),2022 H2U Data Room B2/HR/2020-2021/Recruiting and Staffing/Job specifications/Org Chart.pptx,COMPANIES/CaliCat (H2U)/10_Technical_and_Diligence/Org Chart.pptx,PLACED,10 Technical & Diligence,False,moved,True
F00102,CaliCat (H2U),2022 H2U Data Room B2/HR/2020-2021/Recruiting and Staffing/team/Anita Maharaj resume.pdf,COMPANIES/CaliCat (H2U)/10_Technical_and_Diligence/Anita Maharaj resume.pdf,PLACED,10 Technical & Diligence,False,moved,True
F00103,CaliCat (H2U),2022 H2U Data Room B2/HR/2020-2021/Recruiting and Staffing/team/Arvin Sookezian resume.pdf,COMPANIES/CaliCat (H2U)/10_Technical_and_Diligence/Arvin Sookezian resume.pdf,PLACED,10 Technical & Diligence,False,moved,True
F00104,CaliCat (H2U),2022 H2U Data Room B2/HR/2020-2021/Recruiting and Staffing/team/Jian Jin CV.doc,COMPANIES/CaliCat (H2U)/10_Technical_and_Diligence/Jian Jin CV.doc,PLACED,10 Technical & Diligence,False,moved,True
F00105,CaliCat (H2U),2022 H2U Data Room B2/HR/2020-2021/Recruiting and Staffing/team/Jim DiSanto CV.pdf,COMPANIES/CaliCat (H2U)/10_Technical_and_Diligence/Jim DiSanto CV.pdf,PLACED,10 Technical & Diligence,False,moved,True
F00106,CaliCat (H2U),2022 H2U Data Room B2/HR/2020-2021/Recruiting and Staffing/team/Jun (John) Wang  Resume.pdf,COMPANIES/CaliCat (H2U)/10_Technical_and_Diligence/Jun (John) Wang Resume.pdf,PLACED,10 Technical & Diligence,True,moved,True
F00107,CaliCat (H2U),2022 H2U Data Room B2/HR/2020-2021/Recruiting and Staffing/team/Kat Rinaldi CV.pdf,COMPANIES/CaliCat (H2U)/10_Technical_and_Diligence/Kat Rinaldi CV.pdf,PLACED,10 Technical & Diligence,False,moved,True
F00108,CaliCat (H2U),2022 H2U Data Room B2/HR/2020-2021/Recruiting and Staffing/team/Mark_McGough resume.doc,COMPANIES/CaliCat (H2U)/10_Technical_and_Diligence/Mark_McGough resume.doc,PLACED,10 Technical & Diligence,False,moved,True
F00109,CaliCat (H2U),2022 H2U Data Room B2/HR/2020-2021/Recruiting and Staffing/team/Michael Mazza_Resume_.pdf,COMPANIES/CaliCat (H2U)/10_Technical_and_Diligence/Michael Mazza_Resume_.pdf,PLACED,10 Technical & Diligence,False,moved,True
F00110,CaliCat (H2U),2022 H2U Data Room B2/HR/2020-2021/Recruiting and Staffing/team/Michael lichterman_resume.docx,COMPANIES/CaliCat (H2U)/10_Technical_and_Diligence/Michael lichterman_resume.docx,PLACED,10 Technical & Diligence,False,moved,True
F00111,CaliCat (H2U),2022 H2U Data Room B2/HR/2020-2021/Recruiting and Staffing/team/Nate Lewis BIO.docx,COMPANIES/CaliCat (H2U)/10_Technical_and_Diligence/Nate Lewis BIO.docx,PLACED,10 Technical & Diligence,False,moved,True
F00112,CaliCat (H2U),2022 H2U Data Room B2/HR/2020-2021/Recruiting and Staffing/team/Reynold Lewke resume  .pdf,COMPANIES/CaliCat (H2U)/10_Technical_and_Diligence/Reynold Lewke resume.pdf,PLACED,10 Technical & Diligence,True,moved,True
F00113,CaliCat (H2U),2022 H2U Data Room B2/HR/2020-2021/Recruiting and Staffing/team/Steve Wollenberg CV.pdf,COMPANIES/CaliCat (H2U)/10_Technical_and_Diligence/Steve Wollenberg CV.pdf,PLACED,10 Technical & Diligence,False,moved,True
F00114,CaliCat (H2U),2022 H2U Data Room B2/HR/2020-2021/Recruiting and Staffing/team/Steven Jaffe-Lewis Resume.pdf,COMPANIES/CaliCat (H2U)/10_Technical_and_Diligence/Steven Jaffe-Lewis Resume.pdf,PLACED,10 Technical & Diligence,False,moved,True
F00115,CaliCat (H2U),2022 H2U Data Room B2/HR/Consultants 2022/20220120_Kanady Consultant Agreement Signed.PDF,COMPANIES/CaliCat (H2U)/10_Technical_and_Diligence/20220120_Kanady Consultant Agreement Signed.PDF,PLACED,10 Technical & Diligence,False,moved,True
F00116,CaliCat (H2U),2022 H2U Data Room B2/HR/Consultants 2022/AFOCAL + H2U (series B deck).pdf,COMPANIES/CaliCat (H2U)/10_Technical_and_Diligence/AFOCAL + H2U (series B deck).pdf,PLACED,10 Technical & Diligence,False,moved,True
F00117,CaliCat (H2U),2022 H2U Data Room B2/HR/Consultants 2022/AFOCAL + H2U S2 (signed).pdf,COMPANIES/CaliCat (H2U)/10_Technical_and_Diligence/AFOCAL + H2U S2 (signed).pdf,PLACED,10 Technical & Diligence,False,moved,True
F00118,CaliCat (H2U),2022 H2U Data Room B2/HR/Consultants 2022/Daniel Bakholdin agreement.pdf,COMPANIES/CaliCat (H2U)/10_Technical_and_Diligence/Daniel Bakholdin agreement.pdf,PLACED,10 Technical & Diligence,False,moved,True
F00119,CaliCat (H2U),2022 H2U Data Room B2/HR/Consultants 2022/DennisMangrobangResume.pdf,COMPANIES/CaliCat (H2U)/10_Technical_and_Diligence/DennisMangrobangResume.pdf,PLACED,10 Technical & Diligence,False,moved,True
F00120,CaliCat (H2U),2022 H2U Data Room B2/HR/Consultants 2022/FGS Agreement.pdf,COMPANIES/CaliCat (H2U)/10_Technical_and_Diligence/FGS Agreement.pdf,PLACED,10 Technical & Diligence,False,moved,True
F00121,CaliCat (H2U),2022 H2U Data Room B2/HR/Consultants 2022/Flexwest LLC Dennis.PDF,COMPANIES/CaliCat (H2U)/10_Technical_and_Diligence/Flexwest LLC Dennis.PDF,PLACED,10 Technical & Diligence,False,moved,True
F00122,CaliCat (H2U),2022 H2U Data Room B2/HR/Consultants 2022/Flexwest LLC W9.pdf,COMPANIES/CaliCat (H2U)/10_Technical_and_Diligence/Flexwest LLC W9.pdf,PLACED,10 Technical & Diligence,False,moved,True
F00123,CaliCat (H2U),2022 H2U Data Room B2/HR/Consultants 2022/H2U - VJMartin Signed Confidential Information and Assignment Agreement signature page.pdf,COMPANIES/CaliCat (H2U)/10_Technical_and_Diligence/H2U - VJMartin Signed Confidential Information and Assignment Agreement signature page.pdf,PLACED,10 Technical & Diligence,False,moved,True
F00124,CaliCat (H2U),2022 H2U Data Room B2/HR/Consultants 2022/H2U - VJMartin Signed Consulting Agreement signature page.pdf,COMPANIES/CaliCat (H2U)/10_Technical_and_Diligence/H2U - VJMartin Signed Consulting Agreement signature page.pdf,PLACED,10 Technical & Diligence,False,moved,True
F00125,CaliCat (H2U),2022 H2U Data Room B2/HR/Consultants 2022/H2U - VJMartin Signed Form W-9.pdf,COMPANIES/CaliCat (H2U)/10_Technical_and_Diligence/H2U - VJMartin Signed Form W-9.pdf,PLACED,10 Technical & Diligence,False,moved,True
F00126,CaliCat (H2U),2022 H2U Data Room B2/HR/Consultants 2022/H2U Consulting Agreement - Ryan Jones SCOPE FINAL.pdf,COMPANIES/CaliCat (H2U)/10_Technical_and_Diligence/H2U Consulting Agreement - Ryan Jones SCOPE FINAL.pdf,PLACED,10 Technical & Diligence,False,moved,True
F00127,CaliCat (H2U),2022 H2U Data Room B2/HR/Consultants 2022/H2U Consulting Agreement 030422.docx,COMPANIES/CaliCat (H2U)/10_Technical_and_Diligence/H2U Consulting Agreement 030422.docx,PLACED,10 Technical & Diligence,False,moved,True
F00128,CaliCat (H2U),2022 H2U Data Room B2/HR/Consultants 2022/H2U Consulting Agreement Erik Severin.docx,COMPANIES/CaliCat (H2U)/10_Technical_and_Diligence/H2U Consulting Agreement Erik Severin.docx,PLACED,10 Technical & Diligence,False,moved,True
F00129,CaliCat (H2U),2022 H2U Data Room B2/HR/Consultants 2022/H2U Consulting Agreement Flex West LLC.docx,COMPANIES/CaliCat (H2U)/10_Technical_and_Diligence/H2U Consulting Agreement Flex West LLC.docx,PLACED,10 Technical & Diligence,False,moved,True
F00130,CaliCat (H2U),2022 H2U Data Room B2/HR/Consultants 2022/H2U Consulting Agreement Nick Schulze v3.docx,COMPANIES/CaliCat (H2U)/10_Technical_and_Diligence/H2U Consulting Agreement Nick Schulze v3.docx,PLACED,10 Technical & Diligence,False,moved,True
F00131,CaliCat (H2U),"2022 H2U Data Room B2/HR/Consultants 2022/H2U Consulting Agreement Nick Schulze v4 - sw, NKS signed.docx","COMPANIES/CaliCat (H2U)/10_Technical_and_Diligence/H2U Consulting Agreement Nick Schulze v4 - sw, NKS signed.docx",PLACED,10 Technical & Diligence,False,moved,True
F00132,CaliCat (H2U),2022 H2U Data Room B2/HR/Consultants 2022/H2U Consulting Agreement Vincent Martin - v2 .docx,COMPANIES/CaliCat (H2U)/10_Technical_and_Diligence/H2U Consulting Agreement Vincent Martin - v2.docx,PLACED,10 Technical & Diligence,True,moved,True
F00133,CaliCat (H2U),2022 H2U Data Room B2/HR/Consultants 2022/H2U Consulting Agreement Vincent Martin .docx,COMPANIES/CaliCat (H2U)/14_Historical_Superseded/H2U Consulting Agreement Vincent Martin.docx,SUPERSEDED,14 Historical / Superseded,True,moved,True
F00134,CaliCat (H2U),2022 H2U Data Room B2/HR/Consultants 2022/H2U Technologies - NSL 1st    Amendment to Consulting Agreement CLEAN-signed.pdf,COMPANIES/CaliCat (H2U)/10_Technical_and_Diligence/H2U Technologies - NSL 1st Amendment to Consulting Agreement CLEAN-signed.pdf,PLACED,10 Technical & Diligence,True,moved,True
F00135,CaliCat (H2U),"2022 H2U Data Room B2/HR/Consultants 2022/H2U Technologies, Inc. - LHi Standard US Terms - T.A. 07012022.pdf","COMPANIES/CaliCat (H2U)/10_Technical_and_Diligence/H2U Technologies, Inc. - LHi Standard US Terms - T.A. 07012022.pdf",PLACED,10 Technical & Diligence,False,moved,True
F00136,CaliCat (H2U),2022 H2U Data Room B2/HR/Consultants 2022/H2U confidental and assignment agreement  EJS signed.pdf,COMPANIES/CaliCat (H2U)/10_Technical_and_Diligence/H2U confidental and assignment agreement EJS signed.pdf,PLACED,10 Technical & Diligence,True,moved,True
F00137,CaliCat (H2U),2022 H2U Data Room B2/HR/Consultants 2022/H2U consulting agreement EJS signed.pdf,COMPANIES/CaliCat (H2U)/10_Technical_and_Diligence/H2U consulting agreement EJS signed.pdf,PLACED,10 Technical & Diligence,False,moved,True
F00138,CaliCat (H2U),2022 H2U Data Room B2/HR/Consultants 2022/H2U-GSF Consulting LLC Agreement 12-31-2021.pdf,COMPANIES/CaliCat (H2U)/10_Technical_and_Diligence/H2U-GSF Consulting LLC Agreement 12-31-2021.pdf,PLACED,10 Technical & Diligence,False,moved,True
F00139,CaliCat (H2U),2022 H2U Data Room B2/HR/Consultants 2022/H2U_ConsultingAgreementFLEXWEST_202209231103.docx,COMPANIES/CaliCat (H2U)/10_Technical_and_Diligence/H2U_ConsultingAgreementFLEXWEST_202209231103.docx,PLACED,10 Technical & Diligence,False,moved,True
F00140,CaliCat (H2U),2022 H2U Data Room B2/HR/Consultants 2022/KSP Systems.pdf,COMPANIES/CaliCat (H2U)/10_Technical_and_Diligence/KSP Systems.pdf,PLACED,10 Technical & Diligence,False,moved,True
F00141,CaliCat (H2U),2022 H2U Data Room B2/HR/Consultants 2022/Letter of Agreement_Fully_Signed_8_1_22 J&A.pdf,COMPANIES/CaliCat (H2U)/10_Technical_and_Diligence/Letter of Agreement_Fully_Signed_8_1_22 J&A.pdf,PLACED,10 Technical & Diligence,False,moved,True
F00142,CaliCat (H2U),2022 H2U Data Room B2/HR/Consultants 2022/Modelyst_H2U_CSA_signed.pdf,COMPANIES/CaliCat (H2U)/10_Technical_and_Diligence/Modelyst_H2U_CSA_signed.pdf,PLACED,10 Technical & Diligence,False,moved,True
F00143,CaliCat (H2U),2022 H2U Data Room B2/HR/Consultants 2022/Outline for bringing Vincent Martin on as consultant for Sonotek and catalyst test station operation.msg,COMPANIES/CaliCat (H2U)/10_Technical_and_Diligence/Outline for bringing Vincent Martin on as consultant for Sonotek and catalyst test station operation.msg,PLACED,10 Technical & Diligence,False,moved,True
F00144,CaliCat (H2U),2022 H2U Data Room B2/HR/Consultants 2022/PLC programmer Job Description v2.docx,COMPANIES/CaliCat (H2U)/10_Technical_and_Diligence/PLC programmer Job Description v2.docx,PLACED,10 Technical & Diligence,False,moved,True
F00145,CaliCat (H2U),2022 H2U Data Room B2/HR/Consultants 2022/PRN Agreement - H2U Technologies_Completed.pdf,COMPANIES/CaliCat (H2U)/10_Technical_and_Diligence/PRN Agreement - H2U Technologies_Completed.pdf,PLACED,10 Technical & Diligence,False,moved,True
F00146,CaliCat (H2U),2022 H2U Data Room B2/HR/Consultants 2022/RE_ Monthly Invoice and Expense report.msg,COMPANIES/CaliCat (H2U)/10_Technical_and_Diligence/RE_ Monthly Invoice and Expense report.msg,PLACED,10 Technical & Diligence,False,moved,True
F00147,CaliCat (H2U),2022 H2U Data Room B2/HR/Consultants 2022/V.Martin.Resume.pdf,COMPANIES/CaliCat (H2U)/10_Technical_and_Diligence/V.Martin.Resume.pdf,PLACED,10 Technical & Diligence,False,moved,True
F00148,CaliCat (H2U),2022 H2U Data Room B2/HR/Consultants 2022/Vincent Martin consulting outine.xlsx,COMPANIES/CaliCat (H2U)/10_Technical_and_Diligence/Vincent Martin consulting outine.xlsx,PLACED,10 Technical & Diligence,False,moved,True
F00149,CaliCat (H2U),2022 H2U Data Room B2/HR/Consultants 2022/Welcome to Cision PR Newswire!.msg,COMPANIES/CaliCat (H2U)/10_Technical_and_Diligence/Welcome to Cision PR Newswire!.msg,PLACED,10 Technical & Diligence,False,moved,True
F00150,CaliCat (H2U),2022 H2U Data Room B2/HR/Consultants 2022/John Gregoire/H2U Consulting Agreement - J Gregoire_JMGsigned.docx,COMPANIES/CaliCat (H2U)/14_Historical_Superseded/H2U Consulting Agreement - J Gregoire_JMGsigned.docx,SUPERSEDED,14 Historical / Superseded,False,moved,True
F00151,CaliCat (H2U),2022 H2U Data Room B2/HR/Consultants 2022/John Gregoire/H2U Consulting Agreement - J Gregoire_JMGsigned.pdf,COMPANIES/CaliCat (H2U)/10_Technical_and_Diligence/H2U Consulting Agreement - J Gregoire_JMGsigned.pdf,PLACED,10 Technical & Diligence,False,moved,True
F00152,CaliCat (H2U),2022 H2U Data Room B2/HR/Consultants 2022/John Gregoire/John Gregoire Amendment to Consulting Agreement.pdf,COMPANIES/CaliCat (H2U)/10_Technical_and_Diligence/John Gregoire Amendment to Consulting Agreement.pdf,PLACED,10 Technical & Diligence,False,moved,True
F00153,CaliCat (H2U),2022 H2U Data Room B2/HR/Consultants 2022/John Gregoire/SOP 1 - 2020 Equity Incentive Plan 2020-11-20 v1.docx,COMPANIES/CaliCat (H2U)/10_Technical_and_Diligence/SOP 1 - 2020 Equity Incentive Plan 2020-11-20 v1.docx,PLACED,10 Technical & Diligence,False,moved,True
F00154,CaliCat (H2U),2022 H2U Data Room B2/HR/Consultants 2022/John Gregoire/SOP 2 -  Stock Option Grant Notice 2020-11-20 v1 (Consultant form).docx,COMPANIES/CaliCat (H2U)/10_Technical_and_Diligence/SOP 2 - Stock Option Grant Notice 2020-11-20 v1 (Consultant form).docx,PLACED,10 Technical & Diligence,True,moved,True
F00155,CaliCat (H2U),2022 H2U Data Room B2/HR/Consultants 2022/John Gregoire/SOP 2 -  Stock Option Grant Notice 2020-11-20 v1-JG.docx,COMPANIES/CaliCat (H2U)/10_Technical_and_Diligence/SOP 2 - Stock Option Grant Notice 2020-11-20 v1-JG.docx,PLACED,10 Technical & Diligence,True,moved,True
F00156,CaliCat (H2U),2022 H2U Data Room B2/HR/Consultants 2022/John Gregoire/SOP 4 - Stock Option Agreement 2020-11-20 v1 -JG.docx,COMPANIES/CaliCat (H2U)/10_Technical_and_Diligence/SOP 4 - Stock Option Agreement 2020-11-20 v1 -JG.docx,PLACED,10 Technical & Diligence,False,moved,True
F00157,CaliCat (H2U),2022 H2U Data Room B2/HR/Consultants 2022/John Gregoire/SOP 4 - Stock Option Agreement 2020-11-20 v1.docx,COMPANIES/CaliCat (H2U)/10_Technical_and_Diligence/SOP 4 - Stock Option Agreement 2020-11-20 v1.docx,PLACED,10 Technical & Diligence,False,moved,True
F00158,CaliCat (H2U),2022 H2U Data Room B2/HR/Consultants 2022/John Gregoire/stock option agreement.pdf,COMPANIES/CaliCat (H2U)/10_Technical_and_Diligence/stock option agreement.pdf,PLACED,10 Technical & Diligence,False,moved,True
F00159,CaliCat (H2U),2022 H2U Data Room B2/HR/Consultants 2022/John Gregoire/stock option grant notice.pdf,COMPANIES/CaliCat (H2U)/10_Technical_and_Diligence/stock option grant notice.pdf,PLACED,10 Technical & Diligence,False,moved,True
F00160,CaliCat (H2U),2022 H2U Data Room B2/HR/Consultants 2022/Next Frontier Search/Fw_ Invoice INV-1028_ 1st Retainer Next Frontier Search for H2U Technologies Director Product Search.msg,COMPANIES/CaliCat (H2U)/10_Technical_and_Diligence/Fw_ Invoice INV-1028_ 1st Retainer Next Frontier Search for H2U Technologies Director Product Search.msg,PLACED,10 Technical & Diligence,False,moved,True
F00161,CaliCat (H2U),2022 H2U Data Room B2/HR/Consultants 2022/Next Frontier Search/NextFrontierSearch_H2U_DirectorProduct_ExecutiveSearchAgreement_v4 counter signed.pdf,COMPANIES/CaliCat (H2U)/10_Technical_and_Diligence/NextFrontierSearch_H2U_DirectorProduct_ExecutiveSearchAgreement_v4 counter signed.pdf,PLACED,10 Technical & Diligence,False,moved,True
F00162,CaliCat (H2U),2022 H2U Data Room B2/HR/Consultants 2022/Next Frontier Search/W9_AndrewGoldberg_NextFrontierSearch_H2U.pdf,COMPANIES/CaliCat (H2U)/10_Technical_and_Diligence/W9_AndrewGoldberg_NextFrontierSearch_H2U.pdf,PLACED,10 Technical & Diligence,False,moved,True
F00163,CaliCat (H2U),2022 H2U Data Room B2/HR/Consultants 2022/Reynold Lewke/2500 payment for outside firms.pdf,COMPANIES/CaliCat (H2U)/10_Technical_and_Diligence/2500 payment for outside firms.pdf,PLACED,10 Technical & Diligence,False,moved,True
F00164,CaliCat (H2U),2022 H2U Data Room B2/HR/Consultants 2022/Reynold Lewke/H2U Technologies - Invoices[199].xls,COMPANIES/CaliCat (H2U)/10_Technical_and_Diligence/H2U Technologies - Invoices[199].xls,PLACED,10 Technical & Diligence,False,moved,True
F00165,CaliCat (H2U),2022 H2U Data Room B2/HR/Consultants 2022/Reynold Lewke/H2U-ReynoldLewkecomLLC consulting agmt fully signed 11-2020.pdf,COMPANIES/CaliCat (H2U)/10_Technical_and_Diligence/H2U-ReynoldLewkecomLLC consulting agmt fully signed 11-2020.pdf,PLACED,10 Technical & Diligence,False,moved,True
F00166,CaliCat (H2U),2022 H2U Data Room B2/HR/Consultants 2022/Reynold Lewke/H2U-ReynoldLewkecomLLC consulting signed 11-16-2020 final.pdf,COMPANIES/CaliCat (H2U)/10_Technical_and_Diligence/H2U-ReynoldLewkecomLLC consulting signed 11-16-2020 final.pdf,PLACED,10 Technical & Diligence,False,moved,True
F00167,CaliCat (H2U),2022 H2U Data Room B2/HR/Consultants 2022/Reynold Lewke/Kelly Direct Hired signed.pdf,COMPANIES/CaliCat (H2U)/10_Technical_and_Diligence/Kelly Direct Hired signed.pdf,PLACED,10 Technical & Diligence,False,moved,True
F00168,CaliCat (H2U),2022 H2U Data Room B2/HR/Consultants 2022/Reynold Lewke/LinkedIn Job charges 1-21-2022.pdf,COMPANIES/CaliCat (H2U)/10_Technical_and_Diligence/LinkedIn Job charges 1-21-2022.pdf,PLACED,10 Technical & Diligence,False,moved,True
F00169,CaliCat (H2U),2022 H2U Data Room B2/HR/Consultants 2023/H2U Technologies Extension #1 - signed 1-27-2023.pdf,COMPANIES/CaliCat (H2U)/10_Technical_and_Diligence/H2U Technologies Extension _1 - signed 1-27-2023.pdf,PLACED,10 Technical & Diligence,True,moved,True
F00170,CaliCat (H2U),2022 H2U Data Room B2/HR/Consultants 2023/Samuel Stephen contract.PDF,COMPANIES/CaliCat (H2U)/10_Technical_and_Diligence/Samuel Stephen contract.PDF,PLACED,10 Technical & Diligence,False,moved,True
F00171,CaliCat (H2U),2022 H2U Data Room B2/HR/Consultants 2023/Short Form Consulting Agreement Samuel Stephen.doc,COMPANIES/CaliCat (H2U)/10_Technical_and_Diligence/Short Form Consulting Agreement Samuel Stephen.doc,PLACED,10 Technical & Diligence,False,moved,True
F00172,CaliCat (H2U),2022 H2U Data Room B2/HR/Consultants 2023/Emergent Data/Emergent Data - Payment Instructions-CONFIDENTIAL.pdf,COMPANIES/CaliCat (H2U)/10_Technical_and_Diligence/Emergent Data - Payment Instructions-CONFIDENTIAL.pdf,PLACED,10 Technical & Diligence,False,moved,True
F00173,CaliCat (H2U),2022 H2U Data Room B2/HR/Consultants 2023/Emergent Data/agreement_ed_h2u_230307 - fg - sw signed.pdf,COMPANIES/CaliCat (H2U)/10_Technical_and_Diligence/agreement_ed_h2u_230307 - fg - sw signed.pdf,PLACED,10 Technical & Diligence,False,moved,True
F00174,CaliCat (H2U),2022 H2U Data Room B2/HR/Consultants 2023/Emergent Data/retainer_request_ed_h2u_draft_v1- sw signed.pdf,COMPANIES/CaliCat (H2U)/10_Technical_and_Diligence/retainer_request_ed_h2u_draft_v1- sw signed.pdf,PLACED,10 Technical & Diligence,False,moved,True
F00175,CaliCat (H2U),"2022 H2U Data Room B2/HR/Consultants 2023/Emergent Data/sow_ed_h2u_230307 - fg, sw signed.pdf","COMPANIES/CaliCat (H2U)/10_Technical_and_Diligence/sow_ed_h2u_230307 - fg, sw signed.pdf",PLACED,10 Technical & Diligence,False,moved,True
F00176,CaliCat (H2U),"2022 H2U Data Room B2/HR/Contractors 2022/Attachment 1 - Price Schedule, Rev 0.pdf","COMPANIES/CaliCat (H2U)/09_Commercial_and_Customers/Attachment 1 - Price Schedule, Rev 0.pdf",PLACED,09 Commercial & Customers,False,moved,True
F00177,CaliCat (H2U),2022 H2U Data Room B2/HR/Contractors 2022/Confidentiality Agreement AECLP vJune2022 CL.docx,COMPANIES/CaliCat (H2U)/09_Commercial_and_Customers/Confidentiality Agreement AECLP vJune2022 CL.docx,PLACED,09 Commercial & Customers,False,moved,True
F00178,CaliCat (H2U),2022 H2U Data Room B2/HR/Contractors 2022/Confidentiality Agreement AECLP vJune2022 CL.docx.pdf,COMPANIES/CaliCat (H2U)/09_Commercial_and_Customers/Confidentiality Agreement AECLP vJune2022 CL.docx.pdf,PLACED,09 Commercial & Customers,False,moved,True
F00179,CaliCat (H2U),2022 H2U Data Room B2/HR/Contractors 2022/Confidentiality Agreement AECLP vJune2022.docx,COMPANIES/CaliCat (H2U)/09_Commercial_and_Customers/Confidentiality Agreement AECLP vJune2022.docx,PLACED,09 Commercial & Customers,False,moved,True
F00180,CaliCat (H2U),2022 H2U Data Room B2/HR/Contractors 2022/MSA - AECLP v14Dec2020 (Seller) (Eng & Procurement Services).docx,COMPANIES/CaliCat (H2U)/09_Commercial_and_Customers/MSA - AECLP v14Dec2020 (Seller) (Eng & Procurement Services).docx,PLACED,09 Commercial & Customers,False,moved,True
F00181,CaliCat (H2U),2022 H2U Data Room B2/HR/Employees/Offer letters/220119 Charlie Lin Offer Letter - Charlie Lin.pdf,COMPANIES/CaliCat (H2U)/10_Technical_and_Diligence/220119 Charlie Lin Offer Letter - Charlie Lin.pdf,PLACED,10 Technical & Diligence,False,moved,True
F00182,CaliCat (H2U),2022 H2U Data Room B2/HR/Employees/Offer letters/Andrew Liotta Offer Letter AL SW Executed 7-15-2022.pdf,COMPANIES/CaliCat (H2U)/10_Technical_and_Diligence/Andrew Liotta Offer Letter AL SW Executed 7-15-2022.pdf,PLACED,10 Technical & Diligence,False,moved,True
F00183,CaliCat (H2U),2022 H2U Data Room B2/HR/Employees/Offer letters/Angela Fuller -offer letter.pdf,COMPANIES/CaliCat (H2U)/10_Technical_and_Diligence/Angela Fuller -offer letter.pdf,PLACED,10 Technical & Diligence,False,moved,True
F00184,CaliCat (H2U),2022 H2U Data Room B2/HR/Employees/Offer letters/CG New Signed Offer Letter - Copy.pdf,COMPANIES/CaliCat (H2U)/14_Historical_Superseded/CG New Signed Offer Letter - Copy.pdf,SUPERSEDED,14 Historical / Superseded,False,moved,True
F00185,CaliCat (H2U),2022 H2U Data Room B2/HR/Employees/Offer letters/CG New Signed Offer Letter.pdf,COMPANIES/CaliCat (H2U)/10_Technical_and_Diligence/CG New Signed Offer Letter.pdf,PLACED,10 Technical & Diligence,False,moved,True
F00186,CaliCat (H2U),2022 H2U Data Room B2/HR/Employees/Offer letters/Fully Executed Offer Letter - David Martin - Copy.pdf,COMPANIES/CaliCat (H2U)/10_Technical_and_Diligence/Fully Executed Offer Letter - David Martin - Copy.pdf,PLACED,10 Technical & Diligence,False,moved,True
F00187,CaliCat (H2U),2022 H2U Data Room B2/HR/Employees/Offer letters/Horie Adabi - Offer Letter - final signed - Copy.pdf,COMPANIES/CaliCat (H2U)/14_Historical_Superseded/Horie Adabi - Offer Letter - final signed - Copy.pdf,SUPERSEDED,14 Historical / Superseded,False,moved,True
F00188,CaliCat (H2U),2022 H2U Data Room B2/HR/Employees/Offer letters/Horie Adabi - Offer Letter - final signed.pdf,COMPANIES/CaliCat (H2U)/10_Technical_and_Diligence/Horie Adabi - Offer Letter - final signed.pdf,PLACED,10 Technical & Diligence,False,moved,True
F00189,CaliCat (H2U),2022 H2U Data Room B2/HR/Employees/Offer letters/Horie Adabi-CV.pdf,COMPANIES/CaliCat (H2U)/10_Technical_and_Diligence/Horie Adabi-CV.pdf,PLACED,10 Technical & Diligence,False,moved,True
F00190,CaliCat (H2U),2022 H2U Data Room B2/HR/Employees/Offer letters/JD - Senior Electrolyzer Component Fabrication Engineer.docx,COMPANIES/CaliCat (H2U)/10_Technical_and_Diligence/JD - Senior Electrolyzer Component Fabrication Engineer.docx,PLACED,10 Technical & Diligence,False,moved,True
F00191,CaliCat (H2U),2022 H2U Data Room B2/HR/Employees/Offer letters/Jacob Kanady- Offer Letter - JSK and SCW signed - Copy.pdf,COMPANIES/CaliCat (H2U)/14_Historical_Superseded/Jacob Kanady- Offer Letter - JSK and SCW signed - Copy.pdf,SUPERSEDED,14 Historical / Superseded,False,moved,True
F00192,CaliCat (H2U),2022 H2U Data Room B2/HR/Employees/Offer letters/Jacob Kanady- Offer Letter - JSK and SCW signed.pdf,COMPANIES/CaliCat (H2U)/10_Technical_and_Diligence/Jacob Kanady- Offer Letter - JSK and SCW signed.pdf,PLACED,10 Technical & Diligence,False,moved,True
F00193,CaliCat (H2U),2022 H2U Data Room B2/HR/Employees/Offer letters/John A -Offer Letter - Copy.pdf,COMPANIES/CaliCat (H2U)/14_Historical_Superseded/John A -Offer Letter - Copy.pdf,SUPERSEDED,14 Historical / Superseded,False,moved,True
F00194,CaliCat (H2U),2022 H2U Data Room B2/HR/Employees/Offer letters/John A -Offer Letter.pdf,COMPANIES/CaliCat (H2U)/10_Technical_and_Diligence/John A -Offer Letter.pdf,PLACED,10 Technical & Diligence,False,moved,True
F00195,CaliCat (H2U),2022 H2U Data Room B2/HR/Employees/Offer letters/Jun Wang Offer Letter_signed.pdf,COMPANIES/CaliCat (H2U)/10_Technical_and_Diligence/Jun Wang Offer Letter_signed.pdf,PLACED,10 Technical & Diligence,False,moved,True
F00196,CaliCat (H2U),2022 H2U Data Room B2/HR/Employees/Offer letters/Katherine Rinaldi-Director Gov Affairs - Offer Letter Signed.pdf,COMPANIES/CaliCat (H2U)/10_Technical_and_Diligence/Katherine Rinaldi-Director Gov Affairs - Offer Letter Signed.pdf,PLACED,10 Technical & Diligence,False,moved,True
F00197,CaliCat (H2U),2022 H2U Data Room B2/HR/Employees/Offer letters/Odin - Offer Letter - final signed - Copy.pdf,COMPANIES/CaliCat (H2U)/14_Historical_Superseded/Odin - Offer Letter - final signed - Copy.pdf,SUPERSEDED,14 Historical / Superseded,False,moved,True
F00198,CaliCat (H2U),2022 H2U Data Room B2/HR/Employees/Offer letters/Odin - Offer Letter - final signed.pdf,COMPANIES/CaliCat (H2U)/10_Technical_and_Diligence/Odin - Offer Letter - final signed.pdf,PLACED,10 Technical & Diligence,False,moved,True
F00199,CaliCat (H2U),2022 H2U Data Room B2/HR/Employees/Offer letters/arvin sookezian -offer letter.pdf,COMPANIES/CaliCat (H2U)/10_Technical_and_Diligence/arvin sookezian -offer letter.pdf,PLACED,10 Technical & Diligence,False,moved,True
F00200,CaliCat (H2U),2022 H2U Data Room B2/HR/Employees/Offer letters/kat rinaldi - offer letter.pdf,COMPANIES/CaliCat (H2U)/10_Technical_and_Diligence/kat rinaldi - offer letter.pdf,PLACED,10 Technical & Diligence,False,moved,True
F00201,CaliCat (H2U),2022 H2U Data Room B2/HR/Employees/Offer letters/mark mcgough - offer letter.pdf,COMPANIES/CaliCat (H2U)/10_Technical_and_Diligence/mark mcgough - offer letter.pdf,PLACED,10 Technical & Diligence,False,moved,True
F00202,CaliCat (H2U),2022 H2U Data Room B2/HR/Employees/Offer letters/michael lichterman -offer letter.pdf,COMPANIES/CaliCat (H2U)/10_Technical_and_Diligence/michael lichterman -offer letter.pdf,PLACED,10 Technical & Diligence,False,moved,True
F00203,CaliCat (H2U),2022 H2U Data Room B2/HR/Employees/Offer letters/michael mazza - offer letter.pdf,COMPANIES/CaliCat (H2U)/10_Technical_and_Diligence/michael mazza - offer letter.pdf,PLACED,10 Technical & Diligence,False,moved,True
F00204,CaliCat (H2U),2022 H2U Data Room B2/HR/Employees/Offer letters/steve w - offer letter.pdf,COMPANIES/CaliCat (H2U)/10_Technical_and_Diligence/steve w - offer letter.pdf,PLACED,10 Technical & Diligence,False,moved,True
F00205,CaliCat (H2U),2022 H2U Data Room B2/HR/Employees/Offer letters/steven jaffe lewis -offer letter.pdf,COMPANIES/CaliCat (H2U)/10_Technical_and_Diligence/steven jaffe lewis -offer letter.pdf,PLACED,10 Technical & Diligence,False,moved,True
F00206,CaliCat (H2U),2022 H2U Data Room B2/HR/Employees/Offer letters/David Martin/Fully Executed Offer Letter - David Martin.pdf,COMPANIES/CaliCat (H2U)/10_Technical_and_Diligence/Fully Executed Offer Letter - David Martin.pdf,PLACED,10 Technical & Diligence,False,moved,True
F00207,CaliCat (H2U),2022 H2U Data Room B2/HR/Employees/Offer letters/David Martin/Offer Letter - Att. A - Confidentiality Agt_drm signed.pdf,COMPANIES/CaliCat (H2U)/10_Technical_and_Diligence/Offer Letter - Att. A - Confidentiality Agt_drm signed.pdf,PLACED,10 Technical & Diligence,False,moved,True
F00208,CaliCat (H2U),2022 H2U Data Room B2/HR/Employees/Offer letters/Jian Jin/Offer Letter (form) 2020-10-20 v4 Jian Jin.docx,COMPANIES/CaliCat (H2U)/14_Historical_Superseded/Offer Letter (form) 2020-10-20 v4 Jian Jin.docx,SUPERSEDED,14 Historical / Superseded,False,moved,True
F00209,CaliCat (H2U),2022 H2U Data Room B2/HR/Employees/Offer letters/Jian Jin/Offer Letter (form) 2020-10-20 v4 Jian Jin.pdf,COMPANIES/CaliCat (H2U)/14_Historical_Superseded/Offer Letter (form) 2020-10-20 v4 Jian Jin.pdf,SUPERSEDED,14 Historical / Superseded,False,moved,True
F00210,CaliCat (H2U),2022 H2U Data Room B2/HR/Employees/Offer letters/Jian Jin/Offer Letter (form) 2020-10-28 v4 Jian Jin.pdf,COMPANIES/CaliCat (H2U)/10_Technical_and_Diligence/Offer Letter (form) 2020-10-28 v4 Jian Jin.pdf,PLACED,10 Technical & Diligence,False,moved,True
F00211,CaliCat (H2U),2022 H2U Data Room B2/HR/Employees/Offer letters/Jian Jin/Offer Letter - Att. A - Confidentiality Agt. 2020-10-05 v1 (Caltech).pdf,COMPANIES/CaliCat (H2U)/10_Technical_and_Diligence/Offer Letter - Att. A - Confidentiality Agt. 2020-10-05 v1 (Caltech).pdf,PLACED,10 Technical & Diligence,False,moved,True
F00212,CaliCat (H2U),2022 H2U Data Room B2/HR/Employees/Offer letters/Jian Jin/Offer Letter - Att. A - Exh A for signing.pdf,COMPANIES/CaliCat (H2U)/10_Technical_and_Diligence/Offer Letter - Att. A - Exh A for signing.pdf,PLACED,10 Technical & Diligence,False,moved,True
F00213,CaliCat (H2U),2022 H2U Data Room B2/HR/Employees/Offer letters/Jian Jin/jian jin Att A Exh A signed.pdf,COMPANIES/CaliCat (H2U)/10_Technical_and_Diligence/jian jin Att A Exh A signed.pdf,PLACED,10 Technical & Diligence,False,moved,True
F00214,CaliCat (H2U),2022 H2U Data Room B2/HR/Employees/Offer letters/Jian Jin/jian jin Att A page-12 signed.pdf,COMPANIES/CaliCat (H2U)/10_Technical_and_Diligence/jian jin Att A page-12 signed.pdf,PLACED,10 Technical & Diligence,False,moved,True
F00215,CaliCat (H2U),2022 H2U Data Room B2/HR/Employees/Offer letters/Jian Jin/jian jin NDA page-1 2.pdf,COMPANIES/CaliCat (H2U)/10_Technical_and_Diligence/jian jin NDA page-1 2.pdf,PLACED,10 Technical & Diligence,False,moved,True
F00216,CaliCat (H2U),2022 H2U Data Room B2/HR/Employees/Offer letters/Jian Jin/jian jin NDA page-1.pdf,COMPANIES/CaliCat (H2U)/10_Technical_and_Diligence/jian jin NDA page-1.pdf,PLACED,10 Technical & Diligence,False,moved,True
F00217,CaliCat (H2U),2022 H2U Data Room B2/HR/Employees/Offer letters/Jian Jin/jian jin NDA page-3 2 signed JD and JJ.pdf,COMPANIES/CaliCat (H2U)/10_Technical_and_Diligence/jian jin NDA page-3 2 signed JD and JJ.pdf,PLACED,10 Technical & Diligence,False,moved,True
F00218,CaliCat (H2U),2022 H2U Data Room B2/HR/Employees/Offer letters/Jian Jin/jian jin offer letter signed by JD and JJ.pdf,COMPANIES/CaliCat (H2U)/10_Technical_and_Diligence/jian jin offer letter signed by JD and JJ.pdf,PLACED,10 Technical & Diligence,False,moved,True
F00219,CaliCat (H2U),2022 H2U Data Room B2/HR/OL 2022/220119 Charlie Lin Offer Letter - Charlie Lin.pdf,COMPANIES/CaliCat (H2U)/10_Technical_and_Diligence/220119 Charlie Lin Offer Letter - Charlie Lin__F00219.pdf,PLACED,10 Technical & Diligence,False,moved,True
F00220,CaliCat (H2U),2022 H2U Data Room B2/HR/OL 2022/Angela Fuller -offer letter.pdf,COMPANIES/CaliCat (H2U)/10_Technical_and_Diligence/Angela Fuller -offer letter__F00220.pdf,PLACED,10 Technical & Diligence,False,moved,True
F00221,CaliCat (H2U),2022 H2U Data Room B2/HR/OL 2022/CG New Signed Offer Letter - Copy.pdf,COMPANIES/CaliCat (H2U)/10_Technical_and_Diligence/CG New Signed Offer Letter - Copy.pdf,PLACED,10 Technical & Diligence,False,moved,True
F00222,CaliCat (H2U),2022 H2U Data Room B2/HR/OL 2022/Fully Executed Offer Letter - David Martin - Copy.pdf,COMPANIES/CaliCat (H2U)/10_Technical_and_Diligence/Fully Executed Offer Letter - David Martin - Copy__F00222.pdf,PLACED,10 Technical & Diligence,False,moved,True
F00223,CaliCat (H2U),2022 H2U Data Room B2/HR/OL 2022/Horie Adabi - Offer Letter - final signed - Copy.pdf,COMPANIES/CaliCat (H2U)/10_Technical_and_Diligence/Horie Adabi - Offer Letter - final signed - Copy.pdf,PLACED,10 Technical & Diligence,False,moved,True
F00224,CaliCat (H2U),2022 H2U Data Room B2/HR/OL 2022/Jacob Kanady- Offer Letter - JSK and SCW signed - Copy.pdf,COMPANIES/CaliCat (H2U)/10_Technical_and_Diligence/Jacob Kanady- Offer Letter - JSK and SCW signed - Copy.pdf,PLACED,10 Technical & Diligence,False,moved,True
F00225,CaliCat (H2U),2022 H2U Data Room B2/HR/OL 2022/John A -Offer Letter - Copy.pdf,COMPANIES/CaliCat (H2U)/10_Technical_and_Diligence/John A -Offer Letter - Copy.pdf,PLACED,10 Technical & Diligence,False,moved,True
F00226,CaliCat (H2U),2022 H2U Data Room B2/HR/OL 2022/Jun Wang Offer Letter_signed.pdf,COMPANIES/CaliCat (H2U)/10_Technical_and_Diligence/Jun Wang Offer Letter_signed__F00226.pdf,PLACED,10 Technical & Diligence,False,moved,True
F00227,CaliCat (H2U),2022 H2U Data Room B2/HR/OL 2022/Odin - Offer Letter - final signed - Copy.pdf,COMPANIES/CaliCat (H2U)/10_Technical_and_Diligence/Odin - Offer Letter - final signed - Copy.pdf,PLACED,10 Technical & Diligence,False,moved,True
F00228,CaliCat (H2U),2022 H2U Data Room B2/HR/OL 2022/arvin sookezian -offer letter.pdf,COMPANIES/CaliCat (H2U)/10_Technical_and_Diligence/arvin sookezian -offer letter__F00228.pdf,PLACED,10 Technical & Diligence,False,moved,True
F00229,CaliCat (H2U),2022 H2U Data Room B2/HR/OL 2022/kat rinaldi - offer letter.pdf,COMPANIES/CaliCat (H2U)/10_Technical_and_Diligence/kat rinaldi - offer letter__F00229.pdf,PLACED,10 Technical & Diligence,False,moved,True
F00230,CaliCat (H2U),2022 H2U Data Room B2/HR/OL 2022/mark mcgough - offer letter.pdf,COMPANIES/CaliCat (H2U)/10_Technical_and_Diligence/mark mcgough - offer letter__F00230.pdf,PLACED,10 Technical & Diligence,False,moved,True
F00231,CaliCat (H2U),2022 H2U Data Room B2/HR/OL 2022/michael lichterman -offer letter.pdf,COMPANIES/CaliCat (H2U)/10_Technical_and_Diligence/michael lichterman -offer letter__F00231.pdf,PLACED,10 Technical & Diligence,False,moved,True
F00232,CaliCat (H2U),2022 H2U Data Room B2/HR/OL 2022/michael mazza - offer letter.pdf,COMPANIES/CaliCat (H2U)/10_Technical_and_Diligence/michael mazza - offer letter__F00232.pdf,PLACED,10 Technical & Diligence,False,moved,True
F00233,CaliCat (H2U),2022 H2U Data Room B2/HR/OL 2022/steve w - offer letter.pdf,COMPANIES/CaliCat (H2U)/10_Technical_and_Diligence/steve w - offer letter__F00233.pdf,PLACED,10 Technical & Diligence,False,moved,True
F00234,CaliCat (H2U),2022 H2U Data Room B2/HR/OL 2022/steven jaffe lewis -offer letter.pdf,COMPANIES/CaliCat (H2U)/10_Technical_and_Diligence/steven jaffe lewis -offer letter__F00234.pdf,PLACED,10 Technical & Diligence,False,moved,True
F00235,CaliCat (H2U),2022 H2U Data Room B2/HR/OL 2022/Jian Jin/Offer Letter (form) 2020-10-20 v4 Jian Jin.docx,COMPANIES/CaliCat (H2U)/14_Historical_Superseded/Offer Letter (form) 2020-10-20 v4 Jian Jin__F00235.docx,SUPERSEDED,14 Historical / Superseded,False,moved,True
F00236,CaliCat (H2U),2022 H2U Data Room B2/HR/OL 2022/Jian Jin/Offer Letter (form) 2020-10-20 v4 Jian Jin.pdf,COMPANIES/CaliCat (H2U)/14_Historical_Superseded/Offer Letter (form) 2020-10-20 v4 Jian Jin__F00236.pdf,SUPERSEDED,14 Historical / Superseded,False,moved,True
F00237,CaliCat (H2U),2022 H2U Data Room B2/HR/OL 2022/Jian Jin/Offer Letter (form) 2020-10-28 v4 Jian Jin.pdf,COMPANIES/CaliCat (H2U)/10_Technical_and_Diligence/Offer Letter (form) 2020-10-28 v4 Jian Jin__F00237.pdf,PLACED,10 Technical & Diligence,False,moved,True
F00238,CaliCat (H2U),2022 H2U Data Room B2/HR/OL 2022/Jian Jin/Offer Letter - Att. A - Confidentiality Agt. 2020-10-05 v1 (Caltech).pdf,COMPANIES/CaliCat (H2U)/10_Technical_and_Diligence/Offer Letter - Att. A - Confidentiality Agt. 2020-10-05 v1 (Caltech)__F00238.pdf,PLACED,10 Technical & Diligence,False,moved,True
F00239,CaliCat (H2U),2022 H2U Data Room B2/HR/OL 2022/Jian Jin/Offer Letter - Att. A - Exh A for signing.pdf,COMPANIES/CaliCat (H2U)/10_Technical_and_Diligence/Offer Letter - Att. A - Exh A for signing__F00239.pdf,PLACED,10 Technical & Diligence,False,moved,True
F00240,CaliCat (H2U),"2022 H2U Data Room B2/HR/OL 2022/Jian Jin/comp incr, promotion to VP.pdf","COMPANIES/CaliCat (H2U)/10_Technical_and_Diligence/comp incr, promotion to VP.pdf",PLACED,10 Technical & Diligence,False,moved,True
F00241,CaliCat (H2U),2022 H2U Data Room B2/HR/OL 2022/Jian Jin/jian jin Att A Exh A signed.pdf,COMPANIES/CaliCat (H2U)/10_Technical_and_Diligence/jian jin Att A Exh A signed__F00241.pdf,PLACED,10 Technical & Diligence,False,moved,True
F00242,CaliCat (H2U),2022 H2U Data Room B2/HR/OL 2022/Jian Jin/jian jin Att A page-12 signed.pdf,COMPANIES/CaliCat (H2U)/10_Technical_and_Diligence/jian jin Att A page-12 signed__F00242.pdf,PLACED,10 Technical & Diligence,False,moved,True
F00243,CaliCat (H2U),2022 H2U Data Room B2/HR/OL 2022/Jian Jin/jian jin NDA page-1 2.pdf,COMPANIES/CaliCat (H2U)/10_Technical_and_Diligence/jian jin NDA page-1 2__F00243.pdf,PLACED,10 Technical & Diligence,False,moved,True
F00244,CaliCat (H2U),2022 H2U Data Room B2/HR/OL 2022/Jian Jin/jian jin NDA page-1.pdf,COMPANIES/CaliCat (H2U)/10_Technical_and_Diligence/jian jin NDA page-1__F00244.pdf,PLACED,10 Technical & Diligence,False,moved,True
F00245,CaliCat (H2U),2022 H2U Data Room B2/HR/OL 2022/Jian Jin/jian jin NDA page-3 2 signed JD and JJ.pdf,COMPANIES/CaliCat (H2U)/10_Technical_and_Diligence/jian jin NDA page-3 2 signed JD and JJ__F00245.pdf,PLACED,10 Technical & Diligence,False,moved,True
F00246,CaliCat (H2U),2022 H2U Data Room B2/HR/OL 2022/Jian Jin/jian jin offer letter signed by JD and JJ.pdf,COMPANIES/CaliCat (H2U)/10_Technical_and_Diligence/jian jin offer letter signed by JD and JJ__F00246.pdf,PLACED,10 Technical & Diligence,False,moved,True
F00247,CaliCat (H2U),2022 H2U Data Room B2/HR/OL 2023/Offer Letter - Liviu Cosacescu- FINAL FINAL LC signed.pdf,COMPANIES/CaliCat (H2U)/10_Technical_and_Diligence/Offer Letter - Liviu Cosacescu- FINAL FINAL LC signed.pdf,PLACED,10 Technical & Diligence,False,moved,True
F00248,CaliCat (H2U),2022 H2U Data Room B2/HR/OL 2023/Signed Offer Letter Rutu.pdf,COMPANIES/CaliCat (H2U)/10_Technical_and_Diligence/Signed Offer Letter Rutu.pdf,PLACED,10 Technical & Diligence,False,moved,True
F00249,CaliCat (H2U),2022 H2U Data Room B2/HR/Ol 2022 A/Andrew Liotta Offer Letter AL SW Executed 7-15-2022.pdf,COMPANIES/CaliCat (H2U)/10_Technical_and_Diligence/Andrew Liotta Offer Letter AL SW Executed 7-15-2022__F00249.pdf,PLACED,10 Technical & Diligence,False,moved,True
F00250,CaliCat (H2U),2022 H2U Data Room B2/HR/Ol 2022 A/Andrew_Liotta_Resume.pdf,COMPANIES/CaliCat (H2U)/10_Technical_and_Diligence/Andrew_Liotta_Resume.pdf,PLACED,10 Technical & Diligence,False,moved,True
F00251,CaliCat (H2U),2022 H2U Data Room B2/HR/Ol 2022 A/Applications Engineer Job Description v1 - Copy.docx,COMPANIES/CaliCat (H2U)/10_Technical_and_Diligence/Applications Engineer Job Description v1 - Copy.docx,PLACED,10 Technical & Diligence,False,moved,True
F00252,CaliCat (H2U),2022 H2U Data Room B2/HR/Ol 2022 A/CG New Signed Offer Letter.pdf,COMPANIES/CaliCat (H2U)/10_Technical_and_Diligence/CG New Signed Offer Letter__F00252.pdf,PLACED,10 Technical & Diligence,False,moved,True
F00253,CaliCat (H2U),2022 H2U Data Room B2/HR/Ol 2022 A/Cherish G. - Agenda for 4-29-22.docx,COMPANIES/CaliCat (H2U)/10_Technical_and_Diligence/Cherish G. - Agenda for 4-29-22.docx,PLACED,10 Technical & Diligence,False,moved,True
F00254,CaliCat (H2U),2022 H2U Data Room B2/HR/Ol 2022 A/Cherish Giovinazzo Resume.pdf,COMPANIES/CaliCat (H2U)/10_Technical_and_Diligence/Cherish Giovinazzo Resume.pdf,PLACED,10 Technical & Diligence,False,moved,True
F00255,CaliCat (H2U),"2022 H2U Data Room B2/HR/Ol 2022 A/H2U Job Specification - Business Development Head, rev 1.docx","COMPANIES/CaliCat (H2U)/10_Technical_and_Diligence/H2U Job Specification - Business Development Head, rev 1.docx",PLACED,10 Technical & Diligence,False,moved,True
F00256,CaliCat (H2U),2022 H2U Data Room B2/HR/Ol 2022 A/Horie Adabi - Offer Letter - final signed.pdf,COMPANIES/CaliCat (H2U)/10_Technical_and_Diligence/Horie Adabi - Offer Letter - final signed__F00256.pdf,PLACED,10 Technical & Diligence,False,moved,True
F00257,CaliCat (H2U),2022 H2U Data Room B2/HR/Ol 2022 A/Horie Adabi-CV.pdf,COMPANIES/CaliCat (H2U)/10_Technical_and_Diligence/Horie Adabi-CV__F00257.pdf,PLACED,10 Technical & Diligence,False,moved,True
F00258,CaliCat (H2U),2022 H2U Data Room B2/HR/Ol 2022 A/JD - Senior Electrolyzer Component Fabrication Engineer.docx,COMPANIES/CaliCat (H2U)/10_Technical_and_Diligence/JD - Senior Electrolyzer Component Fabrication Engineer__F00258.docx,PLACED,10 Technical & Diligence,False,moved,True
F00259,CaliCat (H2U),2022 H2U Data Room B2/HR/Ol 2022 A/Jacob Kanady- Offer Letter - JSK and SCW signed.pdf,COMPANIES/CaliCat (H2U)/10_Technical_and_Diligence/Jacob Kanady- Offer Letter - JSK and SCW signed__F00259.pdf,PLACED,10 Technical & Diligence,False,moved,True
F00260,CaliCat (H2U),2022 H2U Data Room B2/HR/Ol 2022 A/John A -Offer Letter.pdf,COMPANIES/CaliCat (H2U)/10_Technical_and_Diligence/John A -Offer Letter__F00260.pdf,PLACED,10 Technical & Diligence,False,moved,True
F00261,CaliCat (H2U),2022 H2U Data Room B2/HR/Ol 2022 A/Katherine Rinaldi-Director Gov Affairs - Offer Letter Signed.pdf,COMPANIES/CaliCat (H2U)/10_Technical_and_Diligence/Katherine Rinaldi-Director Gov Affairs - Offer Letter Signed__F00261.pdf,PLACED,10 Technical & Diligence,False,moved,True
F00262,CaliCat (H2U),2022 H2U Data Room B2/HR/Ol 2022 A/Odin - Offer Letter - final signed.pdf,COMPANIES/CaliCat (H2U)/10_Technical_and_Diligence/Odin - Offer Letter - final signed__F00262.pdf,PLACED,10 Technical & Diligence,False,moved,True
F00263,CaliCat (H2U),2022 H2U Data Room B2/HR/Ol 2022 A/Offer Letter - Rutu Sarangi - FINAL.docx,COMPANIES/CaliCat (H2U)/10_Technical_and_Diligence/Offer Letter - Rutu Sarangi - FINAL.docx,PLACED,10 Technical & Diligence,False,moved,True
F00264,CaliCat (H2U),2022 H2U Data Room B2/HR/Ol 2022 A/Vincent Martin Offer Letter.docx,COMPANIES/CaliCat (H2U)/10_Technical_and_Diligence/Vincent Martin Offer Letter.docx,PLACED,10 Technical & Diligence,False,moved,True
F00265,CaliCat (H2U),2022 H2U Data Room B2/HR/Ol 2022 A/David Martin/Fully Executed Offer Letter - David Martin.pdf,COMPANIES/CaliCat (H2U)/10_Technical_and_Diligence/Fully Executed Offer Letter - David Martin__F00265.pdf,PLACED,10 Technical & Diligence,False,moved,True
F00266,CaliCat (H2U),2022 H2U Data Room B2/HR/Ol 2022 A/David Martin/Offer Letter - Att. A - Confidentiality Agt_drm signed.pdf,COMPANIES/CaliCat (H2U)/10_Technical_and_Diligence/Offer Letter - Att. A - Confidentiality Agt_drm signed__F00266.pdf,PLACED,10 Technical & Diligence,False,moved,True
F00267,CaliCat (H2U),2022 H2U Data Room B2/HR/Seperation/JJ/Clearflow receipt.pdf,COMPANIES/CaliCat (H2U)/10_Technical_and_Diligence/Clearflow receipt.pdf,PLACED,10 Technical & Diligence,False,moved,True
F00268,CaliCat (H2U),2022 H2U Data Room B2/HR/Seperation/JJ/H2U Technologies - JJ Separation Agreement.docx,COMPANIES/CaliCat (H2U)/10_Technical_and_Diligence/H2U Technologies - JJ Separation Agreement.docx,PLACED,10 Technical & Diligence,False,moved,True
F00269,CaliCat (H2U),2022 H2U Data Room B2/HR/Seperation/JJ/JJ & Clearflow signoff.PDF,COMPANIES/CaliCat (H2U)/10_Technical_and_Diligence/JJ & Clearflow signoff.PDF,PLACED,10 Technical & Diligence,False,moved,True
F00270,CaliCat (H2U),2022 H2U Data Room B2/HR/Seperation/JJ/JJ receipt1.pdf,COMPANIES/CaliCat (H2U)/10_Technical_and_Diligence/JJ receipt1.pdf,PLACED,10 Technical & Diligence,False,moved,True
F00271,CaliCat (H2U),2022 H2U Data Room B2/HR/Seperation/JJ/JJ's severance.xlsx,COMPANIES/CaliCat (H2U)/10_Technical_and_Diligence/JJ's severance.xlsx,PLACED,10 Technical & Diligence,False,moved,True
F00272,CaliCat (H2U),2022 H2U Data Room B2/HR/Seperation/JJ/Re_ Draft separation agreement for review only.msg,COMPANIES/CaliCat (H2U)/10_Technical_and_Diligence/Re_ Draft separation agreement for review only.msg,PLACED,10 Technical & Diligence,False,moved,True
F00273,CaliCat (H2U),2022 H2U Data Room B2/HR/Seperation/JJ/Re_ shares $40200 ck# 1084.msg,COMPANIES/CaliCat (H2U)/10_Technical_and_Diligence/Re_ shares $40200 ck_ 1084.msg,PLACED,10 Technical & Diligence,True,moved,True
F00274,CaliCat (H2U),2022 H2U Data Room B2/HR/Seperation/JW/H2U Technologies - Wang Separation Agreement - sw signed.docx,COMPANIES/CaliCat (H2U)/10_Technical_and_Diligence/H2U Technologies - Wang Separation Agreement - sw signed.docx,PLACED,10 Technical & Diligence,False,moved,True
F00275,CaliCat (H2U),2022 H2U Data Room B2/HR/Seperation/JW/H2U Technologies - Wang Separation Agreement.docx,COMPANIES/CaliCat (H2U)/14_Historical_Superseded/H2U Technologies - Wang Separation Agreement.docx,SUPERSEDED,14 Historical / Superseded,False,moved,True
F00276,CaliCat (H2U),2022 H2U Data Room B2/HR/Seperation/JW/H2U Technologies - Wang Separation Agreement.pdf,COMPANIES/CaliCat (H2U)/10_Technical_and_Diligence/H2U Technologies - Wang Separation Agreement.pdf,PLACED,10 Technical & Diligence,False,moved,True
F00277,CaliCat (H2U),2022 H2U Data Room B2/Incorporations/Formation/200707 H2U Delaware Certificate 3200531.pdf,COMPANIES/CaliCat (H2U)/02_Financing_and_Legal/200707 H2U Delaware Certificate 3200531.pdf,PLACED,02 Financing & Legal,False,moved,True
F00278,CaliCat (H2U),2022 H2U Data Room B2/Incorporations/Formation/200724 H2U IRS EIN 85-2069230.pdf,COMPANIES/CaliCat (H2U)/02_Financing_and_Legal/200724 H2U IRS EIN 85-2069230.pdf,PLACED,02 Financing & Legal,False,moved,True
F00279,CaliCat (H2U),2022 H2U Data Room B2/Incorporations/Formation/CA File C4773728.pdf,COMPANIES/CaliCat (H2U)/02_Financing_and_Legal/CA File C4773728.pdf,PLACED,02 Financing & Legal,False,moved,True
F00280,CaliCat (H2U),2022 H2U Data Room B2/Incorporations/Formation/IRS address change.PDF,COMPANIES/CaliCat (H2U)/02_Financing_and_Legal/IRS address change.PDF,PLACED,02 Financing & Legal,False,moved,True
F00281,CaliCat (H2U),2022 H2U Data Room B2/Incorporations/Formation/SELLER'S PERMIT.pdf,COMPANIES/CaliCat (H2U)/02_Financing_and_Legal/SELLER'S PERMIT.pdf,PLACED,02 Financing & Legal,False,moved,True
F00282,CaliCat (H2U),2022 H2U Data Room B2/Incorporations/Formation/Secretary of State CA File 4773728.pdf,COMPANIES/CaliCat (H2U)/02_Financing_and_Legal/Secretary of State CA File 4773728.pdf,PLACED,02 Financing & Legal,False,moved,True
F00283,CaliCat (H2U),2022 H2U Data Room B2/Incorporations/Formation/Signed SS-4.pdf,COMPANIES/CaliCat (H2U)/02_Financing_and_Legal/Signed SS-4.pdf,PLACED,02 Financing & Legal,False,moved,True
F00284,CaliCat (H2U),2022 H2U Data Room B2/NDA/NDA 2022/2022_07_14_NDA_1067_GRZ_H2UTechnologies_completed.pdf,COMPANIES/CaliCat (H2U)/10_Technical_and_Diligence/2022_07_14_NDA_1067_GRZ_H2UTechnologies_completed.pdf,PLACED,10 Technical & Diligence,False,moved,True
F00285,CaliCat (H2U),"2022 H2U Data Room B2/NDA/NDA 2022/21-02-25, H2U-Intermolecular Mutual NDA - signed by AO.pdf","COMPANIES/CaliCat (H2U)/10_Technical_and_Diligence/21-02-25, H2U-Intermolecular Mutual NDA - signed by AO.pdf",PLACED,10 Technical & Diligence,False,moved,True
F00286,CaliCat (H2U),2022 H2U Data Room B2/NDA/NDA 2022/211013NDA_H2U_Shimizu.pdf,COMPANIES/CaliCat (H2U)/10_Technical_and_Diligence/211013NDA_H2U_Shimizu.pdf,PLACED,10 Technical & Diligence,False,moved,True
F00287,CaliCat (H2U),2022 H2U Data Room B2/NDA/NDA 2022/3._NDA_표준계약(당사수령) revised_final_200109 signed.pdf,COMPANIES/CaliCat (H2U)/10_Technical_and_Diligence/3._NDA_표준계약(당사수령) revised_final_200109 signed.pdf,PLACED,10 Technical & Diligence,False,moved,True
F00288,CaliCat (H2U),2022 H2U Data Room B2/NDA/NDA 2022/AMC Mutual NDA Template H2U.docx,COMPANIES/CaliCat (H2U)/10_Technical_and_Diligence/AMC Mutual NDA Template H2U.docx,PLACED,10 Technical & Diligence,False,moved,True
F00289,CaliCat (H2U),2022 H2U Data Room B2/NDA/NDA 2022/Ahren NDA.pdf,COMPANIES/CaliCat (H2U)/10_Technical_and_Diligence/Ahren NDA.pdf,PLACED,10 Technical & Diligence,False,moved,True
F00290,CaliCat (H2U),2022 H2U Data Room B2/NDA/NDA 2022/Bechtel - H2U nda.pdf,COMPANIES/CaliCat (H2U)/10_Technical_and_Diligence/Bechtel - H2U nda.pdf,PLACED,10 Technical & Diligence,False,moved,True
F00291,CaliCat (H2U),2022 H2U Data Room B2/NDA/NDA 2022/CT00000650_H2U_V1.docx,COMPANIES/CaliCat (H2U)/10_Technical_and_Diligence/CT00000650_H2U_V1.docx,PLACED,10 Technical & Diligence,False,moved,True
F00292,CaliCat (H2U),2022 H2U Data Room B2/NDA/NDA 2022/Complete_with_DocuSign_Mutaul_NDA_H2U__Atla.pdf,COMPANIES/CaliCat (H2U)/10_Technical_and_Diligence/Complete_with_DocuSign_Mutaul_NDA_H2U__Atla.pdf,PLACED,10 Technical & Diligence,False,moved,True
F00293,CaliCat (H2U),2022 H2U Data Room B2/NDA/NDA 2022/Confidentiality Agreement AECLP vJune2022 CL.docx EXECUTION.pdf,COMPANIES/CaliCat (H2U)/10_Technical_and_Diligence/Confidentiality Agreement AECLP vJune2022 CL.docx EXECUTION.pdf,PLACED,10 Technical & Diligence,False,moved,True
F00294,CaliCat (H2U),2022 H2U Data Room B2/NDA/NDA 2022/Confidentiality Agreement AECLP vJune2022 CL.docx.pdf,COMPANIES/CaliCat (H2U)/10_Technical_and_Diligence/Confidentiality Agreement AECLP vJune2022 CL.docx.pdf,PLACED,10 Technical & Diligence,False,moved,True
F00295,CaliCat (H2U),2022 H2U Data Room B2/NDA/NDA 2022/Confidentiality Agreement for Investee Companies (APV as Recipient party).docx,COMPANIES/CaliCat (H2U)/10_Technical_and_Diligence/Confidentiality Agreement for Investee Companies (APV as Recipient party).docx,PLACED,10 Technical & Diligence,False,moved,True
F00296,CaliCat (H2U),2022 H2U Data Room B2/NDA/NDA 2022/Confidentiality Agreement_CICA_H2U 2022 10 25.pdf,COMPANIES/CaliCat (H2U)/10_Technical_and_Diligence/Confidentiality Agreement_CICA_H2U 2022 10 25.pdf,PLACED,10 Technical & Diligence,False,moved,True
F00297,CaliCat (H2U),2022 H2U Data Room B2/NDA/NDA 2022/Confidentiality Agreement_CICA_a.docx,COMPANIES/CaliCat (H2U)/10_Technical_and_Diligence/Confidentiality Agreement_CICA_a.docx,PLACED,10 Technical & Diligence,False,moved,True
F00298,CaliCat (H2U),2022 H2U Data Room B2/NDA/NDA 2022/Counter signed H2U Technologies NDA - Ryse.pdf,COMPANIES/CaliCat (H2U)/10_Technical_and_Diligence/Counter signed H2U Technologies NDA - Ryse.pdf,PLACED,10 Technical & Diligence,False,moved,True
F00299,CaliCat (H2U),2022 H2U Data Room B2/NDA/NDA 2022/Cummins H2U Technologies CDA draft.doc,COMPANIES/CaliCat (H2U)/14_Historical_Superseded/Cummins H2U Technologies CDA draft.doc,SUPERSEDED,14 Historical / Superseded,False,moved,True
F00300,CaliCat (H2U),2022 H2U Data Room B2/NDA/NDA 2022/Cummins H2U Technologies CDA.doc,COMPANIES/CaliCat (H2U)/14_Historical_Superseded/Cummins H2U Technologies CDA.doc,SUPERSEDED,14 Historical / Superseded,False,moved,True
F00301,CaliCat (H2U),2022 H2U Data Room B2/NDA/NDA 2022/Cummins H2U Technologies CDA.pdf,COMPANIES/CaliCat (H2U)/10_Technical_and_Diligence/Cummins H2U Technologies CDA.pdf,PLACED,10 Technical & Diligence,False,moved,True
F00302,CaliCat (H2U),2022 H2U Data Room B2/NDA/NDA 2022/Dynapower Mutual NDA - fully executed.pdf,COMPANIES/CaliCat (H2U)/10_Technical_and_Diligence/Dynapower Mutual NDA - fully executed.pdf,PLACED,10 Technical & Diligence,False,moved,True
F00303,CaliCat (H2U),2022 H2U Data Room B2/NDA/NDA 2022/FFI - H2U Technologies Inc. 002CO Confidentiality Agreement (mutual) (Fully executed).pdf,COMPANIES/CaliCat (H2U)/10_Technical_and_Diligence/FFI - H2U Technologies Inc. 002CO Confidentiality Agreement (mutual) (Fully executed).pdf,PLACED,10 Technical & Diligence,False,moved,True
F00304,CaliCat (H2U),2022 H2U Data Room B2/NDA/NDA 2022/H2E Mutual NDA - NEWEARTHENERGY (rahim)-JUNE 2020-Signed.pdf,COMPANIES/CaliCat (H2U)/10_Technical_and_Diligence/H2E Mutual NDA - NEWEARTHENERGY (rahim)-JUNE 2020-Signed.pdf,PLACED,10 Technical & Diligence,False,moved,True
F00305,CaliCat (H2U),2022 H2U Data Room B2/NDA/NDA 2022/H2U - BasilK NDA signed.pdf,COMPANIES/CaliCat (H2U)/10_Technical_and_Diligence/H2U - BasilK NDA signed.pdf,PLACED,10 Technical & Diligence,False,moved,True
F00306,CaliCat (H2U),2022 H2U Data Room B2/NDA/NDA 2022/H2U - Hy Stor NDA v2.docx - signed.pdf,COMPANIES/CaliCat (H2U)/10_Technical_and_Diligence/H2U - Hy Stor NDA v2.docx - signed.pdf,PLACED,10 Technical & Diligence,False,moved,True
F00307,CaliCat (H2U),2022 H2U Data Room B2/NDA/NDA 2022/H2U - air products NDA.pdf,COMPANIES/CaliCat (H2U)/10_Technical_and_Diligence/H2U - air products NDA.pdf,PLACED,10 Technical & Diligence,False,moved,True
F00308,CaliCat (H2U),2022 H2U Data Room B2/NDA/NDA 2022/H2U Mutual NDA - Duterme.pdf,COMPANIES/CaliCat (H2U)/10_Technical_and_Diligence/H2U Mutual NDA - Duterme.pdf,PLACED,10 Technical & Diligence,False,moved,True
F00309,CaliCat (H2U),2022 H2U Data Room B2/NDA/NDA 2022/H2U Mutual NDA - Hess.pdf,COMPANIES/CaliCat (H2U)/14_Historical_Superseded/H2U Mutual NDA - Hess.pdf,SUPERSEDED,14 Historical / Superseded,False,moved,True
F00310,CaliCat (H2U),2022 H2U Data Room B2/NDA/NDA 2022/H2U Mutual NDA - SAIC Signed 11.15.20.pdf,COMPANIES/CaliCat (H2U)/10_Technical_and_Diligence/H2U Mutual NDA - SAIC Signed 11.15.20.pdf,PLACED,10 Technical & Diligence,False,moved,True
F00311,CaliCat (H2U),2022 H2U Data Room B2/NDA/NDA 2022/H2U Mutual NDA - generic-CXX.pdf,COMPANIES/CaliCat (H2U)/10_Technical_and_Diligence/H2U Mutual NDA - generic-CXX.pdf,PLACED,10 Technical & Diligence,False,moved,True
F00312,CaliCat (H2U),2022 H2U Data Room B2/NDA/NDA 2022/H2U Mutual NDA - generic.pdf,COMPANIES/CaliCat (H2U)/10_Technical_and_Diligence/H2U Mutual NDA - generic.pdf,PLACED,10 Technical & Diligence,False,moved,True
F00313,CaliCat (H2U),2022 H2U Data Room B2/NDA/NDA 2022/H2U Mutual NDA - hess.docx,COMPANIES/CaliCat (H2U)/10_Technical_and_Diligence/H2U Mutual NDA - hess.docx,PLACED,10 Technical & Diligence,False,moved,True
F00314,CaliCat (H2U),2022 H2U Data Room B2/NDA/NDA 2022/H2U NDA NitinV.pdf,COMPANIES/CaliCat (H2U)/10_Technical_and_Diligence/H2U NDA NitinV.pdf,PLACED,10 Technical & Diligence,False,moved,True
F00315,CaliCat (H2U),2022 H2U Data Room B2/NDA/NDA 2022/H2U Technologies NDA Form.pdf,COMPANIES/CaliCat (H2U)/10_Technical_and_Diligence/H2U Technologies NDA Form.pdf,PLACED,10 Technical & Diligence,False,moved,True
F00316,CaliCat (H2U),2022 H2U Data Room B2/NDA/NDA 2022/H2U Technologies NDA Sept 2022_h2U.docx,COMPANIES/CaliCat (H2U)/10_Technical_and_Diligence/H2U Technologies NDA Sept 2022_h2U.docx,PLACED,10 Technical & Diligence,False,moved,True
F00317,CaliCat (H2U),2022 H2U Data Room B2/NDA/NDA 2022/H2U Techonologies NDA signed 10.10.22.pdf,COMPANIES/CaliCat (H2U)/10_Technical_and_Diligence/H2U Techonologies NDA signed 10.10.22.pdf,PLACED,10 Technical & Diligence,False,moved,True
F00318,CaliCat (H2U),2022 H2U Data Room B2/NDA/NDA 2022/H2UNDA.PDF,COMPANIES/CaliCat (H2U)/10_Technical_and_Diligence/H2UNDA.PDF,PLACED,10 Technical & Diligence,False,moved,True
F00319,CaliCat (H2U),2022 H2U Data Room B2/NDA/NDA 2022/H2U_Idn Nda signed (1).pdf,COMPANIES/CaliCat (H2U)/10_Technical_and_Diligence/H2U_Idn Nda signed (1).pdf,PLACED,10 Technical & Diligence,False,moved,True
F00320,CaliCat (H2U),2022 H2U Data Room B2/NDA/NDA 2022/H2U_Idn Nda signed.pdf,COMPANIES/CaliCat (H2U)/14_Historical_Superseded/H2U_Idn Nda signed.pdf,SUPERSEDED,14 Historical / Superseded,False,moved,True
F00321,CaliCat (H2U),2022 H2U Data Room B2/NDA/NDA 2022/H2U_NDA_A00_20220715_(as)_v02 - GTI Comments.doc.pdf,COMPANIES/CaliCat (H2U)/10_Technical_and_Diligence/H2U_NDA_A00_20220715_(as)_v02 - GTI Comments.doc.pdf,PLACED,10 Technical & Diligence,False,moved,True
F00322,CaliCat (H2U),2022 H2U Data Room B2/NDA/NDA 2022/H2U_NEE  Standard Form NDA_08.29.22.docx,COMPANIES/CaliCat (H2U)/10_Technical_and_Diligence/H2U_NEE Standard Form NDA_08.29.22.docx,PLACED,10 Technical & Diligence,True,moved,True
F00323,CaliCat (H2U),2022 H2U Data Room B2/NDA/NDA 2022/H2U_TTE OT_00650.pdf,COMPANIES/CaliCat (H2U)/10_Technical_and_Diligence/H2U_TTE OT_00650.pdf,PLACED,10 Technical & Diligence,False,moved,True
F00324,CaliCat (H2U),2022 H2U Data Room B2/NDA/NDA 2022/H2U_VoLo Earth Management LLC Mutual NDA.rtf (1).pdf,COMPANIES/CaliCat (H2U)/10_Technical_and_Diligence/H2U_VoLo Earth Management LLC Mutual NDA.rtf (1).pdf,PLACED,10 Technical & Diligence,False,moved,True
F00325,CaliCat (H2U),2022 H2U Data Room B2/NDA/NDA 2022/H2U_VoLo Earth Management LLC Mutual NDA.rtf.pdf,COMPANIES/CaliCat (H2U)/14_Historical_Superseded/H2U_VoLo Earth Management LLC Mutual NDA.rtf.pdf,SUPERSEDED,14 Historical / Superseded,False,moved,True
F00326,CaliCat (H2U),"2022 H2U Data Room B2/NDA/NDA 2022/Hyundai H2U Technologies, Inc. fully executed NDA 10.26.2020.pdf","COMPANIES/CaliCat (H2U)/10_Technical_and_Diligence/Hyundai H2U Technologies, Inc. fully executed NDA 10.26.2020.pdf",PLACED,10 Technical & Diligence,False,moved,True
F00327,CaliCat (H2U),2022 H2U Data Room B2/NDA/NDA 2022/JEV - H2U NDA executed.pdf,COMPANIES/CaliCat (H2U)/10_Technical_and_Diligence/JEV - H2U NDA executed.pdf,PLACED,10 Technical & Diligence,False,moved,True
F00328,CaliCat (H2U),2022 H2U Data Room B2/NDA/NDA 2022/Kairos - H2U Mutual NDA (1).pdf,COMPANIES/CaliCat (H2U)/10_Technical_and_Diligence/Kairos - H2U Mutual NDA (1).pdf,PLACED,10 Technical & Diligence,False,moved,True
F00329,CaliCat (H2U),2022 H2U Data Room B2/NDA/NDA 2022/Liberty Utilities - Fully Executed NDA.pdf,COMPANIES/CaliCat (H2U)/10_Technical_and_Diligence/Liberty Utilities - Fully Executed NDA.pdf,PLACED,10 Technical & Diligence,False,moved,True
F00330,CaliCat (H2U),2022 H2U Data Room B2/NDA/NDA 2022/Mutaul NDA H2U & Atlas Renewable 11-15-2022.pdf,COMPANIES/CaliCat (H2U)/10_Technical_and_Diligence/Mutaul NDA H2U & Atlas Renewable 11-15-2022.pdf,PLACED,10 Technical & Diligence,False,moved,True
F00331,CaliCat (H2U),2022 H2U Data Room B2/NDA/NDA 2022/Mutual NDA - H2U - Helios (Final).pdf,COMPANIES/CaliCat (H2U)/10_Technical_and_Diligence/Mutual NDA - H2U - Helios (Final).pdf,PLACED,10 Technical & Diligence,False,moved,True
F00332,CaliCat (H2U),2022 H2U Data Room B2/NDA/NDA 2022/Mutual NDA - H2U - Simon James - 2021 04 13.pdf,COMPANIES/CaliCat (H2U)/10_Technical_and_Diligence/Mutual NDA - H2U - Simon James - 2021 04 13.pdf,PLACED,10 Technical & Diligence,False,moved,True
F00333,CaliCat (H2U),2022 H2U Data Room B2/NDA/NDA 2022/Mutual NDA - H2U G Whitesides.pdf,COMPANIES/CaliCat (H2U)/10_Technical_and_Diligence/Mutual NDA - H2U G Whitesides.pdf,PLACED,10 Technical & Diligence,False,moved,True
F00334,CaliCat (H2U),2022 H2U Data Room B2/NDA/NDA 2022/Mutual NDA - H2U Inc and New Legacy (2).pdf,COMPANIES/CaliCat (H2U)/10_Technical_and_Diligence/Mutual NDA - H2U Inc and New Legacy (2).pdf,PLACED,10 Technical & Diligence,False,moved,True
F00335,CaliCat (H2U),2022 H2U Data Room B2/NDA/NDA 2022/Mutual NDA - H2U Inc and New Legacy.pdf,COMPANIES/CaliCat (H2U)/14_Historical_Superseded/Mutual NDA - H2U Inc and New Legacy.pdf,SUPERSEDED,14 Historical / Superseded,False,moved,True
F00336,CaliCat (H2U),2022 H2U Data Room B2/NDA/NDA 2022/Mutual NDA - H2U and Bob Byron copy signed 01.25.2022.pdf,COMPANIES/CaliCat (H2U)/10_Technical_and_Diligence/Mutual NDA - H2U and Bob Byron copy signed 01.25.2022.pdf,PLACED,10 Technical & Diligence,False,moved,True
F00337,CaliCat (H2U),2022 H2U Data Room B2/NDA/NDA 2022/Mutual NDA - H2U and JEV signed.pdf,COMPANIES/CaliCat (H2U)/10_Technical_and_Diligence/Mutual NDA - H2U and JEV signed.pdf,PLACED,10 Technical & Diligence,False,moved,True
F00338,CaliCat (H2U),2022 H2U Data Room B2/NDA/NDA 2022/Mutual NDA - H2U and TerraVC.pdf,COMPANIES/CaliCat (H2U)/10_Technical_and_Diligence/Mutual NDA - H2U and TerraVC.pdf,PLACED,10 Technical & Diligence,False,moved,True
F00339,CaliCat (H2U),2022 H2U Data Room B2/NDA/NDA 2022/Mutual NDA - H2U edited 051121 (8) CP.docx,COMPANIES/CaliCat (H2U)/10_Technical_and_Diligence/Mutual NDA - H2U edited 051121 (8) CP.docx,PLACED,10 Technical & Diligence,False,moved,True
F00340,CaliCat (H2U),2022 H2U Data Room B2/NDA/NDA 2022/Mutual NDA - H2U investor.pdf,COMPANIES/CaliCat (H2U)/10_Technical_and_Diligence/Mutual NDA - H2U investor.pdf,PLACED,10 Technical & Diligence,False,moved,True
F00341,CaliCat (H2U),2022 H2U Data Room B2/NDA/NDA 2022/Mutual NDA - H2U signed by PFB.pdf,COMPANIES/CaliCat (H2U)/10_Technical_and_Diligence/Mutual NDA - H2U signed by PFB.pdf,PLACED,10 Technical & Diligence,False,moved,True
F00342,CaliCat (H2U),2022 H2U Data Room B2/NDA/NDA 2022/Mutual NDA - H2U.doc,COMPANIES/CaliCat (H2U)/14_Historical_Superseded/Mutual NDA - H2U.doc,SUPERSEDED,14 Historical / Superseded,False,moved,True
F00343,CaliCat (H2U),2022 H2U Data Room B2/NDA/NDA 2022/Mutual NDA - H2U.pdf,COMPANIES/CaliCat (H2U)/10_Technical_and_Diligence/Mutual NDA - H2U.pdf,PLACED,10 Technical & Diligence,False,moved,True
F00344,CaliCat (H2U),2022 H2U Data Room B2/NDA/NDA 2022/Mutual NDA - H2U_ADGConsulting.pdf,COMPANIES/CaliCat (H2U)/10_Technical_and_Diligence/Mutual NDA - H2U_ADGConsulting.pdf,PLACED,10 Technical & Diligence,False,moved,True
F00345,CaliCat (H2U),2022 H2U Data Room B2/NDA/NDA 2022/Mutual NDA - NPC & H2U Tech 11.15.2022.PDF,COMPANIES/CaliCat (H2U)/10_Technical_and_Diligence/Mutual NDA - NPC & H2U Tech 11.15.2022.PDF,PLACED,10 Technical & Diligence,False,moved,True
F00346,CaliCat (H2U),2022 H2U Data Room B2/NDA/NDA 2022/NA Mutual Confidentiality Agreement 7.1.2021 wHISV.docx,COMPANIES/CaliCat (H2U)/10_Technical_and_Diligence/NA Mutual Confidentiality Agreement 7.1.2021 wHISV.docx,PLACED,10 Technical & Diligence,False,moved,True
F00347,CaliCat (H2U),2022 H2U Data Room B2/NDA/NDA 2022/NA Mutual Confidentiality Agreement 7.1.2021 wHISV.docx.pdf,COMPANIES/CaliCat (H2U)/10_Technical_and_Diligence/NA Mutual Confidentiality Agreement 7.1.2021 wHISV.docx.pdf,PLACED,10 Technical & Diligence,False,moved,True
F00348,CaliCat (H2U),2022 H2U Data Room B2/NDA/NDA 2022/NDA - Avangrid.pdf,COMPANIES/CaliCat (H2U)/10_Technical_and_Diligence/NDA - Avangrid.pdf,PLACED,10 Technical & Diligence,False,moved,True
F00349,CaliCat (H2U),2022 H2U Data Room B2/NDA/NDA 2022/NDA - H2U Technologies.doc,COMPANIES/CaliCat (H2U)/10_Technical_and_Diligence/NDA - H2U Technologies.doc,PLACED,10 Technical & Diligence,False,moved,True
F00350,CaliCat (H2U),2022 H2U Data Room B2/NDA/NDA 2022/NDA - H2U Technologies.doc.pdf,COMPANIES/CaliCat (H2U)/10_Technical_and_Diligence/NDA - H2U Technologies.doc.pdf,PLACED,10 Technical & Diligence,False,moved,True
F00351,CaliCat (H2U),2022 H2U Data Room B2/NDA/NDA 2022/NDA - H2U Technologies_ Inc.(1220057.2).pdf,COMPANIES/CaliCat (H2U)/10_Technical_and_Diligence/NDA - H2U Technologies_ Inc.(1220057.2).pdf,PLACED,10 Technical & Diligence,False,moved,True
F00352,CaliCat (H2U),2022 H2U Data Room B2/NDA/NDA 2022/NDA - Liviu Cosacescu -Director of Engineering Candidate.pdf,COMPANIES/CaliCat (H2U)/10_Technical_and_Diligence/NDA - Liviu Cosacescu -Director of Engineering Candidate.pdf,PLACED,10 Technical & Diligence,False,moved,True
F00353,CaliCat (H2U),2022 H2U Data Room B2/NDA/NDA 2022/NDA -H2U and Volta - Fully Executed.pdf,COMPANIES/CaliCat (H2U)/10_Technical_and_Diligence/NDA -H2U and Volta - Fully Executed.pdf,PLACED,10 Technical & Diligence,False,moved,True
F00354,CaliCat (H2U),2022 H2U Data Room B2/NDA/NDA 2022/NDA -H2U and Volta.pdf,COMPANIES/CaliCat (H2U)/10_Technical_and_Diligence/NDA -H2U and Volta.pdf,PLACED,10 Technical & Diligence,False,moved,True
F00355,CaliCat (H2U),2022 H2U Data Room B2/NDA/NDA 2022/NDA EGP-H2U_Jan 2021.pdf,COMPANIES/CaliCat (H2U)/10_Technical_and_Diligence/NDA EGP-H2U_Jan 2021.pdf,PLACED,10 Technical & Diligence,False,moved,True
F00356,CaliCat (H2U),2022 H2U Data Room B2/NDA/NDA 2022/NDA Enel-H2U CLEAN for signing.docx,COMPANIES/CaliCat (H2U)/14_Historical_Superseded/NDA Enel-H2U CLEAN for signing.docx,SUPERSEDED,14 Historical / Superseded,False,moved,True
F00357,CaliCat (H2U),2022 H2U Data Room B2/NDA/NDA 2022/NDA Enel-H2U CLEAN for signing.pdf,COMPANIES/CaliCat (H2U)/10_Technical_and_Diligence/NDA Enel-H2U CLEAN for signing.pdf,PLACED,10 Technical & Diligence,False,moved,True
F00358,CaliCat (H2U),2022 H2U Data Room B2/NDA/NDA 2022/NDA Enel-H2U_Jan 2021.pdf,COMPANIES/CaliCat (H2U)/10_Technical_and_Diligence/NDA Enel-H2U_Jan 2021.pdf,PLACED,10 Technical & Diligence,False,moved,True
F00359,CaliCat (H2U),2022 H2U Data Room B2/NDA/NDA 2022/NDA H2U and GSF Consulting LLC..pdf,COMPANIES/CaliCat (H2U)/10_Technical_and_Diligence/NDA H2U and GSF Consulting LLC.pdf,PLACED,10 Technical & Diligence,True,moved,True
F00360,CaliCat (H2U),2022 H2U Data Room B2/NDA/NDA 2022/NDA Hess.pdf,COMPANIES/CaliCat (H2U)/10_Technical_and_Diligence/NDA Hess.pdf,PLACED,10 Technical & Diligence,False,moved,True
F00361,CaliCat (H2U),2022 H2U Data Room B2/NDA/NDA 2022/NDA Mutual - H2U Mark McGough.pdf,COMPANIES/CaliCat (H2U)/10_Technical_and_Diligence/NDA Mutual - H2U Mark McGough.pdf,PLACED,10 Technical & Diligence,False,moved,True
F00362,CaliCat (H2U),2022 H2U Data Room B2/NDA/NDA 2022/NDA NLT & H2U - Apr 23 2021 - 3-29 PM.pdf,COMPANIES/CaliCat (H2U)/10_Technical_and_Diligence/NDA NLT & H2U - Apr 23 2021 - 3-29 PM.pdf,PLACED,10 Technical & Diligence,False,moved,True
F00363,CaliCat (H2U),2022 H2U Data Room B2/NDA/NDA 2022/NDA Nov2020 Enel-H2U compare.docx,COMPANIES/CaliCat (H2U)/10_Technical_and_Diligence/NDA Nov2020 Enel-H2U compare.docx,PLACED,10 Technical & Diligence,False,moved,True
F00364,CaliCat (H2U),2022 H2U Data Room B2/NDA/NDA 2022/NDA Signed by CES.IMG_20221212_0001.pdf,COMPANIES/CaliCat (H2U)/10_Technical_and_Diligence/NDA Signed by CES.IMG_20221212_0001.pdf,PLACED,10 Technical & Diligence,False,moved,True
F00365,CaliCat (H2U),2022 H2U Data Room B2/NDA/NDA 2022/NDA-Form-One-way.pdf,COMPANIES/CaliCat (H2U)/10_Technical_and_Diligence/NDA-Form-One-way.pdf,PLACED,10 Technical & Diligence,False,moved,True
F00366,CaliCat (H2U),2022 H2U Data Room B2/NDA/NDA 2022/NDA_H2U_Repsol.docx,COMPANIES/CaliCat (H2U)/10_Technical_and_Diligence/NDA_H2U_Repsol.docx,PLACED,10 Technical & Diligence,False,moved,True
F00367,CaliCat (H2U),2022 H2U Data Room B2/NDA/NDA 2022/NDA_H2U_Repsol.docx.pdf,COMPANIES/CaliCat (H2U)/10_Technical_and_Diligence/NDA_H2U_Repsol.docx.pdf,PLACED,10 Technical & Diligence,False,moved,True
F00368,CaliCat (H2U),2022 H2U Data Room B2/NDA/NDA 2022/NDA_H2U_Technologies_SDGE_08122022_Fully executed.pdf,COMPANIES/CaliCat (H2U)/10_Technical_and_Diligence/NDA_H2U_Technologies_SDGE_08122022_Fully executed.pdf,PLACED,10 Technical & Diligence,False,moved,True
F00369,CaliCat (H2U),2022 H2U Data Room B2/NDA/NDA 2022/Please_DocuSign_bp_Ventures_-_H2U_NDA_14thMa.pdf,COMPANIES/CaliCat (H2U)/10_Technical_and_Diligence/Please_DocuSign_bp_Ventures_-_H2U_NDA_14thMa.pdf,PLACED,10 Technical & Diligence,False,moved,True
F00370,CaliCat (H2U),2022 H2U Data Room B2/NDA/NDA 2022/RKozikowski NDA.pdf,COMPANIES/CaliCat (H2U)/10_Technical_and_Diligence/RKozikowski NDA.pdf,PLACED,10 Technical & Diligence,False,moved,True
F00371,CaliCat (H2U),2022 H2U Data Room B2/NDA/NDA 2022/Ryse Hydrogen Ltd - Two way NDA.doc,COMPANIES/CaliCat (H2U)/14_Historical_Superseded/Ryse Hydrogen Ltd - Two way NDA.doc,SUPERSEDED,14 Historical / Superseded,False,moved,True
F00372,CaliCat (H2U),2022 H2U Data Room B2/NDA/NDA 2022/Ryse Hydrogen Ltd - Two way NDA.pdf,COMPANIES/CaliCat (H2U)/10_Technical_and_Diligence/Ryse Hydrogen Ltd - Two way NDA.pdf,PLACED,10 Technical & Diligence,False,moved,True
F00373,CaliCat (H2U),2022 H2U Data Room B2/NDA/NDA 2022/Tokyo Gas -Fully Executed NDA.pdf,COMPANIES/CaliCat (H2U)/10_Technical_and_Diligence/Tokyo Gas -Fully Executed NDA.pdf,PLACED,10 Technical & Diligence,False,moved,True
F00374,CaliCat (H2U),2022 H2U Data Room B2/NDA/NDA 2022/[Hanwha Solutions] NDA with H2U Technologies.pdf,COMPANIES/CaliCat (H2U)/10_Technical_and_Diligence/[Hanwha Solutions] NDA with H2U Technologies.pdf,PLACED,10 Technical & Diligence,False,moved,True
F00375,CaliCat (H2U),2022 H2U Data Room B2/NDA/NDA 2023/001-1_JERAStdForm_ConfidentialityAgreement_Reciprocal_Asof20220120 for H2U.docx.pdf,COMPANIES/CaliCat (H2U)/10_Technical_and_Diligence/001-1_JERAStdForm_ConfidentialityAgreement_Reciprocal_Asof20220120 for H2U.docx.pdf,PLACED,10 Technical & Diligence,False,moved,True
F00376,CaliCat (H2U),2022 H2U Data Room B2/NDA/NDA 2023/20230227_NDA_H2U_fully executed.docx.pdf,COMPANIES/CaliCat (H2U)/10_Technical_and_Diligence/20230227_NDA_H2U_fully executed.docx.pdf,PLACED,10 Technical & Diligence,False,moved,True
F00377,CaliCat (H2U),2022 H2U Data Room B2/NDA/NDA 2023/A Cavins NDA.pdf,COMPANIES/CaliCat (H2U)/10_Technical_and_Diligence/A Cavins NDA.pdf,PLACED,10 Technical & Diligence,False,moved,True
F00378,CaliCat (H2U),2022 H2U Data Room B2/NDA/NDA 2023/BECF_H2U_MNDA_1.3.2023.pdf,COMPANIES/CaliCat (H2U)/10_Technical_and_Diligence/BECF_H2U_MNDA_1.3.2023.pdf,PLACED,10 Technical & Diligence,False,moved,True
F00379,CaliCat (H2U),2022 H2U Data Room B2/NDA/NDA 2023/E Sanchez NDA.pdf,COMPANIES/CaliCat (H2U)/10_Technical_and_Diligence/E Sanchez NDA.pdf,PLACED,10 Technical & Diligence,False,moved,True
F00380,CaliCat (H2U),2022 H2U Data Room B2/NDA/NDA 2023/Endress NDA.pdf,COMPANIES/CaliCat (H2U)/10_Technical_and_Diligence/Endress NDA.pdf,PLACED,10 Technical & Diligence,False,moved,True
F00381,CaliCat (H2U),2022 H2U Data Room B2/NDA/NDA 2023/FWD Complete with DocuSign NDA_h2utechnologies_PPG_2023.docx.pdf,COMPANIES/CaliCat (H2U)/10_Technical_and_Diligence/FWD Complete with DocuSign NDA_h2utechnologies_PPG_2023.docx.pdf,PLACED,10 Technical & Diligence,False,moved,True
F00382,CaliCat (H2U),2022 H2U Data Room B2/NDA/NDA 2023/H2U_ARCHES_FILLABLE_Mutual_NonDisclosure_Signed.pdf,COMPANIES/CaliCat (H2U)/10_Technical_and_Diligence/H2U_ARCHES_FILLABLE_Mutual_NonDisclosure_Signed.pdf,PLACED,10 Technical & Diligence,False,moved,True
F00383,CaliCat (H2U),2022 H2U Data Room B2/NDA/NDA 2023/H2U_Tupras_NDA_24022023.pdf,COMPANIES/CaliCat (H2U)/10_Technical_and_Diligence/H2U_Tupras_NDA_24022023.pdf,PLACED,10 Technical & Diligence,False,moved,True
F00384,CaliCat (H2U),2022 H2U Data Room B2/NDA/NDA 2023/IRA Inc standard NDA_H2UTechnologies_FullExecuted.pdf,COMPANIES/CaliCat (H2U)/10_Technical_and_Diligence/IRA Inc standard NDA_H2UTechnologies_FullExecuted.pdf,PLACED,10 Technical & Diligence,False,moved,True
F00385,CaliCat (H2U),2022 H2U Data Room B2/NDA/NDA 2023/Mutual NDA - H2U Starfire Energy.pdf,COMPANIES/CaliCat (H2U)/10_Technical_and_Diligence/Mutual NDA - H2U Starfire Energy.pdf,PLACED,10 Technical & Diligence,False,moved,True
F00386,CaliCat (H2U),2022 H2U Data Room B2/NDA/NDA 2023/NDA (Form - One way) 360 industrial services.pdf,COMPANIES/CaliCat (H2U)/10_Technical_and_Diligence/NDA (Form - One way) 360 industrial services.pdf,PLACED,10 Technical & Diligence,False,moved,True
F00387,CaliCat (H2U),2022 H2U Data Room B2/NDA/NDA 2023/NDA (Form - One way) H2U - Talia Robin.docx.pdf,COMPANIES/CaliCat (H2U)/10_Technical_and_Diligence/NDA (Form - One way) H2U - Talia Robin.docx.pdf,PLACED,10 Technical & Diligence,False,moved,True
F00388,CaliCat (H2U),2022 H2U Data Room B2/NDA/NDA 2023/NDA Samuel Stephen.PDF,COMPANIES/CaliCat (H2U)/10_Technical_and_Diligence/NDA Samuel Stephen.PDF,PLACED,10 Technical & Diligence,False,moved,True
F00389,CaliCat (H2U),2022 H2U Data Room B2/NDA/NDA 2023/Novo NDA.doc,COMPANIES/CaliCat (H2U)/10_Technical_and_Diligence/Novo NDA.doc,PLACED,10 Technical & Diligence,False,moved,True
F00390,CaliCat (H2U),2022 H2U Data Room B2/NDA/NDA 2023/Novo-H2U NDA_FX.pdf,COMPANIES/CaliCat (H2U)/10_Technical_and_Diligence/Novo-H2U NDA_FX.pdf,PLACED,10 Technical & Diligence,False,moved,True
F00391,CaliCat (H2U),2022 H2U Data Room B2/NDA/NDA 2023/PPG Solutions for PEM Intro_h2utechnologies_022023.pdf,COMPANIES/CaliCat (H2U)/10_Technical_and_Diligence/PPG Solutions for PEM Intro_h2utechnologies_022023.pdf,PLACED,10 Technical & Diligence,False,moved,True
F00392,CaliCat (H2U),2022 H2U Data Room B2/NDA/NDA 2023/PTRK88101_01-26-2023-140038 Motion AI.pdf,COMPANIES/CaliCat (H2U)/10_Technical_and_Diligence/PTRK88101_01-26-2023-140038 Motion AI.pdf,PLACED,10 Technical & Diligence,False,moved,True
F00393,CaliCat (H2U),2022 H2U Data Room B2/NDA/NDA 2023/ReNew_H2U NDA Signed.pdf,COMPANIES/CaliCat (H2U)/10_Technical_and_Diligence/ReNew_H2U NDA Signed.pdf,PLACED,10 Technical & Diligence,False,moved,True
F00394,CaliCat (H2U),2022 H2U Data Room B2/NDA/NDA 2023/TerraVolturnus H2U Mutual NDA 301222.pdf,COMPANIES/CaliCat (H2U)/10_Technical_and_Diligence/TerraVolturnus H2U Mutual NDA 301222.pdf,PLACED,10 Technical & Diligence,False,moved,True
F00395,CaliCat (H2U),2022 H2U Data Room B2/NDA/NDA 2023/Volt 1.pdf,COMPANIES/CaliCat (H2U)/10_Technical_and_Diligence/Volt 1.pdf,PLACED,10 Technical & Diligence,False,moved,True
F00396,CaliCat (H2U),2022 H2U Data Room B2/NDA/NDA 2023/h2u technologies_NDA_020923.pdf,COMPANIES/CaliCat (H2U)/10_Technical_and_Diligence/h2u technologies_NDA_020923.pdf,PLACED,10 Technical & Diligence,False,moved,True
F00397,CaliCat (H2U),2022 H2U Data Room B2/NDA/NDA 2023/h2utechnologies_PPG_2023_v2.docx.pdf,COMPANIES/CaliCat (H2U)/10_Technical_and_Diligence/h2utechnologies_PPG_2023_v2.docx.pdf,PLACED,10 Technical & Diligence,False,moved,True
F00398,CaliCat (H2U),"2022 H2U Data Room B2/NDA/NDAs 2020-2021/21-02-25, H2U-Intermolecular Mutual NDA - signed by AO.pdf","COMPANIES/CaliCat (H2U)/10_Technical_and_Diligence/21-02-25, H2U-Intermolecular Mutual NDA - signed by AO__F00398.pdf",PLACED,10 Technical & Diligence,False,moved,True
F00399,CaliCat (H2U),2022 H2U Data Room B2/NDA/NDAs 2020-2021/211013NDA_H2U_Shimizu.pdf,COMPANIES/CaliCat (H2U)/10_Technical_and_Diligence/211013NDA_H2U_Shimizu__F00399.pdf,PLACED,10 Technical & Diligence,False,moved,True
F00400,CaliCat (H2U),2022 H2U Data Room B2/NDA/NDAs 2020-2021/3._NDA_표준계약(당사수령) revised_final_200109 signed.pdf,COMPANIES/CaliCat (H2U)/10_Technical_and_Diligence/3._NDA_표준계약(당사수령) revised_final_200109 signed__F00400.pdf,PLACED,10 Technical & Diligence,False,moved,True
F00401,CaliCat (H2U),2022 H2U Data Room B2/NDA/NDAs 2020-2021/Bechtel - H2U nda.pdf,COMPANIES/CaliCat (H2U)/10_Technical_and_Diligence/Bechtel - H2U nda__F00401.pdf,PLACED,10 Technical & Diligence,False,moved,True
F00402,CaliCat (H2U),2022 H2U Data Room B2/NDA/NDAs 2020-2021/Counter signed H2U Technologies NDA - Ryse.pdf,COMPANIES/CaliCat (H2U)/10_Technical_and_Diligence/Counter signed H2U Technologies NDA - Ryse__F00402.pdf,PLACED,10 Technical & Diligence,False,moved,True
F00403,CaliCat (H2U),2022 H2U Data Room B2/NDA/NDAs 2020-2021/Cummins H2U Technologies CDA draft.doc,COMPANIES/CaliCat (H2U)/14_Historical_Superseded/Cummins H2U Technologies CDA draft__F00403.doc,SUPERSEDED,14 Historical / Superseded,False,moved,True
F00404,CaliCat (H2U),2022 H2U Data Room B2/NDA/NDAs 2020-2021/Cummins H2U Technologies CDA.doc,COMPANIES/CaliCat (H2U)/14_Historical_Superseded/Cummins H2U Technologies CDA__F00404.doc,SUPERSEDED,14 Historical / Superseded,False,moved,True
F00405,CaliCat (H2U),2022 H2U Data Room B2/NDA/NDAs 2020-2021/Cummins H2U Technologies CDA.pdf,COMPANIES/CaliCat (H2U)/10_Technical_and_Diligence/Cummins H2U Technologies CDA__F00405.pdf,PLACED,10 Technical & Diligence,False,moved,True
F00406,CaliCat (H2U),2022 H2U Data Room B2/NDA/NDAs 2020-2021/FFI - H2U Technologies Inc. 002CO Confidentiality Agreement (mutual) (Fully executed).pdf,COMPANIES/CaliCat (H2U)/10_Technical_and_Diligence/FFI - H2U Technologies Inc. 002CO Confidentiality Agreement (mutual) (Fully executed)__F00406.pdf,PLACED,10 Technical & Diligence,False,moved,True
F00407,CaliCat (H2U),2022 H2U Data Room B2/NDA/NDAs 2020-2021/H2E Mutual NDA - NEWEARTHENERGY (rahim)-JUNE 2020-Signed.pdf,COMPANIES/CaliCat (H2U)/10_Technical_and_Diligence/H2E Mutual NDA - NEWEARTHENERGY (rahim)-JUNE 2020-Signed__F00407.pdf,PLACED,10 Technical & Diligence,False,moved,True
F00408,CaliCat (H2U),2022 H2U Data Room B2/NDA/NDAs 2020-2021/H2U - BasilK NDA signed.pdf,COMPANIES/CaliCat (H2U)/10_Technical_and_Diligence/H2U - BasilK NDA signed__F00408.pdf,PLACED,10 Technical & Diligence,False,moved,True
F00409,CaliCat (H2U),2022 H2U Data Room B2/NDA/NDAs 2020-2021/H2U - air products NDA.pdf,COMPANIES/CaliCat (H2U)/10_Technical_and_Diligence/H2U - air products NDA__F00409.pdf,PLACED,10 Technical & Diligence,False,moved,True
F00410,CaliCat (H2U),2022 H2U Data Room B2/NDA/NDAs 2020-2021/H2U Mutual NDA - Duterme.pdf,COMPANIES/CaliCat (H2U)/10_Technical_and_Diligence/H2U Mutual NDA - Duterme__F00410.pdf,PLACED,10 Technical & Diligence,False,moved,True
F00411,CaliCat (H2U),2022 H2U Data Room B2/NDA/NDAs 2020-2021/H2U Mutual NDA - Hess.pdf,COMPANIES/CaliCat (H2U)/14_Historical_Superseded/H2U Mutual NDA - Hess__F00411.pdf,SUPERSEDED,14 Historical / Superseded,False,moved,True
F00412,CaliCat (H2U),2022 H2U Data Room B2/NDA/NDAs 2020-2021/H2U Mutual NDA - SAIC Signed 11.15.20.pdf,COMPANIES/CaliCat (H2U)/10_Technical_and_Diligence/H2U Mutual NDA - SAIC Signed 11.15.20__F00412.pdf,PLACED,10 Technical & Diligence,False,moved,True
F00413,CaliCat (H2U),2022 H2U Data Room B2/NDA/NDAs 2020-2021/H2U Mutual NDA - generic-CXX.pdf,COMPANIES/CaliCat (H2U)/10_Technical_and_Diligence/H2U Mutual NDA - generic-CXX__F00413.pdf,PLACED,10 Technical & Diligence,False,moved,True
F00414,CaliCat (H2U),2022 H2U Data Room B2/NDA/NDAs 2020-2021/H2U Mutual NDA - generic.pdf,COMPANIES/CaliCat (H2U)/10_Technical_and_Diligence/H2U Mutual NDA - generic__F00414.pdf,PLACED,10 Technical & Diligence,False,moved,True
F00415,CaliCat (H2U),2022 H2U Data Room B2/NDA/NDAs 2020-2021/H2U Mutual NDA - hess.docx,COMPANIES/CaliCat (H2U)/10_Technical_and_Diligence/H2U Mutual NDA - hess__F00415.docx,PLACED,10 Technical & Diligence,False,moved,True
F00416,CaliCat (H2U),2022 H2U Data Room B2/NDA/NDAs 2020-2021/H2U NDA NitinV.pdf,COMPANIES/CaliCat (H2U)/10_Technical_and_Diligence/H2U NDA NitinV__F00416.pdf,PLACED,10 Technical & Diligence,False,moved,True
F00417,CaliCat (H2U),2022 H2U Data Room B2/NDA/NDAs 2020-2021/H2UNDA.PDF,COMPANIES/CaliCat (H2U)/10_Technical_and_Diligence/H2UNDA__F00417.PDF,PLACED,10 Technical & Diligence,False,moved,True
F00418,CaliCat (H2U),2022 H2U Data Room B2/NDA/NDAs 2020-2021/H2U_Idn Nda signed (1).pdf,COMPANIES/CaliCat (H2U)/10_Technical_and_Diligence/H2U_Idn Nda signed (1)__F00418.pdf,PLACED,10 Technical & Diligence,False,moved,True
F00419,CaliCat (H2U),2022 H2U Data Room B2/NDA/NDAs 2020-2021/H2U_Idn Nda signed.pdf,COMPANIES/CaliCat (H2U)/14_Historical_Superseded/H2U_Idn Nda signed__F00419.pdf,SUPERSEDED,14 Historical / Superseded,False,moved,True
F00420,CaliCat (H2U),"2022 H2U Data Room B2/NDA/NDAs 2020-2021/Hyundai H2U Technologies, Inc. fully executed NDA 10.26.2020.pdf","COMPANIES/CaliCat (H2U)/10_Technical_and_Diligence/Hyundai H2U Technologies, Inc. fully executed NDA 10.26.2020__F00420.pdf",PLACED,10 Technical & Diligence,False,moved,True
F00421,CaliCat (H2U),2022 H2U Data Room B2/NDA/NDAs 2020-2021/JEV - H2U NDA executed.pdf,COMPANIES/CaliCat (H2U)/10_Technical_and_Diligence/JEV - H2U NDA executed__F00421.pdf,PLACED,10 Technical & Diligence,False,moved,True
F00422,CaliCat (H2U),2022 H2U Data Room B2/NDA/NDAs 2020-2021/Kairos - H2U Mutual NDA (1).pdf,COMPANIES/CaliCat (H2U)/10_Technical_and_Diligence/Kairos - H2U Mutual NDA (1)__F00422.pdf,PLACED,10 Technical & Diligence,False,moved,True
F00423,CaliCat (H2U),2022 H2U Data Room B2/NDA/NDAs 2020-2021/Mutual NDA - H2U - Simon James - 2021 04 13.pdf,COMPANIES/CaliCat (H2U)/10_Technical_and_Diligence/Mutual NDA - H2U - Simon James - 2021 04 13__F00423.pdf,PLACED,10 Technical & Diligence,False,moved,True
F00424,CaliCat (H2U),2022 H2U Data Room B2/NDA/NDAs 2020-2021/Mutual NDA - H2U G Whitesides.pdf,COMPANIES/CaliCat (H2U)/10_Technical_and_Diligence/Mutual NDA - H2U G Whitesides__F00424.pdf,PLACED,10 Technical & Diligence,False,moved,True
F00425,CaliCat (H2U),2022 H2U Data Room B2/NDA/NDAs 2020-2021/Mutual NDA - H2U Inc and New Legacy (2).pdf,COMPANIES/CaliCat (H2U)/10_Technical_and_Diligence/Mutual NDA - H2U Inc and New Legacy (2)__F00425.pdf,PLACED,10 Technical & Diligence,False,moved,True
F00426,CaliCat (H2U),2022 H2U Data Room B2/NDA/NDAs 2020-2021/Mutual NDA - H2U Inc and New Legacy.pdf,COMPANIES/CaliCat (H2U)/14_Historical_Superseded/Mutual NDA - H2U Inc and New Legacy__F00426.pdf,SUPERSEDED,14 Historical / Superseded,False,moved,True
F00427,CaliCat (H2U),2022 H2U Data Room B2/NDA/NDAs 2020-2021/Mutual NDA - H2U and JEV signed.pdf,COMPANIES/CaliCat (H2U)/10_Technical_and_Diligence/Mutual NDA - H2U and JEV signed__F00427.pdf,PLACED,10 Technical & Diligence,False,moved,True
F00428,CaliCat (H2U),2022 H2U Data Room B2/NDA/NDAs 2020-2021/Mutual NDA - H2U and TerraVC.pdf,COMPANIES/CaliCat (H2U)/10_Technical_and_Diligence/Mutual NDA - H2U and TerraVC__F00428.pdf,PLACED,10 Technical & Diligence,False,moved,True
F00429,CaliCat (H2U),2022 H2U Data Room B2/NDA/NDAs 2020-2021/Mutual NDA - H2U edited 051121 (8) CP.docx,COMPANIES/CaliCat (H2U)/10_Technical_and_Diligence/Mutual NDA - H2U edited 051121 (8) CP__F00429.docx,PLACED,10 Technical & Diligence,False,moved,True
F00430,CaliCat (H2U),2022 H2U Data Room B2/NDA/NDAs 2020-2021/Mutual NDA - H2U.doc,COMPANIES/CaliCat (H2U)/14_Historical_Superseded/Mutual NDA - H2U__F00430.doc,SUPERSEDED,14 Historical / Superseded,False,moved,True
F00431,CaliCat (H2U),2022 H2U Data Room B2/NDA/NDAs 2020-2021/Mutual NDA - H2U.pdf,COMPANIES/CaliCat (H2U)/10_Technical_and_Diligence/Mutual NDA - H2U__F00431.pdf,PLACED,10 Technical & Diligence,False,moved,True
F00432,CaliCat (H2U),2022 H2U Data Room B2/NDA/NDAs 2020-2021/Mutual NDA - H2U_ADGConsulting.pdf,COMPANIES/CaliCat (H2U)/10_Technical_and_Diligence/Mutual NDA - H2U_ADGConsulting__F00432.pdf,PLACED,10 Technical & Diligence,False,moved,True
F00433,CaliCat (H2U),2022 H2U Data Room B2/NDA/NDAs 2020-2021/Mutual NDA - generic.doc,COMPANIES/CaliCat (H2U)/14_Historical_Superseded/Mutual NDA - generic.doc,SUPERSEDED,14 Historical / Superseded,False,moved,True
F00434,CaliCat (H2U),2022 H2U Data Room B2/NDA/NDAs 2020-2021/Mutual NDA - generic.pdf,COMPANIES/CaliCat (H2U)/10_Technical_and_Diligence/Mutual NDA - generic.pdf,PLACED,10 Technical & Diligence,False,moved,True
F00435,CaliCat (H2U),2022 H2U Data Room B2/NDA/NDAs 2020-2021/NDA -H2U and Volta - Fully Executed.pdf,COMPANIES/CaliCat (H2U)/10_Technical_and_Diligence/NDA -H2U and Volta - Fully Executed__F00435.pdf,PLACED,10 Technical & Diligence,False,moved,True
F00436,CaliCat (H2U),2022 H2U Data Room B2/NDA/NDAs 2020-2021/NDA -H2U and Volta.pdf,COMPANIES/CaliCat (H2U)/10_Technical_and_Diligence/NDA -H2U and Volta__F00436.pdf,PLACED,10 Technical & Diligence,False,moved,True
F00437,CaliCat (H2U),2022 H2U Data Room B2/NDA/NDAs 2020-2021/NDA EGP-H2U_Jan 2021.pdf,COMPANIES/CaliCat (H2U)/10_Technical_and_Diligence/NDA EGP-H2U_Jan 2021__F00437.pdf,PLACED,10 Technical & Diligence,False,moved,True
F00438,CaliCat (H2U),2022 H2U Data Room B2/NDA/NDAs 2020-2021/NDA Enel-H2U CLEAN for signing.docx,COMPANIES/CaliCat (H2U)/14_Historical_Superseded/NDA Enel-H2U CLEAN for signing__F00438.docx,SUPERSEDED,14 Historical / Superseded,False,moved,True
F00439,CaliCat (H2U),2022 H2U Data Room B2/NDA/NDAs 2020-2021/NDA Enel-H2U CLEAN for signing.pdf,COMPANIES/CaliCat (H2U)/10_Technical_and_Diligence/NDA Enel-H2U CLEAN for signing__F00439.pdf,PLACED,10 Technical & Diligence,False,moved,True
F00440,CaliCat (H2U),2022 H2U Data Room B2/NDA/NDAs 2020-2021/NDA Enel-H2U_Jan 2021.pdf,COMPANIES/CaliCat (H2U)/10_Technical_and_Diligence/NDA Enel-H2U_Jan 2021__F00440.pdf,PLACED,10 Technical & Diligence,False,moved,True
F00441,CaliCat (H2U),2022 H2U Data Room B2/NDA/NDAs 2020-2021/NDA Hess.pdf,COMPANIES/CaliCat (H2U)/10_Technical_and_Diligence/NDA Hess__F00441.pdf,PLACED,10 Technical & Diligence,False,moved,True
F00442,CaliCat (H2U),2022 H2U Data Room B2/NDA/NDAs 2020-2021/NDA Mutual - H2U Mark McGough.pdf,COMPANIES/CaliCat (H2U)/10_Technical_and_Diligence/NDA Mutual - H2U Mark McGough__F00442.pdf,PLACED,10 Technical & Diligence,False,moved,True
F00443,CaliCat (H2U),2022 H2U Data Room B2/NDA/NDAs 2020-2021/NDA NLT & H2U - Apr 23 2021 - 3-29 PM.pdf,COMPANIES/CaliCat (H2U)/10_Technical_and_Diligence/NDA NLT & H2U - Apr 23 2021 - 3-29 PM__F00443.pdf,PLACED,10 Technical & Diligence,False,moved,True
F00444,CaliCat (H2U),2022 H2U Data Room B2/NDA/NDAs 2020-2021/NDA Nov2020 Enel-H2U compare.docx,COMPANIES/CaliCat (H2U)/10_Technical_and_Diligence/NDA Nov2020 Enel-H2U compare__F00444.docx,PLACED,10 Technical & Diligence,False,moved,True
F00445,CaliCat (H2U),2022 H2U Data Room B2/NDA/NDAs 2020-2021/Please_DocuSign_bp_Ventures_-_H2U_NDA_14thMa.pdf,COMPANIES/CaliCat (H2U)/10_Technical_and_Diligence/Please_DocuSign_bp_Ventures_-_H2U_NDA_14thMa__F00445.pdf,PLACED,10 Technical & Diligence,False,moved,True
F00446,CaliCat (H2U),2022 H2U Data Room B2/NDA/NDAs 2020-2021/RKozikowski NDA.pdf,COMPANIES/CaliCat (H2U)/10_Technical_and_Diligence/RKozikowski NDA__F00446.pdf,PLACED,10 Technical & Diligence,False,moved,True
F00447,CaliCat (H2U),2022 H2U Data Room B2/NDA/NDAs 2020-2021/Ryse Hydrogen Ltd - Two way NDA.doc,COMPANIES/CaliCat (H2U)/14_Historical_Superseded/Ryse Hydrogen Ltd - Two way NDA__F00447.doc,SUPERSEDED,14 Historical / Superseded,False,moved,True
F00448,CaliCat (H2U),2022 H2U Data Room B2/NDA/NDAs 2020-2021/Ryse Hydrogen Ltd - Two way NDA.pdf,COMPANIES/CaliCat (H2U)/10_Technical_and_Diligence/Ryse Hydrogen Ltd - Two way NDA__F00448.pdf,PLACED,10 Technical & Diligence,False,moved,True
F00449,CaliCat (H2U),2022 H2U Data Room B2/NDA/NDAs 2020-2021/VoLo_SVX_NDA 2.docx,COMPANIES/CaliCat (H2U)/10_Technical_and_Diligence/VoLo_SVX_NDA 2.docx,PLACED,10 Technical & Diligence,False,moved,True
F00450,CaliCat (H2U),2022 H2U Data Room B2/NDA/NDAs 2020-2021/[Hanwha Solutions] NDA with H2U Technologies.pdf,COMPANIES/CaliCat (H2U)/10_Technical_and_Diligence/[Hanwha Solutions] NDA with H2U Technologies__F00450.pdf,PLACED,10 Technical & Diligence,False,moved,True
F00451,CaliCat (H2U),2022 H2U Data Room B2/Patents & Licensing/H2U International TM Reg Cert.pdf,COMPANIES/CaliCat (H2U)/10_Technical_and_Diligence/H2U International TM Reg Cert.pdf,PLACED,10 Technical & Diligence,False,moved,True
F00452,CaliCat (H2U),"2022 H2U Data Room B2/Patents & Licensing/H2U SERIES B, FINALc, APPENDIX ONLY.pdf","COMPANIES/CaliCat (H2U)/10_Technical_and_Diligence/H2U SERIES B, FINALc, APPENDIX ONLY.pdf",PLACED,10 Technical & Diligence,False,moved,True
F00453,CaliCat (H2U),2022 H2U Data Room B2/Patents & Licensing/Patent Organization 11082022.xlsx,COMPANIES/CaliCat (H2U)/10_Technical_and_Diligence/Patent Organization 11082022.xlsx,PLACED,10 Technical & Diligence,False,moved,True
F00454,CaliCat (H2U),2022 H2U Data Room B2/Patents & Licensing/Caltech/A5665-OPT-A1.pdf,COMPANIES/CaliCat (H2U)/10_Technical_and_Diligence/A5665-OPT-A1.pdf,PLACED,10 Technical & Diligence,False,moved,True
F00455,CaliCat (H2U),2022 H2U Data Room B2/Patents & Licensing/Caltech/A5665_H2U_Technologies_GDL_directbillletter_8-12-2021.pdf,COMPANIES/CaliCat (H2U)/10_Technical_and_Diligence/A5665_H2U_Technologies_GDL_directbillletter_8-12-2021.pdf,PLACED,10 Technical & Diligence,False,moved,True
F00456,CaliCat (H2U),2022 H2U Data Room B2/Patents & Licensing/Caltech/A5665_H2U_Technologies_Murgitroyd_directbill8-12-2021.pdf,COMPANIES/CaliCat (H2U)/10_Technical_and_Diligence/A5665_H2U_Technologies_Murgitroyd_directbill8-12-2021.pdf,PLACED,10 Technical & Diligence,False,moved,True
F00457,CaliCat (H2U),2022 H2U Data Room B2/Patents & Licensing/Caltech/A5665_H2U_Technologies_Murgitroyd_directbill8-12-20211.pdf,COMPANIES/CaliCat (H2U)/10_Technical_and_Diligence/A5665_H2U_Technologies_Murgitroyd_directbill8-12-20211.pdf,PLACED,10 Technical & Diligence,False,moved,True
F00458,CaliCat (H2U),"2022 H2U Data Room B2/Patents & Licensing/Caltech/H2U Technologies, Inc. - Issuance Agreement (Caltech) (Executed 07.23.2021)[1].pdf","COMPANIES/CaliCat (H2U)/10_Technical_and_Diligence/H2U Technologies, Inc. - Issuance Agreement (Caltech) (Executed 07.23.2021)[1].pdf",PLACED,10 Technical & Diligence,False,moved,True
F00459,CaliCat (H2U),"2022 H2U Data Room B2/Patents & Licensing/Caltech/H2U Technologies, Inc. - License Agreement - CalTech (Executed 07.23.2021)[1].pdf","COMPANIES/CaliCat (H2U)/10_Technical_and_Diligence/H2U Technologies, Inc. - License Agreement - CalTech (Executed 07.23.2021)[1].pdf",PLACED,10 Technical & Diligence,False,moved,True
F00460,CaliCat (H2U),2022 H2U Data Room B2/Patents & Licensing/Caltech/OTT-2094.pdf,COMPANIES/CaliCat (H2U)/10_Technical_and_Diligence/OTT-2094.pdf,PLACED,10 Technical & Diligence,False,moved,True
F00461,CaliCat (H2U),2022 H2U Data Room B2/Patents & Licensing/Caltech/Stock Certificate H2U.pdf,COMPANIES/CaliCat (H2U)/10_Technical_and_Diligence/Stock Certificate H2U.pdf,PLACED,10 Technical & Diligence,False,moved,True
F00462,CaliCat (H2U),2022 H2U Data Room B2/Patents & Licensing/Caltech/This is the monthly payment of $15_820 we make to CalTech.msg,COMPANIES/CaliCat (H2U)/10_Technical_and_Diligence/This is the monthly payment of $15_820 we make to CalTech.msg,PLACED,10 Technical & Diligence,False,moved,True
F00463,CaliCat (H2U),2022 H2U Data Room B2/Patents & Licensing/Caltech/image2022-01-21-115511.pdf,COMPANIES/CaliCat (H2U)/10_Technical_and_Diligence/image2022-01-21-115511.pdf,PLACED,10 Technical & Diligence,False,moved,True
F00464,CaliCat (H2U),2022 H2U Data Room B2/Production/H2U Tech-25 cm2 electrolyzer-4.pdf,COMPANIES/CaliCat (H2U)/10_Technical_and_Diligence/H2U Tech-25 cm2 electrolyzer-4.pdf,PLACED,10 Technical & Diligence,False,moved,True
F00465,CaliCat (H2U),2022 H2U Data Room B2/Production/H2U Technologies - Lab Equipment Transactions[5].xls,COMPANIES/CaliCat (H2U)/10_Technical_and_Diligence/H2U Technologies - Lab Equipment Transactions[5].xls,PLACED,10 Technical & Diligence,False,moved,True
F00466,CaliCat (H2U),2022 H2U Data Room B2/Production/Hydrogen Monitoring_H2U_PO.pdf,COMPANIES/CaliCat (H2U)/10_Technical_and_Diligence/Hydrogen Monitoring_H2U_PO.pdf,PLACED,10 Technical & Diligence,False,moved,True
F00467,CaliCat (H2U),2022 H2U Data Room B2/Production/Instrumart single crossover sensor h2 in O2 Estimate9537606_Rev2.pdf,COMPANIES/CaliCat (H2U)/10_Technical_and_Diligence/Instrumart single crossover sensor h2 in O2 Estimate9537606_Rev2.pdf,PLACED,10 Technical & Diligence,False,moved,True
F00468,CaliCat (H2U),2022 H2U Data Room B2/Production/Quote_22976_1654515899467.pdf,COMPANIES/CaliCat (H2U)/10_Technical_and_Diligence/Quote_22976_1654515899467.pdf,PLACED,10 Technical & Diligence,False,moved,True
F00469,CaliCat (H2U),"2022 H2U Data Room B2/Production/Cerion/H2U Technologies, Inc. - Mn.Sb R&D Proposal v3.pdf","COMPANIES/CaliCat (H2U)/10_Technical_and_Diligence/H2U Technologies, Inc. - Mn.Sb R&D Proposal v3.pdf",PLACED,10 Technical & Diligence,False,moved,True
F00470,CaliCat (H2U),2022 H2U Data Room B2/Production/Cerion/Purchase Order # PO0010.pdf,COMPANIES/CaliCat (H2U)/10_Technical_and_Diligence/Purchase Order _ PO0010.pdf,PLACED,10 Technical & Diligence,True,moved,True
F00471,CaliCat (H2U),2022 H2U Data Room B2/Production/Facility/Cleatech Ductless Fume hood.pdf,COMPANIES/CaliCat (H2U)/10_Technical_and_Diligence/Cleatech Ductless Fume hood.pdf,PLACED,10 Technical & Diligence,False,moved,True
F00472,CaliCat (H2U),"2022 H2U Data Room B2/Production/Facility/COTS/Commercial Invoice_H2U, by John, P5kW, USA(2022.03.11)-Delivery.pdf","COMPANIES/CaliCat (H2U)/10_Technical_and_Diligence/Commercial Invoice_H2U, by John, P5kW, USA(2022.03.11)-Delivery.pdf",PLACED,10 Technical & Diligence,False,moved,True
F00473,CaliCat (H2U),"2022 H2U Data Room B2/Production/Facility/COTS/Commercial Invoice_Kinetic Traction Systems, Inc, by John W. Arriola,P5kW, U.S.A(2022.02.28).pdf","COMPANIES/CaliCat (H2U)/10_Technical_and_Diligence/Commercial Invoice_Kinetic Traction Systems, Inc, by John W. Arriola,P5kW, U.S.A(2022.02.28).pdf",PLACED,10 Technical & Diligence,False,moved,True
F00474,CaliCat (H2U),2022 H2U Data Room B2/Production/Facility/COTS/Purchase Order # PO0005.pdf,COMPANIES/CaliCat (H2U)/10_Technical_and_Diligence/Purchase Order _ PO0005.pdf,PLACED,10 Technical & Diligence,True,moved,True
F00475,CaliCat (H2U),2022 H2U Data Room B2/Production/Facility/Lab Upfit/22-0729_JN2202 ASR#1(v1.0 H2U Lab).pdf,COMPANIES/CaliCat (H2U)/10_Technical_and_Diligence/22-0729_JN2202 ASR_1(v1.0 H2U Lab).pdf,PLACED,10 Technical & Diligence,True,moved,True
F00476,CaliCat (H2U),2022 H2U Data Room B2/Production/Facility/Lab Upfit/ACH-2021.pdf,COMPANIES/CaliCat (H2U)/10_Technical_and_Diligence/ACH-2021.pdf,PLACED,10 Technical & Diligence,False,moved,True
F00477,CaliCat (H2U),2022 H2U Data Room B2/Production/Facility/Lab Upfit/Inv_220206_from_GP_Architecture_Inc._23564.pdf,COMPANIES/CaliCat (H2U)/10_Technical_and_Diligence/Inv_220206_from_GP_Architecture_Inc._23564.pdf,PLACED,10 Technical & Diligence,False,moved,True
F00478,CaliCat (H2U),2022 H2U Data Room B2/Production/Facility/Lab Upfit/Invoice #12773.pdf,COMPANIES/CaliCat (H2U)/10_Technical_and_Diligence/Invoice _12773.pdf,PLACED,10 Technical & Diligence,True,moved,True
F00479,CaliCat (H2U),2022 H2U Data Room B2/Production/Facility/Lab Upfit/Invoice #12836.pdf,COMPANIES/CaliCat (H2U)/10_Technical_and_Diligence/Invoice _12836.pdf,PLACED,10 Technical & Diligence,True,moved,True
F00480,CaliCat (H2U),2022 H2U Data Room B2/Production/Facility/Lab Upfit/Invoice #12888.pdf,COMPANIES/CaliCat (H2U)/10_Technical_and_Diligence/Invoice _12888.pdf,PLACED,10 Technical & Diligence,True,moved,True
F00481,CaliCat (H2U),2022 H2U Data Room B2/Production/Facility/Lab Upfit/Parker Brown 12948.PDF,COMPANIES/CaliCat (H2U)/10_Technical_and_Diligence/Parker Brown 12948.PDF,PLACED,10 Technical & Diligence,False,moved,True
F00482,CaliCat (H2U),2022 H2U Data Room B2/Production/Facility/Lab Upfit/Parker Brown 12949.PDF,COMPANIES/CaliCat (H2U)/10_Technical_and_Diligence/Parker Brown 12949.PDF,PLACED,10 Technical & Diligence,False,moved,True
F00483,CaliCat (H2U),2022 H2U Data Room B2/Production/KT asset transfer/Bill of Sale - Equipment RevB.pdf,COMPANIES/CaliCat (H2U)/10_Technical_and_Diligence/Bill of Sale - Equipment RevB.pdf,PLACED,10 Technical & Diligence,False,moved,True
F00484,CaliCat (H2U),2022 H2U Data Room B2/Production/KT asset transfer/Signed BOS.PDF,COMPANIES/CaliCat (H2U)/10_Technical_and_Diligence/Signed BOS.PDF,PLACED,10 Technical & Diligence,False,moved,True
F00485,CaliCat (H2U),2022 H2U Data Room B2/Production/KT asset transfer/US Bank Wire Instructions - Kinetic Traction Systems.pdf,COMPANIES/CaliCat (H2U)/10_Technical_and_Diligence/US Bank Wire Instructions - Kinetic Traction Systems.pdf,PLACED,10 Technical & Diligence,False,moved,True
F00486,CaliCat (H2U),2022 H2U Data Room B2/Production/Microfab/Inv_123089_from_MicroFab_Technologies_Inc_15448.pdf,COMPANIES/CaliCat (H2U)/10_Technical_and_Diligence/Inv_123089_from_MicroFab_Technologies_Inc_15448.pdf,PLACED,10 Technical & Diligence,False,moved,True
F00487,CaliCat (H2U),2022 H2U Data Room B2/Production/Microfab/Printer quote 20210818.doc,COMPANIES/CaliCat (H2U)/10_Technical_and_Diligence/Printer quote 20210818.doc,PLACED,10 Technical & Diligence,False,moved,True
F00488,CaliCat (H2U),2022 H2U Data Room B2/Production/Microfab/jian_jin_quote_072821 (3) Microfab (Drop on demand).pdf,COMPANIES/CaliCat (H2U)/10_Technical_and_Diligence/jian_jin_quote_072821 (3) Microfab (Drop on demand).pdf,PLACED,10 Technical & Diligence,False,moved,True
F00489,CaliCat (H2U),2022 H2U Data Room B2/Production/PO/Brooks Instrument Quotation SQIV014915_2.pdf,COMPANIES/CaliCat (H2U)/10_Technical_and_Diligence/Brooks Instrument Quotation SQIV014915_2.pdf,PLACED,10 Technical & Diligence,False,moved,True
F00490,CaliCat (H2U),2022 H2U Data Room B2/Production/PO/H2U PO 052022.pdf,COMPANIES/CaliCat (H2U)/10_Technical_and_Diligence/H2U PO 052022.pdf,PLACED,10 Technical & Diligence,False,moved,True
F00491,CaliCat (H2U),2022 H2U Data Room B2/Production/PO/H2U PO# 52622.pdf,COMPANIES/CaliCat (H2U)/10_Technical_and_Diligence/H2U PO_ 52622.pdf,PLACED,10 Technical & Diligence,True,moved,True
F00492,CaliCat (H2U),2022 H2U Data Room B2/Production/PO/H2U Tech-25 cm2 electrolyzer.docx,COMPANIES/CaliCat (H2U)/10_Technical_and_Diligence/H2U Tech-25 cm2 electrolyzer.docx,PLACED,10 Technical & Diligence,False,moved,True
F00493,CaliCat (H2U),2022 H2U Data Room B2/Production/PO/Purchase Order # PO0003.pdf,COMPANIES/CaliCat (H2U)/10_Technical_and_Diligence/Purchase Order _ PO0003.pdf,PLACED,10 Technical & Diligence,True,moved,True
F00494,CaliCat (H2U),2022 H2U Data Room B2/Production/PO/Purchase Order # PO0004 (1).pdf,COMPANIES/CaliCat (H2U)/10_Technical_and_Diligence/Purchase Order _ PO0004 (1).pdf,PLACED,10 Technical & Diligence,True,moved,True
F00495,CaliCat (H2U),2022 H2U Data Room B2/Production/PO/Purchase Order # PO0006.pdf,COMPANIES/CaliCat (H2U)/10_Technical_and_Diligence/Purchase Order _ PO0006.pdf,PLACED,10 Technical & Diligence,True,moved,True
F00496,CaliCat (H2U),2022 H2U Data Room B2/Production/PO/Purchase Order # PO0007.pdf,COMPANIES/CaliCat (H2U)/10_Technical_and_Diligence/Purchase Order _ PO0007.pdf,PLACED,10 Technical & Diligence,True,moved,True
F00497,CaliCat (H2U),2022 H2U Data Room B2/Production/PO/Purchase Order # PO0009.pdf,COMPANIES/CaliCat (H2U)/10_Technical_and_Diligence/Purchase Order _ PO0009.pdf,PLACED,10 Technical & Diligence,True,moved,True
F00498,CaliCat (H2U),2022 H2U Data Room B2/Production/PO/Purchase Order # PO0014.pdf,COMPANIES/CaliCat (H2U)/10_Technical_and_Diligence/Purchase Order _ PO0014.pdf,PLACED,10 Technical & Diligence,True,moved,True
F00499,CaliCat (H2U),2022 H2U Data Room B2/Production/PO/Purchase Order # PO0015.pdf,COMPANIES/CaliCat (H2U)/10_Technical_and_Diligence/Purchase Order _ PO0015.pdf,PLACED,10 Technical & Diligence,True,moved,True
F00500,CaliCat (H2U),2022 H2U Data Room B2/Production/PO/Q#6013832 - H2U (HP300) rev.pdf,COMPANIES/CaliCat (H2U)/10_Technical_and_Diligence/Q_6013832 - H2U (HP300) rev.pdf,PLACED,10 Technical & Diligence,True,moved,True
F00501,CaliCat (H2U),2022 H2U Data Room B2/Production/PO/Q#6013833 - H2U (HDS) rev.pdf,COMPANIES/CaliCat (H2U)/10_Technical_and_Diligence/Q_6013833 - H2U (HDS) rev.pdf,PLACED,10 Technical & Diligence,True,moved,True
F00502,CaliCat (H2U),2022 H2U Data Room B2/Production/PO/SDC Machining Status.xlsx,COMPANIES/CaliCat (H2U)/10_Technical_and_Diligence/SDC Machining Status.xlsx,PLACED,10 Technical & Diligence,False,moved,True
F00503,CaliCat (H2U),2022 H2U Data Room B2/Production/PO/h2u_quote_050322a.pdf,COMPANIES/CaliCat (H2U)/10_Technical_and_Diligence/h2u_quote_050322a.pdf,PLACED,10 Technical & Diligence,False,moved,True
F00504,CaliCat (H2U),2022 H2U Data Room B2/Production/PO/h2u_quote_050322b.pdf,COMPANIES/CaliCat (H2U)/10_Technical_and_Diligence/h2u_quote_050322b.pdf,PLACED,10 Technical & Diligence,False,moved,True
F00505,CaliCat (H2U),2022 H2U Data Room B2/Production/Precision Welding & Fabrication/Est_521_from_PRECISION_WELDING__FABRICATION_14928.pdf,COMPANIES/CaliCat (H2U)/10_Technical_and_Diligence/Est_521_from_PRECISION_WELDING__FABRICATION_14928.pdf,PLACED,10 Technical & Diligence,False,moved,True
F00506,CaliCat (H2U),2022 H2U Data Room B2/Production/Precision Welding & Fabrication/Est_572 R1_PRECISION_WELDING__FABRICATION_14928 PO0005.pdf,COMPANIES/CaliCat (H2U)/10_Technical_and_Diligence/Est_572 R1_PRECISION_WELDING__FABRICATION_14928 PO0005.pdf,PLACED,10 Technical & Diligence,False,moved,True
F00507,CaliCat (H2U),2022 H2U Data Room B2/Production/Precision Welding & Fabrication/Est_572 R1_PRECISION_WELDING__FABRICATION_14928.pdf,COMPANIES/CaliCat (H2U)/10_Technical_and_Diligence/Est_572 R1_PRECISION_WELDING__FABRICATION_14928.pdf,PLACED,10 Technical & Diligence,False,moved,True
F00508,CaliCat (H2U),2022 H2U Data Room B2/Production/Precision Welding & Fabrication/Inv_6574_from_PRECISION_WELDING__FABRICATION_123404.pdf,COMPANIES/CaliCat (H2U)/10_Technical_and_Diligence/Inv_6574_from_PRECISION_WELDING__FABRICATION_123404.pdf,PLACED,10 Technical & Diligence,False,moved,True
F00509,CaliCat (H2U),2022 H2U Data Room B2/Production/Precision Welding & Fabrication/Invoice 1.pdf,COMPANIES/CaliCat (H2U)/10_Technical_and_Diligence/Invoice 1.pdf,PLACED,10 Technical & Diligence,False,moved,True
F00510,CaliCat (H2U),2022 H2U Data Room B2/Production/Precision Welding & Fabrication/JHL W9.pdf,COMPANIES/CaliCat (H2U)/10_Technical_and_Diligence/JHL W9.pdf,PLACED,10 Technical & Diligence,False,moved,True
F00511,CaliCat (H2U),2022 H2U Data Room B2/Production/Precision Welding & Fabrication/PO_PRECISION_WELDING__FABRICATION.pdf,COMPANIES/CaliCat (H2U)/10_Technical_and_Diligence/PO_PRECISION_WELDING__FABRICATION.pdf,PLACED,10 Technical & Diligence,False,moved,True
F00512,CaliCat (H2U),2022 H2U Data Room B2/Production/Precision Welding & Fabrication/WGCSS_Formal Drawing_CA PE Stamped.pdf,COMPANIES/CaliCat (H2U)/10_Technical_and_Diligence/WGCSS_Formal Drawing_CA PE Stamped.pdf,PLACED,10 Technical & Diligence,False,moved,True
F00513,CaliCat (H2U),2022 H2U Data Room B2/Production/Precision Welding & Fabrication/Water Column Design_bid_rev1.pdf,COMPANIES/CaliCat (H2U)/10_Technical_and_Diligence/Water Column Design_bid_rev1.pdf,PLACED,10 Technical & Diligence,False,moved,True
F00514,CaliCat (H2U),2022 H2U Data Room B2/Production/Sputtering/211021 Lesker PO (002).pdf h2u v1.pdf,COMPANIES/CaliCat (H2U)/14_Historical_Superseded/211021 Lesker PO (002).pdf h2u v1.pdf,SUPERSEDED,14 Historical / Superseded,False,moved,True
F00515,CaliCat (H2U),2022 H2U Data Room B2/Production/Sputtering/211021 Lesker PO (002).pdf h2u.pdf,COMPANIES/CaliCat (H2U)/10_Technical_and_Diligence/211021 Lesker PO (002).pdf h2u.pdf,PLACED,10 Technical & Diligence,False,moved,True
F00516,CaliCat (H2U),2022 H2U Data Room B2/Production/Sputtering/Fwd_ sputtering system.msg,COMPANIES/CaliCat (H2U)/10_Technical_and_Diligence/Fwd_ sputtering system.msg,PLACED,10 Technical & Diligence,False,moved,True
F00517,CaliCat (H2U),2022 H2U Data Room B2/Production/Sputtering/H2U PO.pdf,COMPANIES/CaliCat (H2U)/10_Technical_and_Diligence/H2U PO.pdf,PLACED,10 Technical & Diligence,False,moved,True
F00518,CaliCat (H2U),2022 H2U Data Room B2/Production/Sputtering/PVD200 combi sputter 6 gun w heat John Gregoire SQ10-0002382db4.xlsx,COMPANIES/CaliCat (H2U)/10_Technical_and_Diligence/PVD200 combi sputter 6 gun w heat John Gregoire SQ10-0002382db4.xlsx,PLACED,10 Technical & Diligence,False,moved,True
F00519,CaliCat (H2U),2022 H2U Data Room B2/Production/Sputtering/SPS -SQ10-0002382db4- H2U multi LL.xlsx,COMPANIES/CaliCat (H2U)/10_Technical_and_Diligence/SPS -SQ10-0002382db4- H2U multi LL.xlsx,PLACED,10 Technical & Diligence,False,moved,True
F00520,CaliCat (H2U),2022 H2U Data Room B2/Production/Sputtering/SQ10-0026520-1.pdf,COMPANIES/CaliCat (H2U)/10_Technical_and_Diligence/SQ10-0026520-1.pdf,PLACED,10 Technical & Diligence,False,moved,True
F00521,CaliCat (H2U),2022 H2U Data Room B2/Production/Sputtering/SQ10-0026520.pdf,COMPANIES/CaliCat (H2U)/10_Technical_and_Diligence/SQ10-0026520.pdf,PLACED,10 Technical & Diligence,False,moved,True
F00522,CaliCat (H2U),2022 H2U Data Room B2/Production/Sputtering/els_PSAProjInvoice.Report.pdf,COMPANIES/CaliCat (H2U)/10_Technical_and_Diligence/els_PSAProjInvoice.Report.pdf,PLACED,10 Technical & Diligence,False,moved,True
F00523,CaliCat (H2U),2022 H2U Data Room B2/Taxes/fw9 H2U2.pdf,COMPANIES/CaliCat (H2U)/10_Technical_and_Diligence/fw9 H2U2.pdf,PLACED,10 Technical & Diligence,False,moved,True
F00524,CaliCat (H2U),2022 H2U Data Room B2/Taxes/2020 Taxes/201231 2020 Tax Return.pdf,COMPANIES/CaliCat (H2U)/10_Technical_and_Diligence/201231 2020 Tax Return.pdf,PLACED,10 Technical & Diligence,False,moved,True
F00525,CaliCat (H2U),2022 H2U Data Room B2/Taxes/2021 Taxes/2021 DE annual report amended.pdf,COMPANIES/CaliCat (H2U)/10_Technical_and_Diligence/2021 DE annual report amended.pdf,PLACED,10 Technical & Diligence,False,moved,True
F00526,CaliCat (H2U),2022 H2U Data Room B2/Taxes/2021 Taxes/2021 DE annual report.pdf,COMPANIES/CaliCat (H2U)/10_Technical_and_Diligence/2021 DE annual report.pdf,PLACED,10 Technical & Diligence,False,moved,True
F00527,CaliCat (H2U),2022 H2U Data Room B2/Taxes/2021 Taxes/2021 FA FS.xls,COMPANIES/CaliCat (H2U)/10_Technical_and_Diligence/2021 FA FS.xls,PLACED,10 Technical & Diligence,False,moved,True
F00528,CaliCat (H2U),2022 H2U Data Room B2/Taxes/2021 Taxes/2021 tax info request-H2U.msg,COMPANIES/CaliCat (H2U)/10_Technical_and_Diligence/2021 tax info request-H2U.msg,PLACED,10 Technical & Diligence,False,moved,True
F00529,CaliCat (H2U),2022 H2U Data Room B2/Taxes/2021 Taxes/H2U 2021 tax return-client copy.PDF,COMPANIES/CaliCat (H2U)/10_Technical_and_Diligence/H2U 2021 tax return-client copy.PDF,PLACED,10 Technical & Diligence,False,moved,True
F00530,CaliCat (H2U),2022 H2U Data Room B2/Taxes/2021 Taxes/sample tax depreciation schedule.pdf,COMPANIES/CaliCat (H2U)/10_Technical_and_Diligence/sample tax depreciation schedule.pdf,PLACED,10 Technical & Diligence,False,moved,True
F00531,CaliCat (H2U),2022 H2U Data Room B2/Taxes/2021 Taxes/2021 Tax return/2021 Form 1120-S.pdf,COMPANIES/CaliCat (H2U)/10_Technical_and_Diligence/2021 Form 1120-S.pdf,PLACED,10 Technical & Diligence,False,moved,True
F00532,CaliCat (H2U),2022 H2U Data Room B2/Taxes/2021 Taxes/2021 Tax return/2021 extension & 2021&2022 CA payments.PDF,COMPANIES/CaliCat (H2U)/10_Technical_and_Diligence/2021 extension & 2021&2022 CA payments.PDF,PLACED,10 Technical & Diligence,False,moved,True
F00533,CaliCat (H2U),2022 H2U Data Room B2/Taxes/2021 Taxes/R&D Tax credit/H2U Technologies_2021_R_D Credit_Info Request.pdf,COMPANIES/CaliCat (H2U)/10_Technical_and_Diligence/H2U Technologies_2021_R_D Credit_Info Request.pdf,PLACED,10 Technical & Diligence,False,moved,True
F00534,CaliCat (H2U),2022 H2U Data Room B2/Taxes/2021 Taxes/R&D Tax credit/Mutual NDA - H2U NB Signed.pdf,COMPANIES/CaliCat (H2U)/10_Technical_and_Diligence/Mutual NDA - H2U NB Signed.pdf,PLACED,10 Technical & Diligence,False,moved,True
F00535,CaliCat (H2U),2022 H2U Data Room B2/Taxes/2021 Taxes/R&D Tax credit/RE_ 2021 income return filing_ R and D specialist.msg,COMPANIES/CaliCat (H2U)/10_Technical_and_Diligence/RE_ 2021 income return filing_ R and D specialist.msg,PLACED,10 Technical & Diligence,False,moved,True
F00536,CaliCat (H2U),2022 H2U Data Room B2/Taxes/2022 Taxes/2022 DE annual report.pdf,COMPANIES/CaliCat (H2U)/10_Technical_and_Diligence/2022 DE annual report.pdf,PLACED,10 Technical & Diligence,False,moved,True
F00537,CaliCat (H2U),2022 H2U Data Room B2/Taxes/2022 Taxes/2022 Extension.PDF,COMPANIES/CaliCat (H2U)/10_Technical_and_Diligence/2022 Extension.PDF,PLACED,10 Technical & Diligence,False,moved,True
F00538,CaliCat (H2U),2022 H2U Data Room B2/Taxes/2022 Taxes/H2U 2022 CA Sales tax return copy.pdf,COMPANIES/CaliCat (H2U)/10_Technical_and_Diligence/H2U 2022 CA Sales tax return copy.pdf,PLACED,10 Technical & Diligence,False,moved,True
F00539,CaliCat (H2U),2022 H2U Data Room B2/Taxes/2022 Taxes/H2U Technologies - Detailed Account Transaction Report[40].xls,COMPANIES/CaliCat (H2U)/10_Technical_and_Diligence/H2U Technologies - Detailed Account Transaction Report[40].xls,PLACED,10 Technical & Diligence,False,moved,True
F00540,CaliCat (H2U),2022 H2U Data Room B2/Taxes/2022 Taxes/H2U Technologies - Donation Acknowledgement Letter.pdf,COMPANIES/CaliCat (H2U)/10_Technical_and_Diligence/H2U Technologies - Donation Acknowledgement Letter.pdf,PLACED,10 Technical & Diligence,False,moved,True
F00541,CaliCat (H2U),"2022 H2U Data Room B2/Taxes/2022 Taxes/2022 W2/US_Company_W-2_Cover_Sheet_H2U Technologies, Inc.pdf","COMPANIES/CaliCat (H2U)/10_Technical_and_Diligence/US_Company_W-2_Cover_Sheet_H2U Technologies, Inc.pdf",PLACED,10 Technical & Diligence,False,moved,True
F00542,CaliCat (H2U),2022 H2U Data Room B2/Taxes/2022 Taxes/2022 W2/US_W-2_Achorn_Odin_7757869436647332.pdf,COMPANIES/CaliCat (H2U)/10_Technical_and_Diligence/US_W-2_Achorn_Odin_7757869436647332.pdf,PLACED,10 Technical & Diligence,False,moved,True
F00543,CaliCat (H2U),2022 H2U Data Room B2/Taxes/2022 Taxes/2022 W2/US_W-2_Adabi Firouzjaie_Horie_7757869436576233.pdf,COMPANIES/CaliCat (H2U)/10_Technical_and_Diligence/US_W-2_Adabi Firouzjaie_Horie_7757869436576233.pdf,PLACED,10 Technical & Diligence,False,moved,True
F00544,CaliCat (H2U),2022 H2U Data Room B2/Taxes/2022 Taxes/2022 W2/US_W-2_Arriola_John_7757869436575896.pdf,COMPANIES/CaliCat (H2U)/10_Technical_and_Diligence/US_W-2_Arriola_John_7757869436575896.pdf,PLACED,10 Technical & Diligence,False,moved,True
F00545,CaliCat (H2U),2022 H2U Data Room B2/Taxes/2022 Taxes/2022 W2/US_W-2_Duterme_Thomas_7757869435411234.pdf,COMPANIES/CaliCat (H2U)/10_Technical_and_Diligence/US_W-2_Duterme_Thomas_7757869435411234.pdf,PLACED,10 Technical & Diligence,False,moved,True
F00546,CaliCat (H2U),2022 H2U Data Room B2/Taxes/2022 Taxes/2022 W2/US_W-2_Employer_Copy_Achorn_Odin_7757869436647332.pdf,COMPANIES/CaliCat (H2U)/10_Technical_and_Diligence/US_W-2_Employer_Copy_Achorn_Odin_7757869436647332.pdf,PLACED,10 Technical & Diligence,False,moved,True
F00547,CaliCat (H2U),2022 H2U Data Room B2/Taxes/2022 Taxes/2022 W2/US_W-2_Employer_Copy_Adabi Firouzjaie_Horie_7757869436576233.pdf,COMPANIES/CaliCat (H2U)/10_Technical_and_Diligence/US_W-2_Employer_Copy_Adabi Firouzjaie_Horie_7757869436576233.pdf,PLACED,10 Technical & Diligence,False,moved,True
F00548,CaliCat (H2U),2022 H2U Data Room B2/Taxes/2022 Taxes/2022 W2/US_W-2_Employer_Copy_Arriola_John_7757869436575896.pdf,COMPANIES/CaliCat (H2U)/10_Technical_and_Diligence/US_W-2_Employer_Copy_Arriola_John_7757869436575896.pdf,PLACED,10 Technical & Diligence,False,moved,True
F00549,CaliCat (H2U),2022 H2U Data Room B2/Taxes/2022 Taxes/2022 W2/US_W-2_Employer_Copy_Duterme_Thomas_7757869435411234.pdf,COMPANIES/CaliCat (H2U)/10_Technical_and_Diligence/US_W-2_Employer_Copy_Duterme_Thomas_7757869435411234.pdf,PLACED,10 Technical & Diligence,False,moved,True
F00550,CaliCat (H2U),2022 H2U Data Room B2/Taxes/2022 Taxes/2022 W2/US_W-2_Employer_Copy_Fuller_Angela_7757869436155292.pdf,COMPANIES/CaliCat (H2U)/10_Technical_and_Diligence/US_W-2_Employer_Copy_Fuller_Angela_7757869436155292.pdf,PLACED,10 Technical & Diligence,False,moved,True
F00551,CaliCat (H2U),2022 H2U Data Room B2/Taxes/2022 Taxes/2022 W2/US_W-2_Employer_Copy_Giovinazzo_Cherish_7757869436806085.pdf,COMPANIES/CaliCat (H2U)/10_Technical_and_Diligence/US_W-2_Employer_Copy_Giovinazzo_Cherish_7757869436806085.pdf,PLACED,10 Technical & Diligence,False,moved,True
F00552,CaliCat (H2U),2022 H2U Data Room B2/Taxes/2022 Taxes/2022 W2/US_W-2_Employer_Copy_Jaffe-Lewis_Steven_7757869435669125.pdf,COMPANIES/CaliCat (H2U)/10_Technical_and_Diligence/US_W-2_Employer_Copy_Jaffe-Lewis_Steven_7757869435669125.pdf,PLACED,10 Technical & Diligence,False,moved,True
F00553,CaliCat (H2U),2022 H2U Data Room B2/Taxes/2022 Taxes/2022 W2/US_W-2_Employer_Copy_Jin_Jian_7757869435250527.pdf,COMPANIES/CaliCat (H2U)/10_Technical_and_Diligence/US_W-2_Employer_Copy_Jin_Jian_7757869435250527.pdf,PLACED,10 Technical & Diligence,False,moved,True
F00554,CaliCat (H2U),2022 H2U Data Room B2/Taxes/2022 Taxes/2022 W2/US_W-2_Employer_Copy_Kanady_Jacob_7757869436576626.pdf,COMPANIES/CaliCat (H2U)/10_Technical_and_Diligence/US_W-2_Employer_Copy_Kanady_Jacob_7757869436576626.pdf,PLACED,10 Technical & Diligence,False,moved,True
F00555,CaliCat (H2U),2022 H2U Data Room B2/Taxes/2022 Taxes/2022 W2/US_W-2_Employer_Copy_Lichterman_Michael_7757869435632232.pdf,COMPANIES/CaliCat (H2U)/10_Technical_and_Diligence/US_W-2_Employer_Copy_Lichterman_Michael_7757869435632232.pdf,PLACED,10 Technical & Diligence,False,moved,True
F00556,CaliCat (H2U),2022 H2U Data Room B2/Taxes/2022 Taxes/2022 W2/US_W-2_Employer_Copy_Lin_Charlie_7757869436173585.pdf,COMPANIES/CaliCat (H2U)/10_Technical_and_Diligence/US_W-2_Employer_Copy_Lin_Charlie_7757869436173585.pdf,PLACED,10 Technical & Diligence,False,moved,True
F00557,CaliCat (H2U),2022 H2U Data Room B2/Taxes/2022 Taxes/2022 W2/US_W-2_Employer_Copy_Liotta_Andrew_7757869437153563.pdf,COMPANIES/CaliCat (H2U)/10_Technical_and_Diligence/US_W-2_Employer_Copy_Liotta_Andrew_7757869437153563.pdf,PLACED,10 Technical & Diligence,False,moved,True
F00558,CaliCat (H2U),2022 H2U Data Room B2/Taxes/2022 Taxes/2022 W2/US_W-2_Employer_Copy_Maharaj_Anita_7757869435250532.pdf,COMPANIES/CaliCat (H2U)/10_Technical_and_Diligence/US_W-2_Employer_Copy_Maharaj_Anita_7757869435250532.pdf,PLACED,10 Technical & Diligence,False,moved,True
F00559,CaliCat (H2U),2022 H2U Data Room B2/Taxes/2022 Taxes/2022 W2/US_W-2_Employer_Copy_Mazza_Michael_7757869435419135.pdf,COMPANIES/CaliCat (H2U)/10_Technical_and_Diligence/US_W-2_Employer_Copy_Mazza_Michael_7757869435419135.pdf,PLACED,10 Technical & Diligence,False,moved,True
F00560,CaliCat (H2U),2022 H2U Data Room B2/Taxes/2022 Taxes/2022 W2/US_W-2_Employer_Copy_McGough_Mark_7757869435676316.pdf,COMPANIES/CaliCat (H2U)/10_Technical_and_Diligence/US_W-2_Employer_Copy_McGough_Mark_7757869435676316.pdf,PLACED,10 Technical & Diligence,False,moved,True
F00561,CaliCat (H2U),2022 H2U Data Room B2/Taxes/2022 Taxes/2022 W2/US_W-2_Employer_Copy_Rinaldi_Katherine_7757869435410204.pdf,COMPANIES/CaliCat (H2U)/10_Technical_and_Diligence/US_W-2_Employer_Copy_Rinaldi_Katherine_7757869435410204.pdf,PLACED,10 Technical & Diligence,False,moved,True
F00562,CaliCat (H2U),2022 H2U Data Room B2/Taxes/2022 Taxes/2022 W2/US_W-2_Employer_Copy_Sookezian_Arvin_7757869435465917.pdf,COMPANIES/CaliCat (H2U)/10_Technical_and_Diligence/US_W-2_Employer_Copy_Sookezian_Arvin_7757869435465917.pdf,PLACED,10 Technical & Diligence,False,moved,True
F00563,CaliCat (H2U),2022 H2U Data Room B2/Taxes/2022 Taxes/2022 W2/US_W-2_Employer_Copy_Wang_Jun_7757869435368789.pdf,COMPANIES/CaliCat (H2U)/10_Technical_and_Diligence/US_W-2_Employer_Copy_Wang_Jun_7757869435368789.pdf,PLACED,10 Technical & Diligence,False,moved,True
F00564,CaliCat (H2U),2022 H2U Data Room B2/Taxes/2022 Taxes/2022 W2/US_W-2_Employer_Copy_Wollenberg_STEPHEN_7757869435250522.pdf,COMPANIES/CaliCat (H2U)/10_Technical_and_Diligence/US_W-2_Employer_Copy_Wollenberg_STEPHEN_7757869435250522.pdf,PLACED,10 Technical & Diligence,False,moved,True
F00565,CaliCat (H2U),2022 H2U Data Room B2/Taxes/2022 Taxes/2022 W2/US_W-2_Fuller_Angela_7757869436155292.pdf,COMPANIES/CaliCat (H2U)/10_Technical_and_Diligence/US_W-2_Fuller_Angela_7757869436155292.pdf,PLACED,10 Technical & Diligence,False,moved,True
F00566,CaliCat (H2U),2022 H2U Data Room B2/Taxes/2022 Taxes/2022 W2/US_W-2_Giovinazzo_Cherish_7757869436806085.pdf,COMPANIES/CaliCat (H2U)/10_Technical_and_Diligence/US_W-2_Giovinazzo_Cherish_7757869436806085.pdf,PLACED,10 Technical & Diligence,False,moved,True
F00567,CaliCat (H2U),2022 H2U Data Room B2/Taxes/2022 Taxes/2022 W2/US_W-2_Jaffe-Lewis_Steven_7757869435669125.pdf,COMPANIES/CaliCat (H2U)/10_Technical_and_Diligence/US_W-2_Jaffe-Lewis_Steven_7757869435669125.pdf,PLACED,10 Technical & Diligence,False,moved,True
F00568,CaliCat (H2U),2022 H2U Data Room B2/Taxes/2022 Taxes/2022 W2/US_W-2_Jin_Jian_7757869435250527.pdf,COMPANIES/CaliCat (H2U)/10_Technical_and_Diligence/US_W-2_Jin_Jian_7757869435250527.pdf,PLACED,10 Technical & Diligence,False,moved,True
F00569,CaliCat (H2U),2022 H2U Data Room B2/Taxes/2022 Taxes/2022 W2/US_W-2_Kanady_Jacob_7757869436576626.pdf,COMPANIES/CaliCat (H2U)/10_Technical_and_Diligence/US_W-2_Kanady_Jacob_7757869436576626.pdf,PLACED,10 Technical & Diligence,False,moved,True
F00570,CaliCat (H2U),2022 H2U Data Room B2/Taxes/2022 Taxes/2022 W2/US_W-2_Lichterman_Michael_7757869435632232.pdf,COMPANIES/CaliCat (H2U)/10_Technical_and_Diligence/US_W-2_Lichterman_Michael_7757869435632232.pdf,PLACED,10 Technical & Diligence,False,moved,True
F00571,CaliCat (H2U),2022 H2U Data Room B2/Taxes/2022 Taxes/2022 W2/US_W-2_Lin_Charlie_7757869436173585.pdf,COMPANIES/CaliCat (H2U)/10_Technical_and_Diligence/US_W-2_Lin_Charlie_7757869436173585.pdf,PLACED,10 Technical & Diligence,False,moved,True
F00572,CaliCat (H2U),2022 H2U Data Room B2/Taxes/2022 Taxes/2022 W2/US_W-2_Liotta_Andrew_7757869437153563.pdf,COMPANIES/CaliCat (H2U)/10_Technical_and_Diligence/US_W-2_Liotta_Andrew_7757869437153563.pdf,PLACED,10 Technical & Diligence,False,moved,True
F00573,CaliCat (H2U),2022 H2U Data Room B2/Taxes/2022 Taxes/2022 W2/US_W-2_Maharaj_Anita_7757869435250532.pdf,COMPANIES/CaliCat (H2U)/10_Technical_and_Diligence/US_W-2_Maharaj_Anita_7757869435250532.pdf,PLACED,10 Technical & Diligence,False,moved,True
F00574,CaliCat (H2U),2022 H2U Data Room B2/Taxes/2022 Taxes/2022 W2/US_W-2_Mazza_Michael_7757869435419135.pdf,COMPANIES/CaliCat (H2U)/10_Technical_and_Diligence/US_W-2_Mazza_Michael_7757869435419135.pdf,PLACED,10 Technical & Diligence,False,moved,True
F00575,CaliCat (H2U),2022 H2U Data Room B2/Taxes/2022 Taxes/2022 W2/US_W-2_McGough_Mark_7757869435676316.pdf,COMPANIES/CaliCat (H2U)/10_Technical_and_Diligence/US_W-2_McGough_Mark_7757869435676316.pdf,PLACED,10 Technical & Diligence,False,moved,True
F00576,CaliCat (H2U),2022 H2U Data Room B2/Taxes/2022 Taxes/2022 W2/US_W-2_Rinaldi_Katherine_7757869435410204.pdf,COMPANIES/CaliCat (H2U)/10_Technical_and_Diligence/US_W-2_Rinaldi_Katherine_7757869435410204.pdf,PLACED,10 Technical & Diligence,False,moved,True
F00577,CaliCat (H2U),2022 H2U Data Room B2/Taxes/2022 Taxes/2022 W2/US_W-2_Sookezian_Arvin_7757869435465917.pdf,COMPANIES/CaliCat (H2U)/10_Technical_and_Diligence/US_W-2_Sookezian_Arvin_7757869435465917.pdf,PLACED,10 Technical & Diligence,False,moved,True
F00578,CaliCat (H2U),2022 H2U Data Room B2/Taxes/2022 Taxes/2022 W2/US_W-2_Wang_Jun_7757869435368789.pdf,COMPANIES/CaliCat (H2U)/10_Technical_and_Diligence/US_W-2_Wang_Jun_7757869435368789.pdf,PLACED,10 Technical & Diligence,False,moved,True
F00579,CaliCat (H2U),2022 H2U Data Room B2/Taxes/2022 Taxes/2022 W2/US_W-2_Wollenberg_STEPHEN_7757869435250522.pdf,COMPANIES/CaliCat (H2U)/10_Technical_and_Diligence/US_W-2_Wollenberg_STEPHEN_7757869435250522.pdf,PLACED,10 Technical & Diligence,False,moved,True
F00580,CaliCat (H2U),"2022 H2U Data Room B2/Taxes/2022 Taxes/2022 W2/US_W-3_H2U Technologies, Inc.pdf","COMPANIES/CaliCat (H2U)/10_Technical_and_Diligence/US_W-3_H2U Technologies, Inc.pdf",PLACED,10 Technical & Diligence,False,moved,True
F00581,CaliCat (H2U),2022 H2U Data Room B2/Taxes/Partial Sales Tax exclusion/signed Partial Exemption Certificate for Manufacturing and Reseach & Development Equipment.PDF,COMPANIES/CaliCat (H2U)/09_Commercial_and_Customers/signed Partial Exemption Certificate for Manufacturing and Reseach & Development Equipment.PDF,PLACED,09 Commercial & Customers,False,moved,True
F00582,CaliCat (H2U),2022 H2U Data Room B2/Taxes/R&D Tax credit/2022 PR.xlsx,COMPANIES/CaliCat (H2U)/10_Technical_and_Diligence/2022 PR.xlsx,PLACED,10 Technical & Diligence,False,moved,True
F00583,CaliCat (H2U),2022 H2U Data Room B2/Taxes/R&D Tax credit/2022 R&D Tax credit GL.xls,COMPANIES/CaliCat (H2U)/10_Technical_and_Diligence/2022 R&D Tax credit GL.xls,PLACED,10 Technical & Diligence,False,moved,True
F00584,CaliCat (H2U),2022 H2U Data Room B2/Taxes/R&D Tax credit/H2U Technologies_2021_R_D Credit_Info Request.pdf,COMPANIES/CaliCat (H2U)/10_Technical_and_Diligence/H2U Technologies_2021_R_D Credit_Info Request__F00584.pdf,PLACED,10 Technical & Diligence,False,moved,True
F00585,CaliCat (H2U),2022 H2U Data Room B2/Taxes/R&D Tax credit/Mutual NDA - H2U NB Signed.pdf,COMPANIES/CaliCat (H2U)/10_Technical_and_Diligence/Mutual NDA - H2U NB Signed__F00585.pdf,PLACED,10 Technical & Diligence,False,moved,True
F00586,CaliCat (H2U),2022 H2U Data Room B2/Taxes/R&D Tax credit/RE_ 2021 income return filing_ R and D specialist.msg,COMPANIES/CaliCat (H2U)/10_Technical_and_Diligence/RE_ 2021 income return filing_ R and D specialist__F00586.msg,PLACED,10 Technical & Diligence,False,moved,True
F00587,CaliCat (H2U),2022 H2U Data Room B2/Taxes/R&D Tax credit/payroll_data_export_h2u-technologies-inc_2022_2023-01-16T15_25_33-08_00.xlsx,COMPANIES/CaliCat (H2U)/10_Technical_and_Diligence/payroll_data_export_h2u-technologies-inc_2022_2023-01-16T15_25_33-08_00.xlsx,PLACED,10 Technical & Diligence,False,moved,True
F00588,CaliCat (H2U),2022 H2U Data Room B2/Taxes/R&D Tax credit/Gusto/Gusto R&D Analysis_ Onboarding Instructions.msg,COMPANIES/CaliCat (H2U)/10_Technical_and_Diligence/Gusto R&D Analysis_ Onboarding Instructions.msg,PLACED,10 Technical & Diligence,False,moved,True
F00589,CaliCat (H2U),"2022 H2U Data Room B2/Taxes/R&D Tax credit/Gusto/H2U_Technologies,_In - TY Credit Forms (1).zip","COMPANIES/CaliCat (H2U)/10_Technical_and_Diligence/H2U_Technologies,_In - TY Credit Forms (1).zip",PLACED,10 Technical & Diligence,False,moved,True
F00590,CaliCat (H2U),"2022 H2U Data Room B2/Taxes/R&D Tax credit/Gusto/H2U_Technologies,_In - TY Credit Forms.zip","COMPANIES/CaliCat (H2U)/14_Historical_Superseded/H2U_Technologies,_In - TY Credit Forms.zip",SUPERSEDED,14 Historical / Superseded,False,moved,True
F00591,CaliCat (H2U),"2022 H2U Data Room B2/Taxes/R&D Tax credit/Gusto/H2U_Technologies,_In - TY Credit Forms/H2U_Technologies,_In - TY2022 C Corporations Research and Development Tax Credit Filing Information.pdf","COMPANIES/CaliCat (H2U)/10_Technical_and_Diligence/H2U_Technologies,_In - TY2022 C Corporations Research and Development Tax Credit Filing Information.pdf",PLACED,10 Technical & Diligence,False,moved,True
F00592,CaliCat (H2U),"2022 H2U Data Room B2/Taxes/R&D Tax credit/Gusto/H2U_Technologies,_In - TY Credit Forms/H2U_Technologies,_In - TY2022 Company Overview.pdf","COMPANIES/CaliCat (H2U)/10_Technical_and_Diligence/H2U_Technologies,_In - TY2022 Company Overview.pdf",PLACED,10 Technical & Diligence,False,moved,True
F00593,CaliCat (H2U),"2022 H2U Data Room B2/Taxes/R&D Tax credit/Gusto/H2U_Technologies,_In - TY Credit Forms/H2U_Technologies,_In - TY2022 Enhanced Documentation Packet Guidelines.pdf","COMPANIES/CaliCat (H2U)/10_Technical_and_Diligence/H2U_Technologies,_In - TY2022 Enhanced Documentation Packet Guidelines.pdf",PLACED,10 Technical & Diligence,False,moved,True
F00594,CaliCat (H2U),"2022 H2U Data Room B2/Taxes/R&D Tax credit/Gusto/H2U_Technologies,_In - TY Credit Forms/H2U_Technologies,_In - TY2022 Form 3523.pdf","COMPANIES/CaliCat (H2U)/10_Technical_and_Diligence/H2U_Technologies,_In - TY2022 Form 3523.pdf",PLACED,10 Technical & Diligence,False,moved,True
F00595,CaliCat (H2U),"2022 H2U Data Room B2/Taxes/R&D Tax credit/Gusto/H2U_Technologies,_In - TY Credit Forms/H2U_Technologies,_In - TY2022 Form 6765.pdf","COMPANIES/CaliCat (H2U)/10_Technical_and_Diligence/H2U_Technologies,_In - TY2022 Form 6765.pdf",PLACED,10 Technical & Diligence,False,moved,True
F00596,CaliCat (H2U),"2022 H2U Data Room B2/Taxes/R&D Tax credit/Gusto/H2U_Technologies,_In - TY Credit Forms/H2U_Technologies,_In - TY2022 Methodology.pdf","COMPANIES/CaliCat (H2U)/10_Technical_and_Diligence/H2U_Technologies,_In - TY2022 Methodology.pdf",PLACED,10 Technical & Diligence,False,moved,True
F00597,CaliCat (H2U),"2022 H2U Data Room B2/Taxes/R&D Tax credit/Gusto/H2U_Technologies,_In - TY Credit Forms/H2U_Technologies,_In - TY2022 Product Development Process.pdf","COMPANIES/CaliCat (H2U)/10_Technical_and_Diligence/H2U_Technologies,_In - TY2022 Product Development Process.pdf",PLACED,10 Technical & Diligence,False,moved,True
F00598,CaliCat (H2U),"2022 H2U Data Room B2/Taxes/R&D Tax credit/Gusto/H2U_Technologies,_In - TY Credit Forms/H2U_Technologies,_In - TY2022 SAMPLE_Company Overview.pdf","COMPANIES/CaliCat (H2U)/10_Technical_and_Diligence/H2U_Technologies,_In - TY2022 SAMPLE_Company Overview.pdf",PLACED,10 Technical & Diligence,False,moved,True
F00599,CaliCat (H2U),"2022 H2U Data Room B2/Taxes/R&D Tax credit/Gusto/H2U_Technologies,_In - TY Credit Forms/H2U_Technologies,_In - TY2022 Software Development Process.pdf","COMPANIES/CaliCat (H2U)/10_Technical_and_Diligence/H2U_Technologies,_In - TY2022 Software Development Process.pdf",PLACED,10 Technical & Diligence,False,moved,True
F00600,CaliCat (H2U),"2022 H2U Data Room B2/Taxes/R&D Tax credit/Gusto/H2U_Technologies,_In - TY Credit Forms/H2U_Technologies,_In - TY2022 Study Service Report.pdf","COMPANIES/CaliCat (H2U)/10_Technical_and_Diligence/H2U_Technologies,_In - TY2022 Study Service Report.pdf",PLACED,10 Technical & Diligence,False,moved,True
F00601,CaliCat (H2U),"2022 H2U Data Room B2/Taxes/R&D Tax credit/Gusto/H2U_Technologies,_In - TY Credit Forms (1)/H2U_Technologies,_In - TY2021 Basic Documentation Packet Guidelines.pdf","COMPANIES/CaliCat (H2U)/10_Technical_and_Diligence/H2U_Technologies,_In - TY2021 Basic Documentation Packet Guidelines.pdf",PLACED,10 Technical & Diligence,False,moved,True
F00602,CaliCat (H2U),"2022 H2U Data Room B2/Taxes/R&D Tax credit/Gusto/H2U_Technologies,_In - TY Credit Forms (1)/H2U_Technologies,_In - TY2021 C Corporations Research and Development Tax Credit Filing Information.pdf","COMPANIES/CaliCat (H2U)/10_Technical_and_Diligence/H2U_Technologies,_In - TY2021 C Corporations Research and Development Tax Credit Filing Information.pdf",PLACED,10 Technical & Diligence,False,moved,True
F00603,CaliCat (H2U),"2022 H2U Data Room B2/Taxes/R&D Tax credit/Gusto/H2U_Technologies,_In - TY Credit Forms (1)/H2U_Technologies,_In - TY2021 Company Overview.pdf","COMPANIES/CaliCat (H2U)/10_Technical_and_Diligence/H2U_Technologies,_In - TY2021 Company Overview.pdf",PLACED,10 Technical & Diligence,False,moved,True
F00604,CaliCat (H2U),"2022 H2U Data Room B2/Taxes/R&D Tax credit/Gusto/H2U_Technologies,_In - TY Credit Forms (1)/H2U_Technologies,_In - TY2021 Form 3523.pdf","COMPANIES/CaliCat (H2U)/10_Technical_and_Diligence/H2U_Technologies,_In - TY2021 Form 3523.pdf",PLACED,10 Technical & Diligence,False,moved,True
F00605,CaliCat (H2U),"2022 H2U Data Room B2/Taxes/R&D Tax credit/Gusto/H2U_Technologies,_In - TY Credit Forms (1)/H2U_Technologies,_In - TY2021 Form 6765.pdf","COMPANIES/CaliCat (H2U)/10_Technical_and_Diligence/H2U_Technologies,_In - TY2021 Form 6765.pdf",PLACED,10 Technical & Diligence,False,moved,True
F00606,CaliCat (H2U),"2022 H2U Data Room B2/Taxes/R&D Tax credit/Gusto/H2U_Technologies,_In - TY Credit Forms (1)/H2U_Technologies,_In - TY2021 Methodology.pdf","COMPANIES/CaliCat (H2U)/10_Technical_and_Diligence/H2U_Technologies,_In - TY2021 Methodology.pdf",PLACED,10 Technical & Diligence,False,moved,True
F00607,CaliCat (H2U),"2022 H2U Data Room B2/Taxes/R&D Tax credit/Gusto/H2U_Technologies,_In - TY Credit Forms (1)/H2U_Technologies,_In - TY2021 Product Development Process.pdf","COMPANIES/CaliCat (H2U)/10_Technical_and_Diligence/H2U_Technologies,_In - TY2021 Product Development Process.pdf",PLACED,10 Technical & Diligence,False,moved,True
F00608,CaliCat (H2U),"2022 H2U Data Room B2/Taxes/R&D Tax credit/Gusto/H2U_Technologies,_In - TY Credit Forms (1)/H2U_Technologies,_In - TY2021 SAMPLE_Company Overview.pdf","COMPANIES/CaliCat (H2U)/10_Technical_and_Diligence/H2U_Technologies,_In - TY2021 SAMPLE_Company Overview.pdf",PLACED,10 Technical & Diligence,False,moved,True
F00609,CaliCat (H2U),"2022 H2U Data Room B2/Taxes/R&D Tax credit/Gusto/H2U_Technologies,_In - TY Credit Forms (1)/H2U_Technologies,_In - TY2021 Software Development Process.pdf","COMPANIES/CaliCat (H2U)/10_Technical_and_Diligence/H2U_Technologies,_In - TY2021 Software Development Process.pdf",PLACED,10 Technical & Diligence,False,moved,True
F00610,CaliCat (H2U),"2022 H2U Data Room B2/Taxes/R&D Tax credit/Gusto/H2U_Technologies,_In - TY Credit Forms (1)/H2U_Technologies,_In - TY2021 Study Service Report.pdf","COMPANIES/CaliCat (H2U)/10_Technical_and_Diligence/H2U_Technologies,_In - TY2021 Study Service Report.pdf",PLACED,10 Technical & Diligence,False,moved,True
F00611,CaliCat (H2U),2022 H2U Data Room B2/Technical Decks/Electrolyser slides.pptx,COMPANIES/CaliCat (H2U)/10_Technical_and_Diligence/Electrolyser slides.pptx,PLACED,10 Technical & Diligence,False,moved,True
F00612,CaliCat (H2U),2022 H2U Data Room B2/Technical Decks/Levin_testing_Long_term_slides.pptx,COMPANIES/CaliCat (H2U)/10_Technical_and_Diligence/Levin_testing_Long_term_slides.pptx,PLACED,10 Technical & Diligence,False,moved,True
F00613,CaliCat (H2U),2022 H2U Data Room B2/Technical Decks/RenewableHydrogenWebinar_v5.pptx,COMPANIES/CaliCat (H2U)/10_Technical_and_Diligence/RenewableHydrogenWebinar_v5.pptx,PLACED,10 Technical & Diligence,False,moved,True
F00614,CaliCat (H2U),2022 H2U Data Room B2/Technical Decks/Rinaldi-et-al_EST2021_wind-solar-droughts-CA-benefits-long-term-storage(with supporting) (1).pdf,COMPANIES/CaliCat (H2U)/10_Technical_and_Diligence/Rinaldi-et-al_EST2021_wind-solar-droughts-CA-benefits-long-term-storage(with supporting) (1).pdf,PLACED,10 Technical & Diligence,False,moved,True
F00615,CaliCat (H2U),2022 H2U Data Room B2/published research/Dowling-et-al_Joule2020_long-duration-storage(w Supp).pdf,COMPANIES/CaliCat (H2U)/10_Technical_and_Diligence/Dowling-et-al_Joule2020_long-duration-storage(w Supp).pdf,PLACED,10 Technical & Diligence,False,moved,True
F00616,CaliCat (H2U),2022 H2U Data Room B2/published research/EES 10% PEC Solar hydrogen.pdf,COMPANIES/CaliCat (H2U)/10_Technical_and_Diligence/EES 10% PEC Solar hydrogen.pdf,PLACED,10 Technical & Diligence,False,moved,True
F00617,CaliCat (H2U),2022 H2U Data Room B2/published research/HTE_AcidStableOERcatalysts_screening_2015.pdf,COMPANIES/CaliCat (H2U)/10_Technical_and_Diligence/HTE_AcidStableOERcatalysts_screening_2015.pdf,PLACED,10 Technical & Diligence,False,moved,True
F00618,CaliCat (H2U),2022 H2U Data Room B2/published research/Mn-Sb catalyst.pdf,COMPANIES/CaliCat (H2U)/10_Technical_and_Diligence/Mn-Sb catalyst.pdf,PLACED,10 Technical & Diligence,False,moved,True
F00619,CaliCat (H2U),2022 H2U Data Room B2/published research/MnSbOacid ACS Catalysis 2018 SI.pdf,COMPANIES/CaliCat (H2U)/10_Technical_and_Diligence/MnSbOacid ACS Catalysis 2018 SI.pdf,PLACED,10 Technical & Diligence,False,moved,True
F00620,CaliCat (H2U),2022 H2U Data Room B2/published research/NiMnSbOx CER EES.pdf,COMPANIES/CaliCat (H2U)/10_Technical_and_Diligence/NiMnSbOx CER EES.pdf,PLACED,10 Technical & Diligence,False,moved,True
F00621,CaliCat (H2U),2022 H2U Data Room B2/published research/NiMnSbOx CER SI EES.pdf,COMPANIES/CaliCat (H2U)/10_Technical_and_Diligence/NiMnSbOx CER SI EES.pdf,PLACED,10 Technical & Diligence,False,moved,True
F00622,CaliCat (H2U),2022 H2U Data Room B2/published research/NiMnSbOx OER EES.pdf,COMPANIES/CaliCat (H2U)/10_Technical_and_Diligence/NiMnSbOx OER EES.pdf,PLACED,10 Technical & Diligence,False,moved,True
F00623,CaliCat (H2U),2022 H2U Data Room B2/published research/NiMnSbOx OER SI EES.pdf,COMPANIES/CaliCat (H2U)/10_Technical_and_Diligence/NiMnSbOx OER SI EES.pdf,PLACED,10 Technical & Diligence,False,moved,True
F00624,CaliCat (H2U),2022 H2U Data Room B2/published research/Principles of Electrolysis NSL.pdf,COMPANIES/CaliCat (H2U)/10_Technical_and_Diligence/Principles of Electrolysis NSL.pdf,PLACED,10 Technical & Diligence,False,moved,True
F00625,CaliCat (H2U),2022 H2U Data Room B2/published research/Scanning Droplet Cell summary.pdf,COMPANIES/CaliCat (H2U)/10_Technical_and_Diligence/Scanning Droplet Cell summary.pdf,PLACED,10 Technical & Diligence,False,moved,True
F00626,CaliCat (H2U),2022 H2U Data Room B2/published research/Science TiO2 protection.pdf,COMPANIES/CaliCat (H2U)/10_Technical_and_Diligence/Science TiO2 protection.pdf,PLACED,10 Technical & Diligence,False,moved,True
F00627,CaliCat (H2U),2022 H2U Data Room B2/published research/Science solar progress NSL.pdf,COMPANIES/CaliCat (H2U)/10_Technical_and_Diligence/Science solar progress NSL.pdf,PLACED,10 Technical & Diligence,False,moved,True
F00628,CaliCat (H2U),2022 H2U Data Room B2/published research/nature nanotech NSL.pdf,COMPANIES/CaliCat (H2U)/10_Technical_and_Diligence/nature nanotech NSL.pdf,PLACED,10 Technical & Diligence,False,moved,True
F00629,CaliCat (H2U),2022 H2U Data Room B2/published research/nnano.2016.194.pdf,COMPANIES/CaliCat (H2U)/10_Technical_and_Diligence/nnano.2016.194.pdf,PLACED,10 Technical & Diligence,False,moved,True
F00630,CaliCat (H2U),2022 H2U Data Room B2/published research/photocatalysts n lewis.pdf,COMPANIES/CaliCat (H2U)/10_Technical_and_Diligence/photocatalysts n lewis.pdf,PLACED,10 Technical & Diligence,False,moved,True
F00631,CaliCat (H2U),2022 H2U Data Room B2/published research/CDE research paper/HTE_AcidStableOERcatalysts_screening_2015.pdf,COMPANIES/CaliCat (H2U)/10_Technical_and_Diligence/HTE_AcidStableOERcatalysts_screening_2015__F00631.pdf,PLACED,10 Technical & Diligence,False,moved,True
F00632,CaliCat (H2U),2022 H2U Data Room B2/published research/CDE research paper/HTE_Bubble_Screening_2014.pdf,COMPANIES/CaliCat (H2U)/10_Technical_and_Diligence/HTE_Bubble_Screening_2014.pdf,PLACED,10 Technical & Diligence,False,moved,True
F00633,CaliCat (H2U),2022 H2U Data Room B2/published research/CDE research paper/HTE_Combi-PVD_2015.pdf,COMPANIES/CaliCat (H2U)/10_Technical_and_Diligence/HTE_Combi-PVD_2015.pdf,PLACED,10 Technical & Diligence,False,moved,True
F00634,CaliCat (H2U),2022 H2U Data Room B2/published research/CDE research paper/HTE_MnSbOacid_2018.pdf,COMPANIES/CaliCat (H2U)/10_Technical_and_Diligence/HTE_MnSbOacid_2018.pdf,PLACED,10 Technical & Diligence,False,moved,True
F00635,CaliCat (H2U),2022 H2U Data Room B2/published research/CDE research paper/HTE_NiFeCoCe_ChemElectroChem_2014.pdf,COMPANIES/CaliCat (H2U)/10_Technical_and_Diligence/HTE_NiFeCoCe_ChemElectroChem_2014.pdf,PLACED,10 Technical & Diligence,False,moved,True
F00636,CaliCat (H2U),2022 H2U Data Room B2/published research/CDE research paper/HTE_NiFeCoCe_EES_2014.pdf,COMPANIES/CaliCat (H2U)/10_Technical_and_Diligence/HTE_NiFeCoCe_EES_2014.pdf,PLACED,10 Technical & Diligence,False,moved,True
F00637,CaliCat (H2U),2022 H2U Data Room B2/published research/CDE research paper/HTE_NiLaCoCe_ChemElectroChem_2014.pdf,COMPANIES/CaliCat (H2U)/10_Technical_and_Diligence/HTE_NiLaCoCe_ChemElectroChem_2014.pdf,PLACED,10 Technical & Diligence,False,moved,True
F00638,CaliCat (H2U),2022 H2U Data Room B2/published research/CDE research paper/HTE_PET_stability_2015.pdf,COMPANIES/CaliCat (H2U)/10_Technical_and_Diligence/HTE_PET_stability_2015.pdf,PLACED,10 Technical & Diligence,False,moved,True
F00639,CaliCat (H2U),2022 H2U Data Room B2/published research/CDE research paper/HTE_downselection_2015.pdf,COMPANIES/CaliCat (H2U)/10_Technical_and_Diligence/HTE_downselection_2015.pdf,PLACED,10 Technical & Diligence,False,moved,True
F00640,CaliCat (H2U),2022 H2U Data Room B2/published research/CDE research paper/HTE_mapping_quantum_yield_2014.pdf,COMPANIES/CaliCat (H2U)/10_Technical_and_Diligence/HTE_mapping_quantum_yield_2014.pdf,PLACED,10 Technical & Diligence,False,moved,True
F00641,CaliCat (H2U),2022 H2U Data Room B2/published research/CDE research paper/HTE_oxynitrides_technique_2015.pdf,COMPANIES/CaliCat (H2U)/10_Technical_and_Diligence/HTE_oxynitrides_technique_2015.pdf,PLACED,10 Technical & Diligence,False,moved,True
F00642,CaliCat (H2U),2022 H2U Data Room B2/published research/Iridium Problem/Babic_2017_J._Electrochem._Soc._164_F387.pdf,COMPANIES/CaliCat (H2U)/10_Technical_and_Diligence/Babic_2017_J._Electrochem._Soc._164_F387.pdf,PLACED,10 Technical & Diligence,False,moved,True
F00643,CaliCat (H2U),2022 H2U Data Room B2/published research/Iridium Problem/Full DPA RFI - Final Version_v2 22-09-30.docx,COMPANIES/CaliCat (H2U)/10_Technical_and_Diligence/Full DPA RFI - Final Version_v2 22-09-30.docx,PLACED,10 Technical & Diligence,False,moved,True
F00644,CaliCat (H2U),2022 H2U Data Room B2/published research/Iridium Problem/Jaramillo PEM availability.pdf,COMPANIES/CaliCat (H2U)/10_Technical_and_Diligence/Jaramillo PEM availability.pdf,PLACED,10 Technical & Diligence,False,moved,True
F00645,CaliCat (H2U),2022 H2U Data Room B2/published research/Iridium Problem/PEM review.pdf,COMPANIES/CaliCat (H2U)/10_Technical_and_Diligence/PEM review.pdf,PLACED,10 Technical & Diligence,False,moved,True
F00646,CaliCat (H2U),2022 H2U Data Room B2/published research/Iridium Problem/carbonomics-the-clean-hydrogen-revolution.pdf,COMPANIES/CaliCat (H2U)/10_Technical_and_Diligence/carbonomics-the-clean-hydrogen-revolution.pdf,PLACED,10 Technical & Diligence,False,moved,True
F00647,CaliCat (H2U),2022 H2U Data Room B2/published research/Iridium Problem/clean-hydrogen-strategy-roadmap.pdf,COMPANIES/CaliCat (H2U)/10_Technical_and_Diligence/clean-hydrogen-strategy-roadmap.pdf,PLACED,10 Technical & Diligence,False,moved,True
F00648,CaliCat (H2U),2022 H2U Data Room B2/published research/Iridium Problem/PEM Electrolysis – State of the Art - www.mission-hydrogen.de Prof. Bruno Pollet from the University of Québec  11-2022/IMG_1225.jpeg,COMPANIES/CaliCat (H2U)/10_Technical_and_Diligence/IMG_1225.jpeg,PLACED,10 Technical & Diligence,False,moved,True
F00649,CaliCat (H2U),2022 H2U Data Room B2/published research/Iridium Problem/PEM Electrolysis – State of the Art - www.mission-hydrogen.de Prof. Bruno Pollet from the University of Québec  11-2022/IMG_1227.jpeg,COMPANIES/CaliCat (H2U)/10_Technical_and_Diligence/IMG_1227.jpeg,PLACED,10 Technical & Diligence,False,moved,True
F00650,CaliCat (H2U),2022 H2U Data Room B2/published research/Iridium Problem/PEM Electrolysis – State of the Art - www.mission-hydrogen.de Prof. Bruno Pollet from the University of Québec  11-2022/IMG_1228.jpeg,COMPANIES/CaliCat (H2U)/10_Technical_and_Diligence/IMG_1228.jpeg,PLACED,10 Technical & Diligence,False,moved,True
F00651,CaliCat (H2U),2022 H2U Data Room B2/published research/Iridium Problem/PEM Electrolysis – State of the Art - www.mission-hydrogen.de Prof. Bruno Pollet from the University of Québec  11-2022/IMG_1229.jpeg,COMPANIES/CaliCat (H2U)/10_Technical_and_Diligence/IMG_1229.jpeg,PLACED,10 Technical & Diligence,False,moved,True
F00652,CaliCat (H2U),2022 H2U Data Room B2/published research/Iridium Problem/PEM Electrolysis – State of the Art - www.mission-hydrogen.de Prof. Bruno Pollet from the University of Québec  11-2022/IMG_1230.jpeg,COMPANIES/CaliCat (H2U)/10_Technical_and_Diligence/IMG_1230.jpeg,PLACED,10 Technical & Diligence,False,moved,True
F00653,CaliCat (H2U),2022 H2U Data Room B2/published research/Iridium Problem/PEM Electrolysis – State of the Art - www.mission-hydrogen.de Prof. Bruno Pollet from the University of Québec  11-2022/IMG_1231.jpeg,COMPANIES/CaliCat (H2U)/10_Technical_and_Diligence/IMG_1231.jpeg,PLACED,10 Technical & Diligence,False,moved,True
F00654,CaliCat (H2U),2022 H2U Data Room B2/published research/Iridium Problem/PEM Electrolysis – State of the Art - www.mission-hydrogen.de Prof. Bruno Pollet from the University of Québec  11-2022/IMG_1232.jpeg,COMPANIES/CaliCat (H2U)/10_Technical_and_Diligence/IMG_1232.jpeg,PLACED,10 Technical & Diligence,False,moved,True
F00655,CaliCat (H2U),2022 H2U Data Room B2/published research/Iridium Problem/PEM Electrolysis – State of the Art - www.mission-hydrogen.de Prof. Bruno Pollet from the University of Québec  11-2022/IMG_1233.jpeg,COMPANIES/CaliCat (H2U)/10_Technical_and_Diligence/IMG_1233.jpeg,PLACED,10 Technical & Diligence,False,moved,True
F00656,CaliCat (H2U),2022 H2U Data Room B2/published research/Iridium Problem/PEM Electrolysis – State of the Art - www.mission-hydrogen.de Prof. Bruno Pollet from the University of Québec  11-2022/IMG_1234.jpeg,COMPANIES/CaliCat (H2U)/10_Technical_and_Diligence/IMG_1234.jpeg,PLACED,10 Technical & Diligence,False,moved,True
F00657,CaliCat (H2U),2022 H2U Data Room B2/published research/Iridium Problem/PEM Electrolysis – State of the Art - www.mission-hydrogen.de Prof. Bruno Pollet from the University of Québec  11-2022/IMG_1235.jpeg,COMPANIES/CaliCat (H2U)/10_Technical_and_Diligence/IMG_1235.jpeg,PLACED,10 Technical & Diligence,False,moved,True
F00658,CaliCat (H2U),2022 H2U Data Room B2/published research/Iridium Problem/PEM Electrolysis – State of the Art - www.mission-hydrogen.de Prof. Bruno Pollet from the University of Québec  11-2022/IMG_1236.jpeg,COMPANIES/CaliCat (H2U)/10_Technical_and_Diligence/IMG_1236.jpeg,PLACED,10 Technical & Diligence,False,moved,True
F00659,CaliCat (H2U),2022 H2U Data Room B2/published research/Iridium Problem/PEM Electrolysis – State of the Art - www.mission-hydrogen.de Prof. Bruno Pollet from the University of Québec  11-2022/IMG_1237.jpeg,COMPANIES/CaliCat (H2U)/10_Technical_and_Diligence/IMG_1237.jpeg,PLACED,10 Technical & Diligence,False,moved,True
F00660,CaliCat (H2U),2022 H2U Data Room B2/published research/Iridium Problem/PEM Electrolysis – State of the Art - www.mission-hydrogen.de Prof. Bruno Pollet from the University of Québec  11-2022/IMG_1238.jpeg,COMPANIES/CaliCat (H2U)/10_Technical_and_Diligence/IMG_1238.jpeg,PLACED,10 Technical & Diligence,False,moved,True
F00661,CaliCat (H2U),2022 H2U Data Room B2/published research/Iridium Problem/PEM Electrolysis – State of the Art - www.mission-hydrogen.de Prof. Bruno Pollet from the University of Québec  11-2022/IMG_1239.jpeg,COMPANIES/CaliCat (H2U)/10_Technical_and_Diligence/IMG_1239.jpeg,PLACED,10 Technical & Diligence,False,moved,True
F00662,CaliCat (H2U),2022 H2U Data Room B2/published research/Iridium Problem/PEM Electrolysis – State of the Art - www.mission-hydrogen.de Prof. Bruno Pollet from the University of Québec  11-2022/IMG_1240.jpeg,COMPANIES/CaliCat (H2U)/10_Technical_and_Diligence/IMG_1240.jpeg,PLACED,10 Technical & Diligence,False,moved,True
F00663,CaliCat (H2U),2022 H2U Data Room B2/published research/Iridium Problem/PEM Electrolysis – State of the Art - www.mission-hydrogen.de Prof. Bruno Pollet from the University of Québec  11-2022/IMG_1241.jpeg,COMPANIES/CaliCat (H2U)/10_Technical_and_Diligence/IMG_1241.jpeg,PLACED,10 Technical & Diligence,False,moved,True
F00664,CaliCat (H2U),2022 H2U Data Room B2/published research/Iridium Problem/PEM Electrolysis – State of the Art - www.mission-hydrogen.de Prof. Bruno Pollet from the University of Québec  11-2022/IMG_1242.jpeg,COMPANIES/CaliCat (H2U)/10_Technical_and_Diligence/IMG_1242.jpeg,PLACED,10 Technical & Diligence,False,moved,True
F00665,CaliCat (H2U),2022 H2U Data Room B2/published research/Iridium Problem/PEM Electrolysis – State of the Art - www.mission-hydrogen.de Prof. Bruno Pollet from the University of Québec  11-2022/IMG_1243.jpeg,COMPANIES/CaliCat (H2U)/10_Technical_and_Diligence/IMG_1243.jpeg,PLACED,10 Technical & Diligence,False,moved,True
F00666,CaliCat (H2U),2022 H2U Data Room B2/published research/Iridium Problem/PEM Electrolysis – State of the Art - www.mission-hydrogen.de Prof. Bruno Pollet from the University of Québec  11-2022/IMG_1244.jpeg,COMPANIES/CaliCat (H2U)/10_Technical_and_Diligence/IMG_1244.jpeg,PLACED,10 Technical & Diligence,False,moved,True
F00667,CaliCat (H2U),2022 H2U Data Room B2/published research/Iridium Problem/PEM Electrolysis – State of the Art - www.mission-hydrogen.de Prof. Bruno Pollet from the University of Québec  11-2022/IMG_1245.jpeg,COMPANIES/CaliCat (H2U)/10_Technical_and_Diligence/IMG_1245.jpeg,PLACED,10 Technical & Diligence,False,moved,True
F00668,CaliCat (H2U),2022 H2U Data Room B2/published research/Iridium Problem/PEM Electrolysis – State of the Art - www.mission-hydrogen.de Prof. Bruno Pollet from the University of Québec  11-2022/IMG_1246.jpeg,COMPANIES/CaliCat (H2U)/10_Technical_and_Diligence/IMG_1246.jpeg,PLACED,10 Technical & Diligence,False,moved,True
F00669,CaliCat (H2U),2022 H2U Data Room B2/published research/Iridium Problem/PEM Electrolysis – State of the Art - www.mission-hydrogen.de Prof. Bruno Pollet from the University of Québec  11-2022/IMG_1247.jpeg,COMPANIES/CaliCat (H2U)/10_Technical_and_Diligence/IMG_1247.jpeg,PLACED,10 Technical & Diligence,False,moved,True
F00670,CaliCat (H2U),2022 H2U Data Room B2/published research/Iridium Problem/PEM Electrolysis – State of the Art - www.mission-hydrogen.de Prof. Bruno Pollet from the University of Québec  11-2022/IMG_1248.jpeg,COMPANIES/CaliCat (H2U)/10_Technical_and_Diligence/IMG_1248.jpeg,PLACED,10 Technical & Diligence,False,moved,True
F00671,CaliCat (H2U),2022 H2U Data Room B2/relevant white papers and publications/Dowling-et-al_Joule2020_long-duration-storage(w Supp).pdf,COMPANIES/CaliCat (H2U)/10_Technical_and_Diligence/Dowling-et-al_Joule2020_long-duration-storage(w Supp)__F00671.pdf,PLACED,10 Technical & Diligence,False,moved,True
F00672,CaliCat (H2U),2022 H2U Data Room B2/relevant white papers and publications/MEA manufacturing.pdf,COMPANIES/CaliCat (H2U)/10_Technical_and_Diligence/MEA manufacturing.pdf,PLACED,10 Technical & Diligence,False,moved,True
F00673,CaliCat (H2U),2022 H2U Data Room B2/relevant white papers and publications/NREL 2019 PEM electrolyzer study.pdf,COMPANIES/CaliCat (H2U)/10_Technical_and_Diligence/NREL 2019 PEM electrolyzer study.pdf,PLACED,10 Technical & Diligence,False,moved,True
F00674,CaliCat (H2U),2022 H2U Data Room B2/relevant white papers and publications/NREL_h2_production_cost_pem_electrolysis_2019.pdf,COMPANIES/CaliCat (H2U)/10_Technical_and_Diligence/NREL_h2_production_cost_pem_electrolysis_2019.pdf,PLACED,10 Technical & Diligence,False,moved,True
F00675,CaliCat (H2U),2022 H2U Data Room B2/relevant white papers and publications/PGPbatt2020v5.pdf,COMPANIES/CaliCat (H2U)/10_Technical_and_Diligence/PGPbatt2020v5.pdf,PLACED,10 Technical & Diligence,False,moved,True
F00676,CaliCat (H2U),2022 H2U Data Room B2/relevant white papers and publications/Principles of Electrolysis NSL (1).pdf,COMPANIES/CaliCat (H2U)/10_Technical_and_Diligence/Principles of Electrolysis NSL (1).pdf,PLACED,10 Technical & Diligence,False,moved,True
F00677,CaliCat (H2U),2022 H2U Data Room B2 (A+ Round)/2021-2022 Budgets/H2U Technologies 2022 Budget.xlsx,COMPANIES/CaliCat (H2U)/04_Financials_and_Models/H2U Technologies 2022 Budget.xlsx,PLACED,04 Financials & Models,False,moved,True
F00678,CaliCat (H2U),2022 H2U Data Room B2 (A+ Round)/2022-2027 Projections/H2U Technologies Forecast 2022-2027 C2.xlsx,COMPANIES/CaliCat (H2U)/04_Financials_and_Models/H2U Technologies Forecast 2022-2027 C2.xlsx,PLACED,04 Financials & Models,False,moved,True
F00679,CaliCat (H2U),2022 H2U Data Room B2 (A+ Round)/Benefits & Insurances/2021/D&O insurance.pdf,COMPANIES/CaliCat (H2U)/02_Financing_and_Legal/D&O insurance.pdf,PLACED,02 Financing & Legal,False,moved,True
F00680,CaliCat (H2U),2022 H2U Data Room B2 (A+ Round)/Benefits & Insurances/2021/Endorsement.pdf,COMPANIES/CaliCat (H2U)/02_Financing_and_Legal/Endorsement.pdf,PLACED,02 Financing & Legal,False,moved,True
F00681,CaliCat (H2U),2022 H2U Data Room B2 (A+ Round)/Benefits & Insurances/2021/benefits summary H2U employees.png,COMPANIES/CaliCat (H2U)/02_Financing_and_Legal/benefits summary H2U employees.png,PLACED,02 Financing & Legal,False,moved,True
F00682,CaliCat (H2U),2022 H2U Data Room B2 (A+ Round)/Benefits & Insurances/2021/general corp insurance.pdf,COMPANIES/CaliCat (H2U)/02_Financing_and_Legal/general corp insurance.pdf,PLACED,02 Financing & Legal,False,moved,True
F00683,CaliCat (H2U),2022 H2U Data Room B2 (A+ Round)/Benefits & Insurances/2021/healthinsurancedetails.zip,COMPANIES/CaliCat (H2U)/02_Financing_and_Legal/healthinsurancedetails.zip,PLACED,02 Financing & Legal,False,moved,True
F00684,CaliCat (H2U),2022 H2U Data Room B2 (A+ Round)/Benefits & Insurances/2021/special property ins.pdf,COMPANIES/CaliCat (H2U)/02_Financing_and_Legal/special property ins.pdf,PLACED,02 Financing & Legal,False,moved,True
F00685,CaliCat (H2U),2022 H2U Data Room B2 (A+ Round)/Benefits & Insurances/2022/2022 Final Rates and EE contributions (002).xlsx,COMPANIES/CaliCat (H2U)/02_Financing_and_Legal/2022 Final Rates and EE contributions (002).xlsx,PLACED,02 Financing & Legal,False,moved,True
F00686,CaliCat (H2U),2022 H2U Data Room B2 (A+ Round)/Benefits & Insurances/2022/Access Your Certificate of Insurance — Instantly⚡.msg,COMPANIES/CaliCat (H2U)/02_Financing_and_Legal/Access Your Certificate of Insurance — Instantly⚡.msg,PLACED,02 Financing & Legal,False,moved,True
F00687,CaliCat (H2U),2022 H2U Data Room B2 (A+ Round)/Benefits & Insurances/2022/Business Owner’s.pdf,COMPANIES/CaliCat (H2U)/02_Financing_and_Legal/Business Owner’s.pdf,PLACED,02 Financing & Legal,False,moved,True
F00688,CaliCat (H2U),2022 H2U Data Room B2 (A+ Round)/Benefits & Insurances/2022/CERTIFICATE OF INSURANCE WC.Pdf,COMPANIES/CaliCat (H2U)/02_Financing_and_Legal/CERTIFICATE OF INSURANCE WC.Pdf,PLACED,02 Financing & Legal,False,moved,True
F00689,CaliCat (H2U),"2022 H2U Data Room B2 (A+ Round)/Benefits & Insurances/2022/CLEAR BLUE SPECIALTY INS CO Jul 27, 2021 - Sep 27, 2022 Policy no. AX01-3060-01.pdf","COMPANIES/CaliCat (H2U)/02_Financing_and_Legal/CLEAR BLUE SPECIALTY INS CO Jul 27, 2021 - Sep 27, 2022 Policy no. AX01-3060-01.pdf",PLACED,02 Financing & Legal,False,moved,True
F00690,CaliCat (H2U),"2022 H2U Data Room B2 (A+ Round)/Benefits & Insurances/2022/CLEAR BLUE SPECIALTY INS CO Sep 27, 2022 - Sep 27, 2023 Policy no. AX01-3060-02.pdf","COMPANIES/CaliCat (H2U)/02_Financing_and_Legal/CLEAR BLUE SPECIALTY INS CO Sep 27, 2022 - Sep 27, 2023 Policy no. AX01-3060-02.pdf",PLACED,02 Financing & Legal,False,moved,True
F00691,CaliCat (H2U),"2022 H2U Data Room B2 (A+ Round)/Benefits & Insurances/2022/CONTINENTAL CAS CO Jul 27, 2022 - Jul 27, 2023 Policy no. 7012870643.pdf","COMPANIES/CaliCat (H2U)/02_Financing_and_Legal/CONTINENTAL CAS CO Jul 27, 2022 - Jul 27, 2023 Policy no. 7012870643.pdf",PLACED,02 Financing & Legal,False,moved,True
F00692,CaliCat (H2U),2022 H2U Data Room B2 (A+ Round)/Benefits & Insurances/2022/Hartford 76WEGAM7FXT WC.pdf,COMPANIES/CaliCat (H2U)/02_Financing_and_Legal/Hartford 76WEGAM7FXT WC.pdf,PLACED,02 Financing & Legal,False,moved,True
F00693,CaliCat (H2U),2022 H2U Data Room B2 (A+ Round)/Benefits & Insurances/2022/Startup Package Management Liability  Errors & Omissions  Cyber Liability.pdf,COMPANIES/CaliCat (H2U)/02_Financing_and_Legal/Startup Package Management Liability Errors & Omissions Cyber Liability.pdf,PLACED,02 Financing & Legal,True,moved,True
F00694,CaliCat (H2U),2022 H2U Data Room B2 (A+ Round)/Benefits & Insurances/2022/WC Policy 072722.pdf,COMPANIES/CaliCat (H2U)/02_Financing_and_Legal/WC Policy 072722.pdf,PLACED,02 Financing & Legal,False,moved,True
F00695,CaliCat (H2U),2022 H2U Data Room B2 (A+ Round)/Benefits & Insurances/2022/WC Poster.pdf,COMPANIES/CaliCat (H2U)/02_Financing_and_Legal/WC Poster.pdf,PLACED,02 Financing & Legal,False,moved,True
F00696,CaliCat (H2U),2022 H2U Data Room B2 (A+ Round)/Benefits & Insurances/2022/WC renewal.pdf,COMPANIES/CaliCat (H2U)/02_Financing_and_Legal/WC renewal.pdf,PLACED,02 Financing & Legal,False,moved,True
F00697,CaliCat (H2U),2022 H2U Data Room B2 (A+ Round)/Benefits & Insurances/2022/2022 WC audit/11042022 Statement of Premium Adjustment 76WEGAM7FXT WC.pdf,COMPANIES/CaliCat (H2U)/04_Financials_and_Models/11042022 Statement of Premium Adjustment 76WEGAM7FXT WC.pdf,PLACED,04 Financials & Models,False,moved,True
F00698,CaliCat (H2U),2022 H2U Data Room B2 (A+ Round)/Benefits & Insurances/2022/2022 WC audit/CA_DE-9C_Q1 2022.pdf,COMPANIES/CaliCat (H2U)/04_Financials_and_Models/CA_DE-9C_Q1 2022.pdf,PLACED,04 Financials & Models,False,moved,True
F00699,CaliCat (H2U),2022 H2U Data Room B2 (A+ Round)/Benefits & Insurances/2022/2022 WC audit/CA_DE-9C_Q2 2022.pdf,COMPANIES/CaliCat (H2U)/04_Financials_and_Models/CA_DE-9C_Q2 2022.pdf,PLACED,04 Financials & Models,False,moved,True
F00700,CaliCat (H2U),2022 H2U Data Room B2 (A+ Round)/Benefits & Insurances/2022/2022 WC audit/CA_DE-9C_Q3 2021.pdf,COMPANIES/CaliCat (H2U)/04_Financials_and_Models/CA_DE-9C_Q3 2021.pdf,PLACED,04 Financials & Models,False,moved,True
F00701,CaliCat (H2U),2022 H2U Data Room B2 (A+ Round)/Benefits & Insurances/2022/2022 WC audit/CA_DE-9C_Q4 2021.pdf,COMPANIES/CaliCat (H2U)/04_Financials_and_Models/CA_DE-9C_Q4 2021.pdf,PLACED,04 Financials & Models,False,moved,True
F00702,CaliCat (H2U),2022 H2U Data Room B2 (A+ Round)/Benefits & Insurances/2022/2022 WC audit/CA_DE-9_Q1 2022.pdf,COMPANIES/CaliCat (H2U)/04_Financials_and_Models/CA_DE-9_Q1 2022.pdf,PLACED,04 Financials & Models,False,moved,True
F00703,CaliCat (H2U),2022 H2U Data Room B2 (A+ Round)/Benefits & Insurances/2022/2022 WC audit/CA_DE-9_Q2 2022.pdf,COMPANIES/CaliCat (H2U)/04_Financials_and_Models/CA_DE-9_Q2 2022.pdf,PLACED,04 Financials & Models,False,moved,True
F00704,CaliCat (H2U),2022 H2U Data Room B2 (A+ Round)/Benefits & Insurances/2022/2022 WC audit/CA_DE-9_Q4 2021.pdf,COMPANIES/CaliCat (H2U)/04_Financials_and_Models/CA_DE-9_Q4 2021.pdf,PLACED,04 Financials & Models,False,moved,True
F00705,CaliCat (H2U),2022 H2U Data Room B2 (A+ Round)/Benefits & Insurances/2022/2022 WC audit/HT.pdf,COMPANIES/CaliCat (H2U)/04_Financials_and_Models/HT.pdf,PLACED,04 Financials & Models,False,moved,True
F00706,CaliCat (H2U),2022 H2U Data Room B2 (A+ Round)/Benefits & Insurances/2022/2022 WC audit/Hartford Audit H2U Technologies_ Inc_ - 987508.msg,COMPANIES/CaliCat (H2U)/04_Financials_and_Models/Hartford Audit H2U Technologies_ Inc_ - 987508.msg,PLACED,04 Financials & Models,False,moved,True
F00707,CaliCat (H2U),2022 H2U Data Room B2 (A+ Round)/Benefits & Insurances/2022/2022 WC audit/TEXAS_SUTA_Q1 2022.pdf,COMPANIES/CaliCat (H2U)/04_Financials_and_Models/TEXAS_SUTA_Q1 2022.pdf,PLACED,04 Financials & Models,False,moved,True
F00708,CaliCat (H2U),2022 H2U Data Room B2 (A+ Round)/Benefits & Insurances/2022/2022 WC audit/TEXAS_SUTA_Q2 2022.pdf,COMPANIES/CaliCat (H2U)/04_Financials_and_Models/TEXAS_SUTA_Q2 2022.pdf,PLACED,04 Financials & Models,False,moved,True
F00709,CaliCat (H2U),2022 H2U Data Room B2 (A+ Round)/Benefits & Insurances/2022/2022 WC audit/TEXAS_SUTA_Q3 2021.pdf,COMPANIES/CaliCat (H2U)/04_Financials_and_Models/TEXAS_SUTA_Q3 2021.pdf,PLACED,04 Financials & Models,False,moved,True
F00710,CaliCat (H2U),2022 H2U Data Room B2 (A+ Round)/Benefits & Insurances/2022/2022 WC audit/TEXAS_SUTA_Q4 2021.pdf,COMPANIES/CaliCat (H2U)/04_Financials_and_Models/TEXAS_SUTA_Q4 2021.pdf,PLACED,04 Financials & Models,False,moved,True
F00711,CaliCat (H2U),2022 H2U Data Room B2 (A+ Round)/Benefits & Insurances/2022/2022 WC audit/US_941_Q1 2022.pdf,COMPANIES/CaliCat (H2U)/04_Financials_and_Models/US_941_Q1 2022.pdf,PLACED,04 Financials & Models,False,moved,True
F00712,CaliCat (H2U),2022 H2U Data Room B2 (A+ Round)/Benefits & Insurances/2022/2022 WC audit/US_941_Q2 2022.pdf,COMPANIES/CaliCat (H2U)/04_Financials_and_Models/US_941_Q2 2022.pdf,PLACED,04 Financials & Models,False,moved,True
F00713,CaliCat (H2U),2022 H2U Data Room B2 (A+ Round)/Benefits & Insurances/2022/2022 WC audit/US_941_Q3 2021.pdf,COMPANIES/CaliCat (H2U)/04_Financials_and_Models/US_941_Q3 2021.pdf,PLACED,04 Financials & Models,False,moved,True
F00714,CaliCat (H2U),2022 H2U Data Room B2 (A+ Round)/Benefits & Insurances/2022/2022 WC audit/US_941_Q4 2021.pdf,COMPANIES/CaliCat (H2U)/04_Financials_and_Models/US_941_Q4 2021.pdf,PLACED,04 Financials & Models,False,moved,True
F00715,CaliCat (H2U),2022 H2U Data Room B2 (A+ Round)/Benefits & Insurances/2022/2022 WC audit/h2u-technologies-inc-payroll-summary-2021-08-02-to-2022-07-26 WC audit.xlsx,COMPANIES/CaliCat (H2U)/04_Financials_and_Models/h2u-technologies-inc-payroll-summary-2021-08-02-to-2022-07-26 WC audit.xlsx,PLACED,04 Financials & Models,False,moved,True
F00716,CaliCat (H2U),2022 H2U Data Room B2 (A+ Round)/Benefits & Insurances/2022/ESP/Re_ H2U Technologies_ Inc_ - Management Liability Renewal - 7_27_2022.msg,COMPANIES/CaliCat (H2U)/02_Financing_and_Legal/Re_ H2U Technologies_ Inc_ - Management Liability Renewal - 7_27_2022.msg,PLACED,02 Financing & Legal,False,moved,True
F00717,CaliCat (H2U),2022 H2U Data Room B2 (A+ Round)/Benefits & Insurances/2022/ESP/2021/H2U 2021 ESP Application.pdf,COMPANIES/CaliCat (H2U)/02_Financing_and_Legal/H2U 2021 ESP Application.pdf,PLACED,02 Financing & Legal,False,moved,True
F00718,CaliCat (H2U),2022 H2U Data Room B2 (A+ Round)/Benefits & Insurances/2022/ESP/2021/H2U Address Endt.pdf,COMPANIES/CaliCat (H2U)/02_Financing_and_Legal/H2U Address Endt.pdf,PLACED,02 Financing & Legal,False,moved,True
F00719,CaliCat (H2U),2022 H2U Data Room B2 (A+ Round)/Benefits & Insurances/2022/ESP/2021/H2U ESP Expiring Policy.pdf,COMPANIES/CaliCat (H2U)/02_Financing_and_Legal/H2U ESP Expiring Policy.pdf,PLACED,02 Financing & Legal,False,moved,True
F00720,CaliCat (H2U),2022 H2U Data Room B2 (A+ Round)/Benefits & Insurances/401K/Employee+Kickoff+Webinar.pdf,COMPANIES/CaliCat (H2U)/02_Financing_and_Legal/Employee+Kickoff+Webinar.pdf,PLACED,02 Financing & Legal,False,moved,True
F00721,CaliCat (H2U),2022 H2U Data Room B2 (A+ Round)/Benefits & Insurances/401K/FW_ 401k - T Rowe Price.msg,COMPANIES/CaliCat (H2U)/02_Financing_and_Legal/FW_ 401k - T Rowe Price.msg,PLACED,02 Financing & Legal,False,moved,True
F00722,CaliCat (H2U),2022 H2U Data Room B2 (A+ Round)/Benefits & Insurances/401K/FW_ 401k Proposal - Guideline.msg,COMPANIES/CaliCat (H2U)/02_Financing_and_Legal/FW_ 401k Proposal - Guideline.msg,PLACED,02 Financing & Legal,False,moved,True
F00723,CaliCat (H2U),2022 H2U Data Room B2 (A+ Round)/Benefits & Insurances/401K/FW_ 401k Proposal - John Hancock.msg,COMPANIES/CaliCat (H2U)/02_Financing_and_Legal/FW_ 401k Proposal - John Hancock.msg,PLACED,02 Financing & Legal,False,moved,True
F00724,CaliCat (H2U),2022 H2U Data Room B2 (A+ Round)/Benefits & Insurances/401K/FW_ H2U's new 401k! - revised for new hires .msg,COMPANIES/CaliCat (H2U)/02_Financing_and_Legal/FW_ H2U's new 401k! - revised for new hires.msg,PLACED,02 Financing & Legal,True,moved,True
F00725,CaliCat (H2U),2022 H2U Data Room B2 (A+ Round)/Benefits & Insurances/401K/Gdl_brochure_210426.pdf,COMPANIES/CaliCat (H2U)/02_Financing_and_Legal/Gdl_brochure_210426.pdf,PLACED,02 Financing & Legal,False,moved,True
F00726,CaliCat (H2U),2022 H2U Data Room B2 (A+ Round)/Benefits & Insurances/401K/Get started with Guideline.msg,COMPANIES/CaliCat (H2U)/02_Financing_and_Legal/Get started with Guideline.msg,PLACED,02 Financing & Legal,False,moved,True
F00727,CaliCat (H2U),2022 H2U Data Room B2 (A+ Round)/Benefits & Insurances/401K/Guideline 401(k) Follow Up Information _ H2U Technologies_ Inc_.msg,COMPANIES/CaliCat (H2U)/02_Financing_and_Legal/Guideline 401(k) Follow Up Information _ H2U Technologies_ Inc_.msg,PLACED,02 Financing & Legal,False,moved,True
F00728,CaliCat (H2U),2022 H2U Data Room B2 (A+ Round)/Benefits & Insurances/401K/Guideline Presentation.pdf,COMPANIES/CaliCat (H2U)/02_Financing_and_Legal/Guideline Presentation.pdf,PLACED,02 Financing & Legal,False,moved,True
F00729,CaliCat (H2U),"2022 H2U Data Room B2 (A+ Round)/Benefits & Insurances/401K/H2U Technologies, Inc. - Board Consent (401K).pdf","COMPANIES/CaliCat (H2U)/02_Financing_and_Legal/H2U Technologies, Inc. - Board Consent (401K).pdf",PLACED,02 Financing & Legal,False,moved,True
F00730,CaliCat (H2U),2022 H2U Data Room B2 (A+ Round)/Benefits & Insurances/401K/RE_ H2U's new 401k!.msg,COMPANIES/CaliCat (H2U)/02_Financing_and_Legal/RE_ H2U's new 401k!.msg,PLACED,02 Financing & Legal,False,moved,True
F00731,CaliCat (H2U),2022 H2U Data Room B2 (A+ Round)/Benefits & Insurances/401K/Your H2U Technologies 401(k) Plan is ready to start on May 9_ 2022!.msg,COMPANIES/CaliCat (H2U)/02_Financing_and_Legal/Your H2U Technologies 401(k) Plan is ready to start on May 9_ 2022!.msg,PLACED,02 Financing & Legal,False,moved,True
F00732,CaliCat (H2U),2022 H2U Data Room B2 (A+ Round)/Benefits & Insurances/401K/adoption-agreement-eff-2022-05-09--1648490196.pdf,COMPANIES/CaliCat (H2U)/02_Financing_and_Legal/adoption-agreement-eff-2022-05-09--1648490196.pdf,PLACED,02 Financing & Legal,False,moved,True
F00733,CaliCat (H2U),2022 H2U Data Room B2 (A+ Round)/Benefits & Insurances/401K/adoption_agreement (6).pdf,COMPANIES/CaliCat (H2U)/02_Financing_and_Legal/adoption_agreement (6).pdf,PLACED,02 Financing & Legal,False,moved,True
F00734,CaliCat (H2U),2022 H2U Data Room B2 (A+ Round)/Benefits & Insurances/401K/basic-plan-document--1639422692.pdf,COMPANIES/CaliCat (H2U)/02_Financing_and_Legal/basic-plan-document--1639422692.pdf,PLACED,02 Financing & Legal,False,moved,True
F00735,CaliCat (H2U),2022 H2U Data Room B2 (A+ Round)/Benefits & Insurances/401K/guideline-service-agreements--1648845370.pdf,COMPANIES/CaliCat (H2U)/02_Financing_and_Legal/guideline-service-agreements--1648845370.pdf,PLACED,02 Financing & Legal,False,moved,True
F00736,CaliCat (H2U),2022 H2U Data Room B2 (A+ Round)/Benefits & Insurances/401K/onboarding-guide-participant-20210607--1623262666.pdf,COMPANIES/CaliCat (H2U)/02_Financing_and_Legal/onboarding-guide-participant-20210607--1623262666.pdf,PLACED,02 Financing & Legal,False,moved,True
F00737,CaliCat (H2U),2022 H2U Data Room B2 (A+ Round)/Board/Board Member Contact Info.xlsx,COMPANIES/CaliCat (H2U)/06_Board_and_Governance/Board Member Contact Info.xlsx,PLACED,06 Board & Governance,False,moved,True
F00738,CaliCat (H2U),2022 H2U Data Room B2 (A+ Round)/Board/2020/4 - Secretary's Certificate.doc,COMPANIES/CaliCat (H2U)/06_Board_and_Governance/4 - Secretary's Certificate.doc,PLACED,06 Board & Governance,False,moved,True
F00739,CaliCat (H2U),2022 H2U Data Room B2 (A+ Round)/Board/2020/5 - Organizational Consent 2020-07-07 v2.docx,COMPANIES/CaliCat (H2U)/06_Board_and_Governance/5 - Organizational Consent 2020-07-07 v2.docx,PLACED,06 Board & Governance,False,moved,True
F00740,CaliCat (H2U),2022 H2U Data Room B2 (A+ Round)/Board/2020/6 - Board Consent 2020-10-29 v1.docx,COMPANIES/CaliCat (H2U)/06_Board_and_Governance/6 - Board Consent 2020-10-29 v1.docx,PLACED,06 Board & Governance,False,moved,True
F00741,CaliCat (H2U),2022 H2U Data Room B2 (A+ Round)/Board/2020/Board Consent 2020-11-01.docx,COMPANIES/CaliCat (H2U)/06_Board_and_Governance/Board Consent 2020-11-01.docx,PLACED,06 Board & Governance,False,moved,True
F00742,CaliCat (H2U),2022 H2U Data Room B2 (A+ Round)/Board/2020/SOP 7 - Board Consent 2021 January Nitin Vaish Option Grant.docx,COMPANIES/CaliCat (H2U)/06_Board_and_Governance/SOP 7 - Board Consent 2021 January Nitin Vaish Option Grant.docx,PLACED,06 Board & Governance,False,moved,True
F00743,CaliCat (H2U),2022 H2U Data Room B2 (A+ Round)/Board/2021-2022/H2U Technologies (Board Minutes - 1.11.22).docx,COMPANIES/CaliCat (H2U)/06_Board_and_Governance/H2U Technologies (Board Minutes - 1.11.22).docx,PLACED,06 Board & Governance,False,moved,True
F00744,CaliCat (H2U),2022 H2U Data Room B2 (A+ Round)/Board/2021-2022/H2U Technologies August 2021 Board Minutes.doc,COMPANIES/CaliCat (H2U)/06_Board_and_Governance/H2U Technologies August 2021 Board Minutes.doc,PLACED,06 Board & Governance,False,moved,True
F00745,CaliCat (H2U),2022 H2U Data Room B2 (A+ Round)/Board/2021-2022/H2U Technologies December 2021 Board Minutes (1).docx,COMPANIES/CaliCat (H2U)/06_Board_and_Governance/H2U Technologies December 2021 Board Minutes (1).docx,PLACED,06 Board & Governance,False,moved,True
F00746,CaliCat (H2U),2022 H2U Data Room B2 (A+ Round)/Board/2021-2022/H2U Technologies February 2022 Board Minutes.doc,COMPANIES/CaliCat (H2U)/06_Board_and_Governance/H2U Technologies February 2022 Board Minutes.doc,PLACED,06 Board & Governance,False,moved,True
F00747,CaliCat (H2U),2022 H2U Data Room B2 (A+ Round)/Board/2021-2022/H2U Technologies November 2021 Board Minutes.doc,COMPANIES/CaliCat (H2U)/06_Board_and_Governance/H2U Technologies November 2021 Board Minutes.doc,PLACED,06 Board & Governance,False,moved,True
F00748,CaliCat (H2U),2022 H2U Data Room B2 (A+ Round)/Board/2021-2022/H2U Technologies October 4 2021 Board Minutes.doc,COMPANIES/CaliCat (H2U)/06_Board_and_Governance/H2U Technologies October 4 2021 Board Minutes.doc,PLACED,06 Board & Governance,False,moved,True
F00749,CaliCat (H2U),2022 H2U Data Room B2 (A+ Round)/Board/2021-2022/H2U Technologies September 2021 Board Minutes.pdf,COMPANIES/CaliCat (H2U)/06_Board_and_Governance/H2U Technologies September 2021 Board Minutes.pdf,PLACED,06 Board & Governance,False,moved,True
F00750,CaliCat (H2U),2022 H2U Data Room B2 (A+ Round)/Board/2022 Board presentations/220215 H2U Cap Table.xlsx,COMPANIES/CaliCat (H2U)/06_Board_and_Governance/220215 H2U Cap Table.xlsx,PLACED,06 Board & Governance,False,moved,True
F00751,CaliCat (H2U),2022 H2U Data Room B2 (A+ Round)/Board/2022 Board presentations/220215 Proposed Option Grants - Copy.pdf,COMPANIES/CaliCat (H2U)/06_Board_and_Governance/220215 Proposed Option Grants - Copy.pdf,PLACED,06 Board & Governance,False,moved,True
F00752,CaliCat (H2U),2022 H2U Data Room B2 (A+ Round)/Board/2022 Board presentations/220309  Proposed Option Grants .pdf,COMPANIES/CaliCat (H2U)/06_Board_and_Governance/220309 Proposed Option Grants.pdf,PLACED,06 Board & Governance,True,moved,True
F00753,CaliCat (H2U),2022 H2U Data Room B2 (A+ Round)/Board/2022 Board presentations/220411  Proposed Option Grants .pdf,COMPANIES/CaliCat (H2U)/14_Historical_Superseded/220411 Proposed Option Grants.pdf,SUPERSEDED,14 Historical / Superseded,True,moved,True
F00754,CaliCat (H2U),2022 H2U Data Room B2 (A+ Round)/Board/2022 Board presentations/220411  Proposed Option Grants .xlsx,COMPANIES/CaliCat (H2U)/06_Board_and_Governance/220411 Proposed Option Grants.xlsx,PLACED,06 Board & Governance,True,moved,True
F00755,CaliCat (H2U),2022 H2U Data Room B2 (A+ Round)/Board/2022 Board presentations/220516  Proposed Option Grants .pdf,COMPANIES/CaliCat (H2U)/14_Historical_Superseded/220516 Proposed Option Grants.pdf,SUPERSEDED,14 Historical / Superseded,True,moved,True
F00756,CaliCat (H2U),2022 H2U Data Room B2 (A+ Round)/Board/2022 Board presentations/220516  Proposed Option Grants .xlsx,COMPANIES/CaliCat (H2U)/06_Board_and_Governance/220516 Proposed Option Grants.xlsx,PLACED,06 Board & Governance,True,moved,True
F00757,CaliCat (H2U),2022 H2U Data Room B2 (A+ Round)/Board/2022 Board presentations/220614  Proposed Option Grants .pdf,COMPANIES/CaliCat (H2U)/06_Board_and_Governance/220614 Proposed Option Grants.pdf,PLACED,06 Board & Governance,True,moved,True
F00758,CaliCat (H2U),2022 H2U Data Room B2 (A+ Round)/Board/2022 Board presentations/220915  Proposed Option Grants.pdf,COMPANIES/CaliCat (H2U)/06_Board_and_Governance/220915 Proposed Option Grants.pdf,PLACED,06 Board & Governance,True,moved,True
F00759,CaliCat (H2U),2022 H2U Data Room B2 (A+ Round)/Board/2022 Board presentations/221117  Proposed Option Grants.pdf,COMPANIES/CaliCat (H2U)/06_Board_and_Governance/221117 Proposed Option Grants.pdf,PLACED,06 Board & Governance,True,moved,True
F00760,CaliCat (H2U),2022 H2U Data Room B2 (A+ Round)/Board/2022 Board presentations/H2U  Sep BoD mtg.pdf,COMPANIES/CaliCat (H2U)/06_Board_and_Governance/H2U Sep BoD mtg.pdf,PLACED,06 Board & Governance,True,moved,True
F00761,CaliCat (H2U),"2022 H2U Data Room B2 (A+ Round)/Board/2022 Board presentations/H2U BoD Mtg Feb '22 BoD Report,r1 for March 2022.pptx","COMPANIES/CaliCat (H2U)/06_Board_and_Governance/H2U BoD Mtg Feb '22 BoD Report,r1 for March 2022.pptx",PLACED,06 Board & Governance,False,moved,True
F00762,CaliCat (H2U),"2022 H2U Data Room B2 (A+ Round)/Board/2022 Board presentations/H2U BoD Mtg Feb '22 BoD Report,r1.pptx","COMPANIES/CaliCat (H2U)/06_Board_and_Governance/H2U BoD Mtg Feb '22 BoD Report,r1.pptx",PLACED,06 Board & Governance,False,moved,True
F00763,CaliCat (H2U),"2022 H2U Data Room B2 (A+ Round)/Board/2022 Board presentations/H2U BoD Mtg Jan '22 BoD Report,r1.pptx","COMPANIES/CaliCat (H2U)/06_Board_and_Governance/H2U BoD Mtg Jan '22 BoD Report,r1.pptx",PLACED,06 Board & Governance,False,moved,True
F00764,CaliCat (H2U),2022 H2U Data Room B2 (A+ Round)/Board/2022 Board presentations/H2U BoD report April 2022.pptx,COMPANIES/CaliCat (H2U)/06_Board_and_Governance/H2U BoD report April 2022.pptx,PLACED,06 Board & Governance,False,moved,True
F00765,CaliCat (H2U),"2022 H2U Data Room B2 (A+ Round)/Board/2022 Board presentations/H2U Board Report, Mar 22.pdf","COMPANIES/CaliCat (H2U)/06_Board_and_Governance/H2U Board Report, Mar 22.pdf",PLACED,06 Board & Governance,False,moved,True
F00766,CaliCat (H2U),2022 H2U Data Room B2 (A+ Round)/Board/2022 Board presentations/H2U Captable 030722.pdf,COMPANIES/CaliCat (H2U)/06_Board_and_Governance/H2U Captable 030722.pdf,PLACED,06 Board & Governance,False,moved,True
F00767,CaliCat (H2U),2022 H2U Data Room B2 (A+ Round)/Board/2022 Board presentations/H2U Captable April 2022.pdf,COMPANIES/CaliCat (H2U)/06_Board_and_Governance/H2U Captable April 2022.pdf,PLACED,06 Board & Governance,False,moved,True
F00768,CaliCat (H2U),2022 H2U Data Room B2 (A+ Round)/Board/2022 Board presentations/H2U Dec '22 BoD Report.pdf,COMPANIES/CaliCat (H2U)/06_Board_and_Governance/H2U Dec '22 BoD Report.pdf,PLACED,06 Board & Governance,False,moved,True
F00769,CaliCat (H2U),2022 H2U Data Room B2 (A+ Round)/Board/2022 Board presentations/H2U December Board Finance slides 121322.pdf,COMPANIES/CaliCat (H2U)/06_Board_and_Governance/H2U December Board Finance slides 121322.pdf,PLACED,06 Board & Governance,False,moved,True
F00770,CaliCat (H2U),2022 H2U Data Room B2 (A+ Round)/Board/2022 Board presentations/H2U July BoD mtg.pdf,COMPANIES/CaliCat (H2U)/06_Board_and_Governance/H2U July BoD mtg.pdf,PLACED,06 Board & Governance,False,moved,True
F00771,CaliCat (H2U),2022 H2U Data Room B2 (A+ Round)/Board/2022 Board presentations/H2U June BoD mtg.pdf,COMPANIES/CaliCat (H2U)/06_Board_and_Governance/H2U June BoD mtg.pdf,PLACED,06 Board & Governance,False,moved,True
F00772,CaliCat (H2U),2022 H2U Data Room B2 (A+ Round)/Board/2022 Board presentations/H2U May BoD mtg.pptx,COMPANIES/CaliCat (H2U)/06_Board_and_Governance/H2U May BoD mtg.pptx,PLACED,06 Board & Governance,False,moved,True
F00773,CaliCat (H2U),2022 H2U Data Room B2 (A+ Round)/Board/2022 Board presentations/H2U May Board Finance slides.pptx,COMPANIES/CaliCat (H2U)/06_Board_and_Governance/H2U May Board Finance slides.pptx,PLACED,06 Board & Governance,False,moved,True
F00774,CaliCat (H2U),2022 H2U Data Room B2 (A+ Round)/Board/2022 Board presentations/H2U Nov '22 BoD Report.pdf,COMPANIES/CaliCat (H2U)/06_Board_and_Governance/H2U Nov '22 BoD Report.pdf,PLACED,06 Board & Governance,False,moved,True
F00775,CaliCat (H2U),2022 H2U Data Room B2 (A+ Round)/Board/2022 Board presentations/H2U Oct '22 BoD Report.pptx,COMPANIES/CaliCat (H2U)/06_Board_and_Governance/H2U Oct '22 BoD Report.pptx,PLACED,06 Board & Governance,False,moved,True
F00776,CaliCat (H2U),2022 H2U Data Room B2 (A+ Round)/Board/2022 Board presentations/H2U Technologies - Proposed Board Resolutions (Draft for 4.14.22 meeting).docx,COMPANIES/CaliCat (H2U)/06_Board_and_Governance/H2U Technologies - Proposed Board Resolutions (Draft for 4.14.22 meeting).docx,PLACED,06 Board & Governance,False,moved,True
F00777,CaliCat (H2U),2022 H2U Data Room B2 (A+ Round)/Board/2022 Board presentations/H2U Technologies APR 2022 Board Minutes.doc,COMPANIES/CaliCat (H2U)/06_Board_and_Governance/H2U Technologies APR 2022 Board Minutes.doc,PLACED,06 Board & Governance,False,moved,True
F00778,CaliCat (H2U),2022 H2U Data Room B2 (A+ Round)/Board/2022 Board presentations/H2U Technologies February 2022 Board Minutes.doc,COMPANIES/CaliCat (H2U)/06_Board_and_Governance/H2U Technologies February 2022 Board Minutes__F00778.doc,PLACED,06 Board & Governance,False,moved,True
F00779,CaliCat (H2U),2022 H2U Data Room B2 (A+ Round)/Board/2022 Board presentations/H2U Technologies JUNE 2022 Board Minutes.pdf,COMPANIES/CaliCat (H2U)/06_Board_and_Governance/H2U Technologies JUNE 2022 Board Minutes.pdf,PLACED,06 Board & Governance,False,moved,True
F00780,CaliCat (H2U),2022 H2U Data Room B2 (A+ Round)/Board/2022 Board presentations/H2U Technologies July 2022 Board Minutes signed.pdf,COMPANIES/CaliCat (H2U)/06_Board_and_Governance/H2U Technologies July 2022 Board Minutes signed.pdf,PLACED,06 Board & Governance,False,moved,True
F00781,CaliCat (H2U),2022 H2U Data Room B2 (A+ Round)/Board/2022 Board presentations/H2U Technologies MAY 2022 Board Minutes.doc,COMPANIES/CaliCat (H2U)/06_Board_and_Governance/H2U Technologies MAY 2022 Board Minutes.doc,PLACED,06 Board & Governance,False,moved,True
F00782,CaliCat (H2U),2022 H2U Data Room B2 (A+ Round)/Board/2022 Board presentations/H2U Technologies March 2022 Board Minutes.doc,COMPANIES/CaliCat (H2U)/06_Board_and_Governance/H2U Technologies March 2022 Board Minutes.doc,PLACED,06 Board & Governance,False,moved,True
F00783,CaliCat (H2U),2022 H2U Data Room B2 (A+ Round)/Board/2022 Board presentations/H2U Technologies Nov 2022 Board Minutes.docx,COMPANIES/CaliCat (H2U)/06_Board_and_Governance/H2U Technologies Nov 2022 Board Minutes.docx,PLACED,06 Board & Governance,False,moved,True
F00784,CaliCat (H2U),2022 H2U Data Room B2 (A+ Round)/Board/2022 Board presentations/H2U Technologies Oct 2022 Board Minutes.docx,COMPANIES/CaliCat (H2U)/06_Board_and_Governance/H2U Technologies Oct 2022 Board Minutes.docx,PLACED,06 Board & Governance,False,moved,True
F00785,CaliCat (H2U),2022 H2U Data Room B2 (A+ Round)/Board/2022 Board presentations/H2U Technologies Sept 2022 Board Minutes.docx,COMPANIES/CaliCat (H2U)/06_Board_and_Governance/H2U Technologies Sept 2022 Board Minutes.docx,PLACED,06 Board & Governance,False,moved,True
F00786,CaliCat (H2U),2022 H2U Data Room B2 (A+ Round)/Board/2022 Board presentations/Minutes for July 11 Board Meeting.msg,COMPANIES/CaliCat (H2U)/06_Board_and_Governance/Minutes for July 11 Board Meeting.msg,PLACED,06 Board & Governance,False,moved,True
F00787,CaliCat (H2U),2022 H2U Data Room B2 (A+ Round)/Board/2022 Board presentations/RE_ Minutes.msg,COMPANIES/CaliCat (H2U)/06_Board_and_Governance/RE_ Minutes.msg,PLACED,06 Board & Governance,False,moved,True
F00788,CaliCat (H2U),2022 H2U Data Room B2 (A+ Round)/Board/2022 Board presentations/h2u-technologies-inc_2022-03-07_summary_cap_intermediate_cap_detailed_cap_ledgers_drafts_summary_grouped_cap.xlsx,COMPANIES/CaliCat (H2U)/06_Board_and_Governance/h2u-technologies-inc_2022-03-07_summary_cap_intermediate_cap_detailed_cap_ledgers_drafts_summary_grouped_cap.xlsx,PLACED,06 Board & Governance,False,moved,True
F00789,CaliCat (H2U),2022 H2U Data Room B2 (A+ Round)/Board/2022 Board presentations/h2u-technologies-inc_2022-04-11_intermediate_cap.xlsx,COMPANIES/CaliCat (H2U)/06_Board_and_Governance/h2u-technologies-inc_2022-04-11_intermediate_cap.xlsx,PLACED,06 Board & Governance,False,moved,True
F00790,CaliCat (H2U),2022 H2U Data Room B2 (A+ Round)/Board/2022 Board presentations/h2u-technologies-inc_2022-05-11_intermediate_cap.pdf,COMPANIES/CaliCat (H2U)/14_Historical_Superseded/h2u-technologies-inc_2022-05-11_intermediate_cap.pdf,SUPERSEDED,14 Historical / Superseded,False,moved,True
F00791,CaliCat (H2U),2022 H2U Data Room B2 (A+ Round)/Board/2022 Board presentations/h2u-technologies-inc_2022-05-11_intermediate_cap.xlsx,COMPANIES/CaliCat (H2U)/06_Board_and_Governance/h2u-technologies-inc_2022-05-11_intermediate_cap.xlsx,PLACED,06 Board & Governance,False,moved,True
F00792,CaliCat (H2U),2022 H2U Data Room B2 (A+ Round)/Board/2022 Board presentations/h2u-technologies-inc_2022-06-09_intermediate_cap.pdf,COMPANIES/CaliCat (H2U)/06_Board_and_Governance/h2u-technologies-inc_2022-06-09_intermediate_cap.pdf,PLACED,06 Board & Governance,False,moved,True
F00793,CaliCat (H2U),2022 H2U Data Room B2 (A+ Round)/Board/2022 Board presentations/h2u-technologies-inc_2022-07-08_intermediate_cap.pdf,COMPANIES/CaliCat (H2U)/06_Board_and_Governance/h2u-technologies-inc_2022-07-08_intermediate_cap.pdf,PLACED,06 Board & Governance,False,moved,True
F00794,CaliCat (H2U),2022 H2U Data Room B2 (A+ Round)/Board/2022 Board presentations/h2u-technologies-inc_2022-12-14_intermediate_cap.pdf,COMPANIES/CaliCat (H2U)/06_Board_and_Governance/h2u-technologies-inc_2022-12-14_intermediate_cap.pdf,PLACED,06 Board & Governance,False,moved,True
F00795,CaliCat (H2U),2022 H2U Data Room B2 (A+ Round)/Board/2023 Board presentations/230309  Proposed Option Grants.pdf,COMPANIES/CaliCat (H2U)/06_Board_and_Governance/230309 Proposed Option Grants.pdf,PLACED,06 Board & Governance,True,moved,True
F00796,CaliCat (H2U),2022 H2U Data Room B2 (A+ Round)/Board/2023 Board presentations/H2U Feb '23 BoD Report.pdf,COMPANIES/CaliCat (H2U)/06_Board_and_Governance/H2U Feb '23 BoD Report.pdf,PLACED,06 Board & Governance,False,moved,True
F00797,CaliCat (H2U),2022 H2U Data Room B2 (A+ Round)/Board/2023 Board presentations/H2U Jan '23 BoD Report.pdf,COMPANIES/CaliCat (H2U)/06_Board_and_Governance/H2U Jan '23 BoD Report.pdf,PLACED,06 Board & Governance,False,moved,True
F00798,CaliCat (H2U),2022 H2U Data Room B2 (A+ Round)/Board/2023 Board presentations/H2U Mar '23 BoD Report.pdf,COMPANIES/CaliCat (H2U)/06_Board_and_Governance/H2U Mar '23 BoD Report.pdf,PLACED,06 Board & Governance,False,moved,True
F00799,CaliCat (H2U),2022 H2U Data Room B2 (A+ Round)/Board/2023 Board presentations/H2U Technologies Dec 2022 Board Minutes.docx,COMPANIES/CaliCat (H2U)/06_Board_and_Governance/H2U Technologies Dec 2022 Board Minutes.docx,PLACED,06 Board & Governance,False,moved,True
F00800,CaliCat (H2U),2022 H2U Data Room B2 (A+ Round)/Board/2023 Board presentations/H2U Technologies Feb 2023 Board Minutes.docx,COMPANIES/CaliCat (H2U)/06_Board_and_Governance/H2U Technologies Feb 2023 Board Minutes.docx,PLACED,06 Board & Governance,False,moved,True
F00801,CaliCat (H2U),2022 H2U Data Room B2 (A+ Round)/Board/2023 Board presentations/H2U Technologies Jan 2023 Board Minutes.docx,COMPANIES/CaliCat (H2U)/06_Board_and_Governance/H2U Technologies Jan 2023 Board Minutes.docx,PLACED,06 Board & Governance,False,moved,True
F00802,CaliCat (H2U),2022 H2U Data Room B2 (A+ Round)/Board/2023 Board presentations/h2u-technologies-inc_2023-03-08_captable.pdf,COMPANIES/CaliCat (H2U)/06_Board_and_Governance/h2u-technologies-inc_2023-03-08_captable.pdf,PLACED,06 Board & Governance,False,moved,True
F00803,CaliCat (H2U),2022 H2U Data Room B2 (A+ Round)/Board/Minutes 2021/H2U Technologies August 2021 Board Minutes.doc,COMPANIES/CaliCat (H2U)/06_Board_and_Governance/H2U Technologies August 2021 Board Minutes__F00803.doc,PLACED,06 Board & Governance,False,moved,True
F00804,CaliCat (H2U),2022 H2U Data Room B2 (A+ Round)/Board/Minutes 2021/H2U Technologies November 2021 Board Minutes DRAFT unapproved.doc,COMPANIES/CaliCat (H2U)/06_Board_and_Governance/H2U Technologies November 2021 Board Minutes DRAFT unapproved.doc,PLACED,06 Board & Governance,False,moved,True
F00805,CaliCat (H2U),2022 H2U Data Room B2 (A+ Round)/Board/Minutes 2021/H2U Technologies October 4 2021 Board Minutes DRAFT unapproved.doc,COMPANIES/CaliCat (H2U)/06_Board_and_Governance/H2U Technologies October 4 2021 Board Minutes DRAFT unapproved.doc,PLACED,06 Board & Governance,False,moved,True
F00806,CaliCat (H2U),2022 H2U Data Room B2 (A+ Round)/Board/Minutes 2021/H2U Technologies September 2021 Board Minutes.pdf,COMPANIES/CaliCat (H2U)/06_Board_and_Governance/H2U Technologies September 2021 Board Minutes__F00806.pdf,PLACED,06 Board & Governance,False,moved,True
F00807,CaliCat (H2U),2022 H2U Data Room B2 (A+ Round)/Board/Tom Werner 2021/Board Appt Letter T Werner - signed.pdf,COMPANIES/CaliCat (H2U)/06_Board_and_Governance/Board Appt Letter T Werner - signed.pdf,PLACED,06 Board & Governance,False,moved,True
F00808,CaliCat (H2U),2022 H2U Data Room B2 (A+ Round)/Board/Tom Werner 2021/H2U Board Appointment Letter_Tom Werner (1).doc,COMPANIES/CaliCat (H2U)/06_Board_and_Governance/H2U Board Appointment Letter_Tom Werner (1).doc,PLACED,06 Board & Governance,False,moved,True
F00809,CaliCat (H2U),2022 H2U Data Room B2 (A+ Round)/Board/Tom Werner 2021/H2U Board Appointment Letter_Tom Werner.DOC,COMPANIES/CaliCat (H2U)/14_Historical_Superseded/H2U Board Appointment Letter_Tom Werner.DOC,SUPERSEDED,14 Historical / Superseded,False,moved,True
F00810,CaliCat (H2U),2022 H2U Data Room B2 (A+ Round)/Board/Tom Werner 2021/H2U Board Appointment Letter_Tom Werner.pdf,COMPANIES/CaliCat (H2U)/14_Historical_Superseded/H2U Board Appointment Letter_Tom Werner.pdf,SUPERSEDED,14 Historical / Superseded,False,moved,True
F00811,CaliCat (H2U),2022 H2U Data Room B2 (A+ Round)/Board/Tom Werner 2021/H2U RSPA - Tom Werner (Cooley Comments 6-15-2021) (1).docx,COMPANIES/CaliCat (H2U)/14_Historical_Superseded/H2U RSPA - Tom Werner (Cooley Comments 6-15-2021) (1).docx,SUPERSEDED,14 Historical / Superseded,False,moved,True
F00812,CaliCat (H2U),2022 H2U Data Room B2 (A+ Round)/Board/Tom Werner 2021/H2U RSPA - Tom Werner (Cooley Comments 6-15-2021) v2 (Redline).pdf,COMPANIES/CaliCat (H2U)/06_Board_and_Governance/H2U RSPA - Tom Werner (Cooley Comments 6-15-2021) v2 (Redline).pdf,PLACED,06 Board & Governance,False,moved,True
F00813,CaliCat (H2U),2022 H2U Data Room B2 (A+ Round)/Board/Tom Werner 2021/H2U RSPA - Tom Werner (Cooley Comments 6-15-2021).docx,COMPANIES/CaliCat (H2U)/14_Historical_Superseded/H2U RSPA - Tom Werner (Cooley Comments 6-15-2021).docx,SUPERSEDED,14 Historical / Superseded,False,moved,True
F00814,CaliCat (H2U),2022 H2U Data Room B2 (A+ Round)/Board/Tom Werner 2021/H2U RSPA - Tom Werner Final.pdf,COMPANIES/CaliCat (H2U)/06_Board_and_Governance/H2U RSPA - Tom Werner Final.pdf,PLACED,06 Board & Governance,False,moved,True
F00815,CaliCat (H2U),2022 H2U Data Room B2 (A+ Round)/Board/Tom Werner 2021/Indemnification Agreement.doc,COMPANIES/CaliCat (H2U)/14_Historical_Superseded/Indemnification Agreement.doc,SUPERSEDED,14 Historical / Superseded,False,moved,True
F00816,CaliCat (H2U),2022 H2U Data Room B2 (A+ Round)/Board/Tom Werner 2021/Indemnification Agreement.pdf,COMPANIES/CaliCat (H2U)/06_Board_and_Governance/Indemnification Agreement.pdf,PLACED,06 Board & Governance,False,moved,True
F00817,CaliCat (H2U),2022 H2U Data Room B2 (A+ Round)/Board/Tom Werner 2021/SOP 2 -  Stock Option Grant Notice 2021 June Tom Werner.docx,COMPANIES/CaliCat (H2U)/06_Board_and_Governance/SOP 2 - Stock Option Grant Notice 2021 June Tom Werner.docx,PLACED,06 Board & Governance,True,moved,True
F00818,CaliCat (H2U),2022 H2U Data Room B2 (A+ Round)/Board/Tom Werner 2021/SOP 5 - Exercise Notice 2021-02-01 v1 Tom Werner.docx,COMPANIES/CaliCat (H2U)/06_Board_and_Governance/SOP 5 - Exercise Notice 2021-02-01 v1 Tom Werner.docx,PLACED,06 Board & Governance,False,moved,True
F00819,CaliCat (H2U),2022 H2U Data Room B2 (A+ Round)/Board/Tom Werner 2021/SOP 6 - SH Consent 2020-11-20  (option plan) v1-signed.pdf,COMPANIES/CaliCat (H2U)/06_Board_and_Governance/SOP 6 - SH Consent 2020-11-20 (option plan) v1-signed.pdf,PLACED,06 Board & Governance,True,moved,True
F00820,CaliCat (H2U),2022 H2U Data Room B2 (A+ Round)/Board/Tom Werner 2021/SOP 7 - Board Consent 2021 June Tom Werner Restricted Share Grant.docx,COMPANIES/CaliCat (H2U)/14_Historical_Superseded/SOP 7 - Board Consent 2021 June Tom Werner Restricted Share Grant.docx,SUPERSEDED,14 Historical / Superseded,False,moved,True
F00821,CaliCat (H2U),2022 H2U Data Room B2 (A+ Round)/Board/Tom Werner 2021/SOP 7 - Board Consent 2021 June Tom Werner Restricted Share Grant.pdf,COMPANIES/CaliCat (H2U)/06_Board_and_Governance/SOP 7 - Board Consent 2021 June Tom Werner Restricted Share Grant.pdf,PLACED,06 Board & Governance,False,moved,True
F00822,CaliCat (H2U),2022 H2U Data Room B2 (A+ Round)/Board/Tom Werner 2021/Stock Option Agreement Tom Werner.docx,COMPANIES/CaliCat (H2U)/06_Board_and_Governance/Stock Option Agreement Tom Werner.docx,PLACED,06 Board & Governance,False,moved,True
F00823,CaliCat (H2U),2022 H2U Data Room B2 (A+ Round)/Board/Tom Werner 2021/Tom Werner/Board Appt Letter T Werner - signed.pdf,COMPANIES/CaliCat (H2U)/06_Board_and_Governance/Board Appt Letter T Werner - signed__F00823.pdf,PLACED,06 Board & Governance,False,moved,True
F00824,CaliCat (H2U),2022 H2U Data Room B2 (A+ Round)/Board/Tom Werner 2021/Tom Werner/H2U Board Appointment Letter_Tom Werner (1).doc,COMPANIES/CaliCat (H2U)/06_Board_and_Governance/H2U Board Appointment Letter_Tom Werner (1)__F00824.doc,PLACED,06 Board & Governance,False,moved,True
F00825,CaliCat (H2U),2022 H2U Data Room B2 (A+ Round)/Board/Tom Werner 2021/Tom Werner/H2U Board Appointment Letter_Tom Werner.DOC,COMPANIES/CaliCat (H2U)/14_Historical_Superseded/H2U Board Appointment Letter_Tom Werner__F00825.DOC,SUPERSEDED,14 Historical / Superseded,False,moved,True
F00826,CaliCat (H2U),2022 H2U Data Room B2 (A+ Round)/Board/Tom Werner 2021/Tom Werner/H2U Board Appointment Letter_Tom Werner.pdf,COMPANIES/CaliCat (H2U)/14_Historical_Superseded/H2U Board Appointment Letter_Tom Werner__F00826.pdf,SUPERSEDED,14 Historical / Superseded,False,moved,True
F00827,CaliCat (H2U),2022 H2U Data Room B2 (A+ Round)/Board/Tom Werner 2021/Tom Werner/H2U RSPA - Tom Werner (Cooley Comments 6-15-2021) (1).docx,COMPANIES/CaliCat (H2U)/14_Historical_Superseded/H2U RSPA - Tom Werner (Cooley Comments 6-15-2021) (1)__F00827.docx,SUPERSEDED,14 Historical / Superseded,False,moved,True
F00828,CaliCat (H2U),2022 H2U Data Room B2 (A+ Round)/Board/Tom Werner 2021/Tom Werner/H2U RSPA - Tom Werner (Cooley Comments 6-15-2021) v2 (Redline).pdf,COMPANIES/CaliCat (H2U)/06_Board_and_Governance/H2U RSPA - Tom Werner (Cooley Comments 6-15-2021) v2 (Redline)__F00828.pdf,PLACED,06 Board & Governance,False,moved,True
F00829,CaliCat (H2U),2022 H2U Data Room B2 (A+ Round)/Board/Tom Werner 2021/Tom Werner/H2U RSPA - Tom Werner (Cooley Comments 6-15-2021).docx,COMPANIES/CaliCat (H2U)/14_Historical_Superseded/H2U RSPA - Tom Werner (Cooley Comments 6-15-2021)__F00829.docx,SUPERSEDED,14 Historical / Superseded,False,moved,True
F00830,CaliCat (H2U),2022 H2U Data Room B2 (A+ Round)/Board/Tom Werner 2021/Tom Werner/H2U RSPA - Tom Werner Final.pdf,COMPANIES/CaliCat (H2U)/06_Board_and_Governance/H2U RSPA - Tom Werner Final__F00830.pdf,PLACED,06 Board & Governance,False,moved,True
F00831,CaliCat (H2U),2022 H2U Data Room B2 (A+ Round)/Board/Tom Werner 2021/Tom Werner/Indemnification Agreement.doc,COMPANIES/CaliCat (H2U)/14_Historical_Superseded/Indemnification Agreement__F00831.doc,SUPERSEDED,14 Historical / Superseded,False,moved,True
F00832,CaliCat (H2U),2022 H2U Data Room B2 (A+ Round)/Board/Tom Werner 2021/Tom Werner/Indemnification Agreement.pdf,COMPANIES/CaliCat (H2U)/06_Board_and_Governance/Indemnification Agreement__F00832.pdf,PLACED,06 Board & Governance,False,moved,True
F00833,CaliCat (H2U),2022 H2U Data Room B2 (A+ Round)/Board/Tom Werner 2021/Tom Werner/SOP 2 -  Stock Option Grant Notice 2021 June Tom Werner.docx,COMPANIES/CaliCat (H2U)/06_Board_and_Governance/SOP 2 - Stock Option Grant Notice 2021 June Tom Werner__F00833.docx,PLACED,06 Board & Governance,True,moved,True
F00834,CaliCat (H2U),2022 H2U Data Room B2 (A+ Round)/Board/Tom Werner 2021/Tom Werner/SOP 5 - Exercise Notice 2021-02-01 v1 Tom Werner.docx,COMPANIES/CaliCat (H2U)/06_Board_and_Governance/SOP 5 - Exercise Notice 2021-02-01 v1 Tom Werner__F00834.docx,PLACED,06 Board & Governance,False,moved,True
F00835,CaliCat (H2U),2022 H2U Data Room B2 (A+ Round)/Board/Tom Werner 2021/Tom Werner/SOP 6 - SH Consent 2020-11-20  (option plan) v1-signed.pdf,COMPANIES/CaliCat (H2U)/06_Board_and_Governance/SOP 6 - SH Consent 2020-11-20 (option plan) v1-signed__F00835.pdf,PLACED,06 Board & Governance,True,moved,True
F00836,CaliCat (H2U),2022 H2U Data Room B2 (A+ Round)/Board/Tom Werner 2021/Tom Werner/SOP 7 - Board Consent 2021 June Tom Werner Restricted Share Grant.docx,COMPANIES/CaliCat (H2U)/14_Historical_Superseded/SOP 7 - Board Consent 2021 June Tom Werner Restricted Share Grant__F00836.docx,SUPERSEDED,14 Historical / Superseded,False,moved,True
F00837,CaliCat (H2U),2022 H2U Data Room B2 (A+ Round)/Board/Tom Werner 2021/Tom Werner/SOP 7 - Board Consent 2021 June Tom Werner Restricted Share Grant.pdf,COMPANIES/CaliCat (H2U)/06_Board_and_Governance/SOP 7 - Board Consent 2021 June Tom Werner Restricted Share Grant__F00837.pdf,PLACED,06 Board & Governance,False,moved,True
F00838,CaliCat (H2U),2022 H2U Data Room B2 (A+ Round)/Board/Tom Werner 2021/Tom Werner/Stock Option Agreement Tom Werner.docx,COMPANIES/CaliCat (H2U)/06_Board_and_Governance/Stock Option Agreement Tom Werner__F00838.docx,PLACED,06 Board & Governance,False,moved,True
F00839,CaliCat (H2U),2022 H2U Data Room B2 (A+ Round)/Board/Tom Werner 2021/Tom Werner/signed docs/Board Appt Letter T Werner - signed.pdf,COMPANIES/CaliCat (H2U)/06_Board_and_Governance/Board Appt Letter T Werner - signed__F00839.pdf,PLACED,06 Board & Governance,False,moved,True
F00840,CaliCat (H2U),2022 H2U Data Room B2 (A+ Round)/Board/Tom Werner 2021/Tom Werner/signed docs/H2U Appt Ltr Tom Werner - signed.jpg,COMPANIES/CaliCat (H2U)/06_Board_and_Governance/H2U Appt Ltr Tom Werner - signed.jpg,PLACED,06 Board & Governance,False,moved,True
F00841,CaliCat (H2U),2022 H2U Data Room B2 (A+ Round)/Board/Tom Werner 2021/Tom Werner/signed docs/H2U EXHIBIT A VOID.jpeg,COMPANIES/CaliCat (H2U)/06_Board_and_Governance/H2U EXHIBIT A VOID.jpeg,PLACED,06 Board & Governance,False,moved,True
F00842,CaliCat (H2U),2022 H2U Data Room B2 (A+ Round)/Board/Tom Werner 2021/Tom Werner/signed docs/H2U EXHIBIT A.jpeg,COMPANIES/CaliCat (H2U)/06_Board_and_Governance/H2U EXHIBIT A.jpeg,PLACED,06 Board & Governance,False,moved,True
F00843,CaliCat (H2U),2022 H2U Data Room B2 (A+ Round)/Board/Tom Werner 2021/Tom Werner/signed docs/H2U Idemnification pg 1.jpeg,COMPANIES/CaliCat (H2U)/06_Board_and_Governance/H2U Idemnification pg 1.jpeg,PLACED,06 Board & Governance,False,moved,True
F00844,CaliCat (H2U),2022 H2U Data Room B2 (A+ Round)/Board/Tom Werner 2021/Tom Werner/signed docs/H2U Idemnification pg.2.jpeg,COMPANIES/CaliCat (H2U)/06_Board_and_Governance/H2U Idemnification pg.2.jpeg,PLACED,06 Board & Governance,False,moved,True
F00845,CaliCat (H2U),2022 H2U Data Room B2 (A+ Round)/Board/Tom Werner 2021/Tom Werner/signed docs/H2U OFFER COVER.jpeg,COMPANIES/CaliCat (H2U)/06_Board_and_Governance/H2U OFFER COVER.jpeg,PLACED,06 Board & Governance,False,moved,True
F00846,CaliCat (H2U),2022 H2U Data Room B2 (A+ Round)/Board/Tom Werner 2021/Tom Werner/signed docs/H2U OFFER SIGNATURE.jpeg,COMPANIES/CaliCat (H2U)/06_Board_and_Governance/H2U OFFER SIGNATURE.jpeg,PLACED,06 Board & Governance,False,moved,True
F00847,CaliCat (H2U),"2022 H2U Data Room B2 (A+ Round)/Board/Tom Werner 2021/Tom Werner/signed docs/H2U RSPA - Tom Werner (Partially Executed) (June 16, 2021).pdf","COMPANIES/CaliCat (H2U)/06_Board_and_Governance/H2U RSPA - Tom Werner (Partially Executed) (June 16, 2021).pdf",PLACED,06 Board & Governance,False,moved,True
F00848,CaliCat (H2U),2022 H2U Data Room B2 (A+ Round)/Board/Tom Werner 2021/Tom Werner/signed docs/H2U RSPA Tom Werner signature pages.pdf,COMPANIES/CaliCat (H2U)/06_Board_and_Governance/H2U RSPA Tom Werner signature pages.pdf,PLACED,06 Board & Governance,False,moved,True
F00849,CaliCat (H2U),2022 H2U Data Room B2 (A+ Round)/Board/Tom Werner 2021/Tom Werner/signed docs/H2U RSPA pg 12.jpeg,COMPANIES/CaliCat (H2U)/06_Board_and_Governance/H2U RSPA pg 12.jpeg,PLACED,06 Board & Governance,False,moved,True
F00850,CaliCat (H2U),"2022 H2U Data Room B2 (A+ Round)/Board/Tom Werner 2021/Tom Werner/signed docs/Indemnification Agreement (Partially Executed) (June 16, 2021).pdf","COMPANIES/CaliCat (H2U)/06_Board_and_Governance/Indemnification Agreement (Partially Executed) (June 16, 2021).pdf",PLACED,06 Board & Governance,False,moved,True
F00851,CaliCat (H2U),2022 H2U Data Room B2 (A+ Round)/Board/Tom Werner 2021/Tom Werner/signed docs/Indemnification pg 1 werner.pdf,COMPANIES/CaliCat (H2U)/06_Board_and_Governance/Indemnification pg 1 werner.pdf,PLACED,06 Board & Governance,False,moved,True
F00852,CaliCat (H2U),2022 H2U Data Room B2 (A+ Round)/Board/Tom Werner 2021/Tom Werner/signed docs/Indemnification pg 2 werner.pdf,COMPANIES/CaliCat (H2U)/06_Board_and_Governance/Indemnification pg 2 werner.pdf,PLACED,06 Board & Governance,False,moved,True
F00853,CaliCat (H2U),2022 H2U Data Room B2 (A+ Round)/Board/Tom Werner 2021/Tom Werner/signed docs/SOP 7 - Board Consent 2021 June Tom  Werner Restricted Share Grant-signed.pdf,COMPANIES/CaliCat (H2U)/06_Board_and_Governance/SOP 7 - Board Consent 2021 June Tom Werner Restricted Share Grant-signed.pdf,PLACED,06 Board & Governance,True,moved,True
F00854,CaliCat (H2U),2022 H2U Data Room B2 (A+ Round)/Board/Tom Werner 2021/Tom Werner/signed docs/werner rspa.zip,COMPANIES/CaliCat (H2U)/06_Board_and_Governance/werner rspa.zip,PLACED,06 Board & Governance,False,moved,True
F00855,CaliCat (H2U),2022 H2U Data Room B2 (A+ Round)/Board/Tom Werner 2021/signed docs/Board Appt Letter T Werner - signed.pdf,COMPANIES/CaliCat (H2U)/06_Board_and_Governance/Board Appt Letter T Werner - signed__F00855.pdf,PLACED,06 Board & Governance,False,moved,True
F00856,CaliCat (H2U),2022 H2U Data Room B2 (A+ Round)/Board/Tom Werner 2021/signed docs/H2U Appt Ltr Tom Werner - signed.jpg,COMPANIES/CaliCat (H2U)/06_Board_and_Governance/H2U Appt Ltr Tom Werner - signed__F00856.jpg,PLACED,06 Board & Governance,False,moved,True
F00857,CaliCat (H2U),2022 H2U Data Room B2 (A+ Round)/Board/Tom Werner 2021/signed docs/H2U EXHIBIT A VOID.jpeg,COMPANIES/CaliCat (H2U)/06_Board_and_Governance/H2U EXHIBIT A VOID__F00857.jpeg,PLACED,06 Board & Governance,False,moved,True
F00858,CaliCat (H2U),2022 H2U Data Room B2 (A+ Round)/Board/Tom Werner 2021/signed docs/H2U EXHIBIT A.jpeg,COMPANIES/CaliCat (H2U)/06_Board_and_Governance/H2U EXHIBIT A__F00858.jpeg,PLACED,06 Board & Governance,False,moved,True
F00859,CaliCat (H2U),2022 H2U Data Room B2 (A+ Round)/Board/Tom Werner 2021/signed docs/H2U Idemnification pg 1.jpeg,COMPANIES/CaliCat (H2U)/06_Board_and_Governance/H2U Idemnification pg 1__F00859.jpeg,PLACED,06 Board & Governance,False,moved,True
F00860,CaliCat (H2U),2022 H2U Data Room B2 (A+ Round)/Board/Tom Werner 2021/signed docs/H2U Idemnification pg.2.jpeg,COMPANIES/CaliCat (H2U)/06_Board_and_Governance/H2U Idemnification pg.2__F00860.jpeg,PLACED,06 Board & Governance,False,moved,True
F00861,CaliCat (H2U),2022 H2U Data Room B2 (A+ Round)/Board/Tom Werner 2021/signed docs/H2U OFFER COVER.jpeg,COMPANIES/CaliCat (H2U)/06_Board_and_Governance/H2U OFFER COVER__F00861.jpeg,PLACED,06 Board & Governance,False,moved,True
F00862,CaliCat (H2U),2022 H2U Data Room B2 (A+ Round)/Board/Tom Werner 2021/signed docs/H2U OFFER SIGNATURE.jpeg,COMPANIES/CaliCat (H2U)/06_Board_and_Governance/H2U OFFER SIGNATURE__F00862.jpeg,PLACED,06 Board & Governance,False,moved,True
F00863,CaliCat (H2U),"2022 H2U Data Room B2 (A+ Round)/Board/Tom Werner 2021/signed docs/H2U RSPA - Tom Werner (Partially Executed) (June 16, 2021).pdf","COMPANIES/CaliCat (H2U)/06_Board_and_Governance/H2U RSPA - Tom Werner (Partially Executed) (June 16, 2021)__F00863.pdf",PLACED,06 Board & Governance,False,moved,True
F00864,CaliCat (H2U),2022 H2U Data Room B2 (A+ Round)/Board/Tom Werner 2021/signed docs/H2U RSPA Tom Werner signature pages.pdf,COMPANIES/CaliCat (H2U)/06_Board_and_Governance/H2U RSPA Tom Werner signature pages__F00864.pdf,PLACED,06 Board & Governance,False,moved,True
F00865,CaliCat (H2U),2022 H2U Data Room B2 (A+ Round)/Board/Tom Werner 2021/signed docs/H2U RSPA pg 12.jpeg,COMPANIES/CaliCat (H2U)/06_Board_and_Governance/H2U RSPA pg 12__F00865.jpeg,PLACED,06 Board & Governance,False,moved,True
F00866,CaliCat (H2U),"2022 H2U Data Room B2 (A+ Round)/Board/Tom Werner 2021/signed docs/Indemnification Agreement (Partially Executed) (June 16, 2021).pdf","COMPANIES/CaliCat (H2U)/06_Board_and_Governance/Indemnification Agreement (Partially Executed) (June 16, 2021)__F00866.pdf",PLACED,06 Board & Governance,False,moved,True
F00867,CaliCat (H2U),2022 H2U Data Room B2 (A+ Round)/Board/Tom Werner 2021/signed docs/Indemnification pg 1 werner.pdf,COMPANIES/CaliCat (H2U)/06_Board_and_Governance/Indemnification pg 1 werner__F00867.pdf,PLACED,06 Board & Governance,False,moved,True
F00868,CaliCat (H2U),2022 H2U Data Room B2 (A+ Round)/Board/Tom Werner 2021/signed docs/Indemnification pg 2 werner.pdf,COMPANIES/CaliCat (H2U)/06_Board_and_Governance/Indemnification pg 2 werner__F00868.pdf,PLACED,06 Board & Governance,False,moved,True
F00869,CaliCat (H2U),2022 H2U Data Room B2 (A+ Round)/Board/Tom Werner 2021/signed docs/SOP 7 - Board Consent 2021 June Tom  Werner Restricted Share Grant-signed.pdf,COMPANIES/CaliCat (H2U)/06_Board_and_Governance/SOP 7 - Board Consent 2021 June Tom Werner Restricted Share Grant-signed__F00869.pdf,PLACED,06 Board & Governance,True,moved,True
F00870,CaliCat (H2U),2022 H2U Data Room B2 (A+ Round)/Board/Tom Werner 2021/signed docs/werner rspa.zip,COMPANIES/CaliCat (H2U)/06_Board_and_Governance/werner rspa__F00870.zip,PLACED,06 Board & Governance,False,moved,True
F00871,CaliCat (H2U),2022 H2U Data Room B2 (A+ Round)/Board/signed board docs 2020/4 - Secretary's Certificate.pdf,COMPANIES/CaliCat (H2U)/06_Board_and_Governance/4 - Secretary's Certificate.pdf,PLACED,06 Board & Governance,False,moved,True
F00872,CaliCat (H2U),2022 H2U Data Room B2 (A+ Round)/Board/signed board docs 2020/5 - Organizational Consent  2020-07-07 v2-signedNSL.pdf,COMPANIES/CaliCat (H2U)/06_Board_and_Governance/5 - Organizational Consent 2020-07-07 v2-signedNSL.pdf,PLACED,06 Board & Governance,True,moved,True
F00873,CaliCat (H2U),2022 H2U Data Room B2 (A+ Round)/Board/signed board docs 2020/6 - Board Consent 2020-10-29  v1-signedNSL.pdf,COMPANIES/CaliCat (H2U)/14_Historical_Superseded/6 - Board Consent 2020-10-29 v1-signedNSL.pdf,SUPERSEDED,14 Historical / Superseded,True,moved,True
F00874,CaliCat (H2U),2022 H2U Data Room B2 (A+ Round)/Board/signed board docs 2020/6 - Board Consent 2020-10-29  v3-signedNSL.pdf,COMPANIES/CaliCat (H2U)/06_Board_and_Governance/6 - Board Consent 2020-10-29 v3-signedNSL.pdf,PLACED,06 Board & Governance,True,moved,True
F00875,CaliCat (H2U),2022 H2U Data Room B2 (A+ Round)/Board/signed board docs 2020/Board Consent  2020-11-01-signed.pdf,COMPANIES/CaliCat (H2U)/06_Board_and_Governance/Board Consent 2020-11-01-signed.pdf,PLACED,06 Board & Governance,True,moved,True
F00876,CaliCat (H2U),2022 H2U Data Room B2 (A+ Round)/Board/signed board docs 2020/H2U Board Consent  2020-11-01-signed.pdf,COMPANIES/CaliCat (H2U)/06_Board_and_Governance/H2U Board Consent 2020-11-01-signed.pdf,PLACED,06 Board & Governance,True,moved,True
F00877,CaliCat (H2U),2022 H2U Data Room B2 (A+ Round)/Board/signed board docs 2020/SOP 0 - Board Consent 2020-11-20  (option plan) v1-signed.pdf,COMPANIES/CaliCat (H2U)/06_Board_and_Governance/SOP 0 - Board Consent 2020-11-20 (option plan) v1-signed.pdf,PLACED,06 Board & Governance,True,moved,True
F00878,CaliCat (H2U),2022 H2U Data Room B2 (A+ Round)/Board/signed board docs 2020/SOP 6 - SH Consent 2020-11-20  (option plan) v1-signed.pdf,COMPANIES/CaliCat (H2U)/06_Board_and_Governance/SOP 6 - SH Consent 2020-11-20 (option plan) v1-signed__F00878.pdf,PLACED,06 Board & Governance,True,moved,True
F00879,CaliCat (H2U),2022 H2U Data Room B2 (A+ Round)/Board/signed board docs 2020/SOP 7 - Board Consent 2021 January  Nitin Vaish Option Grant-signed.pdf,COMPANIES/CaliCat (H2U)/06_Board_and_Governance/SOP 7 - Board Consent 2021 January Nitin Vaish Option Grant-signed.pdf,PLACED,06 Board & Governance,True,moved,True
F00880,CaliCat (H2U),2022 H2U Data Room B2 (A+ Round)/Board/signed board docs 2020/signed board docs/4 - Secretary's Certificate.pdf,COMPANIES/CaliCat (H2U)/06_Board_and_Governance/4 - Secretary's Certificate__F00880.pdf,PLACED,06 Board & Governance,False,moved,True
F00881,CaliCat (H2U),2022 H2U Data Room B2 (A+ Round)/Board/signed board docs 2020/signed board docs/5 - Organizational Consent  2020-07-07 v2-signedNSL.pdf,COMPANIES/CaliCat (H2U)/06_Board_and_Governance/5 - Organizational Consent 2020-07-07 v2-signedNSL__F00881.pdf,PLACED,06 Board & Governance,True,moved,True
F00882,CaliCat (H2U),2022 H2U Data Room B2 (A+ Round)/Board/signed board docs 2020/signed board docs/6 - Board Consent 2020-10-29  v1-signedNSL.pdf,COMPANIES/CaliCat (H2U)/14_Historical_Superseded/6 - Board Consent 2020-10-29 v1-signedNSL__F00882.pdf,SUPERSEDED,14 Historical / Superseded,True,moved,True
F00883,CaliCat (H2U),2022 H2U Data Room B2 (A+ Round)/Board/signed board docs 2020/signed board docs/6 - Board Consent 2020-10-29  v3-signedNSL.pdf,COMPANIES/CaliCat (H2U)/06_Board_and_Governance/6 - Board Consent 2020-10-29 v3-signedNSL__F00883.pdf,PLACED,06 Board & Governance,True,moved,True
F00884,CaliCat (H2U),2022 H2U Data Room B2 (A+ Round)/Board/signed board docs 2020/signed board docs/Board Consent  2020-11-01-signed.pdf,COMPANIES/CaliCat (H2U)/06_Board_and_Governance/Board Consent 2020-11-01-signed__F00884.pdf,PLACED,06 Board & Governance,True,moved,True
F00885,CaliCat (H2U),2022 H2U Data Room B2 (A+ Round)/Board/signed board docs 2020/signed board docs/H2U Board Consent  2020-11-01-signed.pdf,COMPANIES/CaliCat (H2U)/06_Board_and_Governance/H2U Board Consent 2020-11-01-signed__F00885.pdf,PLACED,06 Board & Governance,True,moved,True
F00886,CaliCat (H2U),2022 H2U Data Room B2 (A+ Round)/Board/signed board docs 2020/signed board docs/SOP 0 - Board Consent 2020-11-20  (option plan) v1-signed.pdf,COMPANIES/CaliCat (H2U)/06_Board_and_Governance/SOP 0 - Board Consent 2020-11-20 (option plan) v1-signed__F00886.pdf,PLACED,06 Board & Governance,True,moved,True
F00887,CaliCat (H2U),2022 H2U Data Room B2 (A+ Round)/Board/signed board docs 2020/signed board docs/SOP 6 - SH Consent 2020-11-20  (option plan) v1-signed.pdf,COMPANIES/CaliCat (H2U)/06_Board_and_Governance/SOP 6 - SH Consent 2020-11-20 (option plan) v1-signed__F00887.pdf,PLACED,06 Board & Governance,True,moved,True
F00888,CaliCat (H2U),2022 H2U Data Room B2 (A+ Round)/Board/signed board docs 2020/signed board docs/SOP 7 - Board Consent 2021 January  Nitin Vaish Option Grant-signed.pdf,COMPANIES/CaliCat (H2U)/06_Board_and_Governance/SOP 7 - Board Consent 2021 January Nitin Vaish Option Grant-signed__F00888.pdf,PLACED,06 Board & Governance,True,moved,True
F00889,CaliCat (H2U),2022 H2U Data Room B2 (A+ Round)/Business Development/H2U sales-BD funnel.xlsx,COMPANIES/CaliCat (H2U)/10_Technical_and_Diligence/H2U sales-BD funnel.xlsx,PLACED,10 Technical & Diligence,False,moved,True
F00890,CaliCat (H2U),2022 H2U Data Room B2 (A+ Round)/Business Development/Avangrid/Avangrid-H2U MOU_R5 SIGNED.pdf,COMPANIES/CaliCat (H2U)/10_Technical_and_Diligence/Avangrid-H2U MOU_R5 SIGNED.pdf,PLACED,10 Technical & Diligence,False,moved,True
F00891,CaliCat (H2U),2022 H2U Data Room B2 (A+ Round)/Business Development/Avangrid/Copy of Copy of H2U Service Quote Calculator -Avangrid_R1.pdf,COMPANIES/CaliCat (H2U)/14_Historical_Superseded/Copy of Copy of H2U Service Quote Calculator -Avangrid_R1.pdf,SUPERSEDED,14 Historical / Superseded,False,moved,True
F00892,CaliCat (H2U),2022 H2U Data Room B2 (A+ Round)/Business Development/Avangrid/Copy of Copy of H2U Service Quote Calculator -Avangrid_R1.xlsx,COMPANIES/CaliCat (H2U)/10_Technical_and_Diligence/Copy of Copy of H2U Service Quote Calculator -Avangrid_R1.xlsx,PLACED,10 Technical & Diligence,False,moved,True
F00893,CaliCat (H2U),2022 H2U Data Room B2 (A+ Round)/Business Development/Avangrid/H2U Service Quote-Avangrid_R0.pdf,COMPANIES/CaliCat (H2U)/10_Technical_and_Diligence/H2U Service Quote-Avangrid_R0.pdf,PLACED,10 Technical & Diligence,False,moved,True
F00894,CaliCat (H2U),2022 H2U Data Room B2 (A+ Round)/Business Development/CEC/00_GFO-21-304_Solicitation_Manual_Addendum 1_ADA.docx,COMPANIES/CaliCat (H2U)/10_Technical_and_Diligence/00_GFO-21-304_Solicitation_Manual_Addendum 1_ADA.docx,PLACED,10 Technical & Diligence,False,moved,True
F00895,CaliCat (H2U),2022 H2U Data Room B2 (A+ Round)/Business Development/CEC/01_GFO-21-304_Att_01_Application_Form DRAFT EJS20220811.docx,COMPANIES/CaliCat (H2U)/14_Historical_Superseded/01_GFO-21-304_Att_01_Application_Form DRAFT EJS20220811.docx,SUPERSEDED,14 Historical / Superseded,False,moved,True
F00896,CaliCat (H2U),2022 H2U Data Room B2 (A+ Round)/Business Development/CEC/01_GFO-21-304_Att_01_Application_Form DRAFT EJS20220815.docx,COMPANIES/CaliCat (H2U)/10_Technical_and_Diligence/01_GFO-21-304_Att_01_Application_Form DRAFT EJS20220815.docx,PLACED,10 Technical & Diligence,False,moved,True
F00897,CaliCat (H2U),2022 H2U Data Room B2 (A+ Round)/Business Development/CEC/02_GFO-21-304_Att_02_Executive_Summary_Form DRAFT EJS20220809.docx,COMPANIES/CaliCat (H2U)/10_Technical_and_Diligence/02_GFO-21-304_Att_02_Executive_Summary_Form DRAFT EJS20220809.docx,PLACED,10 Technical & Diligence,False,moved,True
F00898,CaliCat (H2U),2022 H2U Data Room B2 (A+ Round)/Business Development/CEC/06_GFO-21-304_Att_06_Project_Schedule EJS20220811.xlsx,COMPANIES/CaliCat (H2U)/10_Technical_and_Diligence/06_GFO-21-304_Att_06_Project_Schedule EJS20220811.xlsx,PLACED,10 Technical & Diligence,False,moved,True
F00899,CaliCat (H2U),2022 H2U Data Room B2 (A+ Round)/Business Development/CEC/06_GFO-21-304_Att_06_Project_Schedule.xlsx,COMPANIES/CaliCat (H2U)/10_Technical_and_Diligence/06_GFO-21-304_Att_06_Project_Schedule.xlsx,PLACED,10 Technical & Diligence,False,moved,True
F00900,CaliCat (H2U),2022 H2U Data Room B2 (A+ Round)/Business Development/CEC/07_GFO-21-304_Att_07_Budget_Forms v1.xlsx,COMPANIES/CaliCat (H2U)/14_Historical_Superseded/07_GFO-21-304_Att_07_Budget_Forms v1.xlsx,SUPERSEDED,14 Historical / Superseded,False,moved,True
F00901,CaliCat (H2U),2022 H2U Data Room B2 (A+ Round)/Business Development/CEC/07_GFO-21-304_Att_07_Budget_Forms v2.xlsx,COMPANIES/CaliCat (H2U)/14_Historical_Superseded/07_GFO-21-304_Att_07_Budget_Forms v2.xlsx,SUPERSEDED,14 Historical / Superseded,False,moved,True
F00902,CaliCat (H2U),2022 H2U Data Room B2 (A+ Round)/Business Development/CEC/07_GFO-21-304_Att_07_Budget_Forms v3.xlsx,COMPANIES/CaliCat (H2U)/14_Historical_Superseded/07_GFO-21-304_Att_07_Budget_Forms v3.xlsx,SUPERSEDED,14 Historical / Superseded,False,moved,True
F00903,CaliCat (H2U),2022 H2U Data Room B2 (A+ Round)/Business Development/CEC/07_GFO-21-304_Att_07_Budget_Forms v4.xlsx,COMPANIES/CaliCat (H2U)/10_Technical_and_Diligence/07_GFO-21-304_Att_07_Budget_Forms v4.xlsx,PLACED,10 Technical & Diligence,False,moved,True
F00904,CaliCat (H2U),2022 H2U Data Room B2 (A+ Round)/Business Development/CEC/07_GFO-21-304_Att_07_Budget_Forms.xlsx,COMPANIES/CaliCat (H2U)/14_Historical_Superseded/07_GFO-21-304_Att_07_Budget_Forms.xlsx,SUPERSEDED,14 Historical / Superseded,False,moved,True
F00905,CaliCat (H2U),2022 H2U Data Room B2 (A+ Round)/Business Development/CEC/CEC Project_Narrative EJS20220810.docx,COMPANIES/CaliCat (H2U)/10_Technical_and_Diligence/CEC Project_Narrative EJS20220810.docx,PLACED,10 Technical & Diligence,False,moved,True
F00906,CaliCat (H2U),2022 H2U Data Room B2 (A+ Round)/Business Development/CEC/CEC Scope_of_Work  DRAFT EJS20220810-2.docx,COMPANIES/CaliCat (H2U)/10_Technical_and_Diligence/CEC Scope_of_Work DRAFT EJS20220810-2.docx,PLACED,10 Technical & Diligence,True,moved,True
F00907,CaliCat (H2U),2022 H2U Data Room B2 (A+ Round)/Business Development/CEC/CEC org chart draft v1.pptx,COMPANIES/CaliCat (H2U)/10_Technical_and_Diligence/CEC org chart draft v1.pptx,PLACED,10 Technical & Diligence,False,moved,True
F00908,CaliCat (H2U),2022 H2U Data Room B2 (A+ Round)/Business Development/CEC/Copy of 07_GFO-21-304_Att_07_Budget_Forms v5.xlsx,COMPANIES/CaliCat (H2U)/10_Technical_and_Diligence/Copy of 07_GFO-21-304_Att_07_Budget_Forms v5.xlsx,PLACED,10 Technical & Diligence,False,moved,True
F00909,CaliCat (H2U),2022 H2U Data Room B2 (A+ Round)/Business Development/CEC/Fw_ GFO-21-304 document review - Tuesday Aug 16 _.msg,COMPANIES/CaliCat (H2U)/10_Technical_and_Diligence/Fw_ GFO-21-304 document review - Tuesday Aug 16 _.msg,PLACED,10 Technical & Diligence,False,moved,True
F00910,CaliCat (H2U),2022 H2U Data Room B2 (A+ Round)/Business Development/CEC/GFO-21-304_Att_07_Budget_Forms H2U20220817-2 Kat.xlsx,COMPANIES/CaliCat (H2U)/10_Technical_and_Diligence/GFO-21-304_Att_07_Budget_Forms H2U20220817-2 Kat.xlsx,PLACED,10 Technical & Diligence,False,moved,True
F00911,CaliCat (H2U),2022 H2U Data Room B2 (A+ Round)/Business Development/CEC/GFO-21-304_Att_07_Budget_Forms H2U20220817-2.xlsx,COMPANIES/CaliCat (H2U)/10_Technical_and_Diligence/GFO-21-304_Att_07_Budget_Forms H2U20220817-2.xlsx,PLACED,10 Technical & Diligence,False,moved,True
F00912,CaliCat (H2U),2022 H2U Data Room B2 (A+ Round)/Business Development/CEC/GFO-21-304_Att_07_Budget_Forms v6.xlsx,COMPANIES/CaliCat (H2U)/14_Historical_Superseded/GFO-21-304_Att_07_Budget_Forms v6.xlsx,SUPERSEDED,14 Historical / Superseded,False,moved,True
F00913,CaliCat (H2U),2022 H2U Data Room B2 (A+ Round)/Business Development/CEC/GFO-21-304_Att_07_Budget_Forms v7.xlsx,COMPANIES/CaliCat (H2U)/10_Technical_and_Diligence/GFO-21-304_Att_07_Budget_Forms v7.xlsx,PLACED,10 Technical & Diligence,False,moved,True
F00914,CaliCat (H2U),2022 H2U Data Room B2 (A+ Round)/Business Development/CEC/Scope of Work_ Project Narrative_ and others.msg,COMPANIES/CaliCat (H2U)/10_Technical_and_Diligence/Scope of Work_ Project Narrative_ and others.msg,PLACED,10 Technical & Diligence,False,moved,True
F00915,CaliCat (H2U),2022 H2U Data Room B2 (A+ Round)/Business Development/CEC/employees-report.xlsx,COMPANIES/CaliCat (H2U)/10_Technical_and_Diligence/employees-report.xlsx,PLACED,10 Technical & Diligence,False,moved,True
F00916,CaliCat (H2U),2022 H2U Data Room B2 (A+ Round)/Business Development/CEC/h2u-technologies-inc-contractor-payments-2022-01-01-to-2022-12-31.xlsx,COMPANIES/CaliCat (H2U)/10_Technical_and_Diligence/h2u-technologies-inc-contractor-payments-2022-01-01-to-2022-12-31.xlsx,PLACED,10 Technical & Diligence,False,moved,True
F00917,CaliCat (H2U),2022 H2U Data Room B2 (A+ Round)/Business Development/CEC Proposal submitted/00_GFO-21-304_Solicitation_Manual_Addendum 1_ADA.docx,COMPANIES/CaliCat (H2U)/10_Technical_and_Diligence/00_GFO-21-304_Solicitation_Manual_Addendum 1_ADA__F00917.docx,PLACED,10 Technical & Diligence,False,moved,True
F00918,CaliCat (H2U),2022 H2U Data Room B2 (A+ Round)/Business Development/CEC Proposal submitted/GFO-21-304_Att_07_Budget_Forms H2U20220817-2.xlsx,COMPANIES/CaliCat (H2U)/10_Technical_and_Diligence/GFO-21-304_Att_07_Budget_Forms H2U20220817-2__F00918.xlsx,PLACED,10 Technical & Diligence,False,moved,True
F00919,CaliCat (H2U),2022 H2U Data Room B2 (A+ Round)/Business Development/DOE FOA 2922/20221129_ScopeOutlineGTI.docx,COMPANIES/CaliCat (H2U)/10_Technical_and_Diligence/20221129_ScopeOutlineGTI.docx,PLACED,10 Technical & Diligence,False,moved,True
F00920,CaliCat (H2U),2022 H2U Data Room B2 (A+ Round)/Business Development/DOE FOA 2922/Capex 2023-2024.xlsx,COMPANIES/CaliCat (H2U)/10_Technical_and_Diligence/Capex 2023-2024.xlsx,PLACED,10 Technical & Diligence,False,moved,True
F00921,CaliCat (H2U),2022 H2U Data Room B2 (A+ Round)/Business Development/DOE FOA 2922/GFO-21-304_Att_07_Budget_Forms H2U20220817-2 Kat.xlsx,COMPANIES/CaliCat (H2U)/10_Technical_and_Diligence/GFO-21-304_Att_07_Budget_Forms H2U20220817-2 Kat__F00921.xlsx,PLACED,10 Technical & Diligence,False,moved,True
F00922,CaliCat (H2U),2022 H2U Data Room B2 (A+ Round)/Business Development/DOE FOA 2922/WM invoice.pdf,COMPANIES/CaliCat (H2U)/10_Technical_and_Diligence/WM invoice.pdf,PLACED,10 Technical & Diligence,False,moved,True
F00923,CaliCat (H2U),2022 H2U Data Room B2 (A+ Round)/Business Development/De Nora Tech/211207 De Nora Invoice.pdf,COMPANIES/CaliCat (H2U)/14_Historical_Superseded/211207 De Nora Invoice.pdf,SUPERSEDED,14 Historical / Superseded,False,moved,True
F00924,CaliCat (H2U),2022 H2U Data Room B2 (A+ Round)/Business Development/De Nora Tech/211207 De Nora Invoice.xlsx,COMPANIES/CaliCat (H2U)/10_Technical_and_Diligence/211207 De Nora Invoice.xlsx,PLACED,10 Technical & Diligence,False,moved,True
F00925,CaliCat (H2U),2022 H2U Data Room B2 (A+ Round)/Business Development/De Nora Tech/4500207284 - H2U TECHNOLOGIES INC Purchase order - Denora.pdf,COMPANIES/CaliCat (H2U)/10_Technical_and_Diligence/4500207284 - H2U TECHNOLOGIES INC Purchase order - Denora.pdf,PLACED,10 Technical & Diligence,False,moved,True
F00926,CaliCat (H2U),2022 H2U Data Room B2 (A+ Round)/Business Development/De Nora Tech/4500222714 - H2U TECHNOLOGIES INC..pdf,COMPANIES/CaliCat (H2U)/10_Technical_and_Diligence/4500222714 - H2U TECHNOLOGIES INC.pdf,PLACED,10 Technical & Diligence,True,moved,True
F00927,CaliCat (H2U),2022 H2U Data Room B2 (A+ Round)/Business Development/De Nora Tech/DNT - H2U_MTA-2_FULLY EXECUTED.pdf,COMPANIES/CaliCat (H2U)/10_Technical_and_Diligence/DNT - H2U_MTA-2_FULLY EXECUTED.pdf,PLACED,10 Technical & Diligence,False,moved,True
F00928,CaliCat (H2U),2022 H2U Data Room B2 (A+ Round)/Business Development/De Nora Tech/DNT Credit Application Fillable signed.pdf,COMPANIES/CaliCat (H2U)/10_Technical_and_Diligence/DNT Credit Application Fillable signed.pdf,PLACED,10 Technical & Diligence,False,moved,True
F00929,CaliCat (H2U),2022 H2U Data Room B2 (A+ Round)/Business Development/De Nora Tech/DNT Credit Application Fillable.pdf,COMPANIES/CaliCat (H2U)/14_Historical_Superseded/DNT Credit Application Fillable.pdf,SUPERSEDED,14 Historical / Superseded,False,moved,True
F00930,CaliCat (H2U),2022 H2U Data Room B2 (A+ Round)/Business Development/De Nora Tech/Denora  test results 220304_H2U PTE Performance.pdf,COMPANIES/CaliCat (H2U)/10_Technical_and_Diligence/Denora test results 220304_H2U PTE Performance.pdf,PLACED,10 Technical & Diligence,True,moved,True
F00931,CaliCat (H2U),2022 H2U Data Room B2 (A+ Round)/Business Development/De Nora Tech/Denora H2U Annex A.pdf,COMPANIES/CaliCat (H2U)/10_Technical_and_Diligence/Denora H2U Annex A.pdf,PLACED,10 Technical & Diligence,False,moved,True
F00932,CaliCat (H2U),2022 H2U Data Room B2 (A+ Round)/Business Development/De Nora Tech/FW_ Updated PO 4500222714 - H2U TECHNOLOGIES INC_.msg,COMPANIES/CaliCat (H2U)/10_Technical_and_Diligence/FW_ Updated PO 4500222714 - H2U TECHNOLOGIES INC_.msg,PLACED,10 Technical & Diligence,False,moved,True
F00933,CaliCat (H2U),2022 H2U Data Room B2 (A+ Round)/Business Development/De Nora Tech/Fwd_ PO 4500207284 - H2U TECHNOLOGIES INC_.msg,COMPANIES/CaliCat (H2U)/10_Technical_and_Diligence/Fwd_ PO 4500207284 - H2U TECHNOLOGIES INC_.msg,PLACED,10 Technical & Diligence,False,moved,True
F00934,CaliCat (H2U),2022 H2U Data Room B2 (A+ Round)/Business Development/De Nora Tech/H2U_Idn Jda Final - signed.pdf,COMPANIES/CaliCat (H2U)/10_Technical_and_Diligence/H2U_Idn Jda Final - signed.pdf,PLACED,10 Technical & Diligence,False,moved,True
F00935,CaliCat (H2U),2022 H2U Data Room B2 (A+ Round)/Business Development/De Nora Tech/IDN_H2U nda 2 SW SIGNED.pdf,COMPANIES/CaliCat (H2U)/10_Technical_and_Diligence/IDN_H2U nda 2 SW SIGNED.pdf,PLACED,10 Technical & Diligence,False,moved,True
F00936,CaliCat (H2U),2022 H2U Data Room B2 (A+ Round)/Business Development/De Nora Tech/Invoice INV-0007.pdf,COMPANIES/CaliCat (H2U)/10_Technical_and_Diligence/Invoice INV-0007.pdf,PLACED,10 Technical & Diligence,False,moved,True
F00937,CaliCat (H2U),2022 H2U Data Room B2 (A+ Round)/Business Development/De Nora Tech/Levin_testing_Long_term_slides.pptx,COMPANIES/CaliCat (H2U)/10_Technical_and_Diligence/Levin_testing_Long_term_slides__F00937.pptx,PLACED,10 Technical & Diligence,False,moved,True
F00938,CaliCat (H2U),2022 H2U Data Room B2 (A+ Round)/Business Development/De Nora Tech/RE updated H2U quote approval request.msg,COMPANIES/CaliCat (H2U)/10_Technical_and_Diligence/RE updated H2U quote approval request.msg,PLACED,10 Technical & Diligence,False,moved,True
F00939,CaliCat (H2U),2022 H2U Data Room B2 (A+ Round)/Business Development/De Nora Tech/Re_ Updated PO 4500222714 - H2U TECHNOLOGIES INC_.msg,COMPANIES/CaliCat (H2U)/10_Technical_and_Diligence/Re_ Updated PO 4500222714 - H2U TECHNOLOGIES INC_.msg,PLACED,10 Technical & Diligence,False,moved,True
F00940,CaliCat (H2U),2022 H2U Data Room B2 (A+ Round)/Business Development/De Nora Tech/h2u_quote_050322a.pdf,COMPANIES/CaliCat (H2U)/10_Technical_and_Diligence/h2u_quote_050322a__F00940.pdf,PLACED,10 Technical & Diligence,False,moved,True
F00941,CaliCat (H2U),"2022 H2U Data Room B2 (A+ Round)/Business Development/Eneos/H2U Technologies, Inc. - Material Transfer Agreement - ENEOS _CLEANED.docx.pdf","COMPANIES/CaliCat (H2U)/10_Technical_and_Diligence/H2U Technologies, Inc. - Material Transfer Agreement - ENEOS _CLEANED.docx.pdf",PLACED,10 Technical & Diligence,False,moved,True
F00942,CaliCat (H2U),2022 H2U Data Room B2 (A+ Round)/Business Development/Eneos/H2U catalyst evaluation proposal for ENEOS updated AUG 2022_CLEANED.docx.pdf,COMPANIES/CaliCat (H2U)/10_Technical_and_Diligence/H2U catalyst evaluation proposal for ENEOS updated AUG 2022_CLEANED.docx.pdf,PLACED,10 Technical & Diligence,False,moved,True
F00943,CaliCat (H2U),2022 H2U Data Room B2 (A+ Round)/Business Development/Eneos/Invoice INV-0006.pdf,COMPANIES/CaliCat (H2U)/10_Technical_and_Diligence/Invoice INV-0006.pdf,PLACED,10 Technical & Diligence,False,moved,True
F00944,CaliCat (H2U),2022 H2U Data Room B2 (A+ Round)/Business Development/Eneos/Summary.pdf,COMPANIES/CaliCat (H2U)/10_Technical_and_Diligence/Summary.pdf,PLACED,10 Technical & Diligence,False,moved,True
F00945,CaliCat (H2U),2022 H2U Data Room B2 (A+ Round)/Business Development/Liberty/H2U Standard Services Agmt for Liberty Utilities (002).pdf,COMPANIES/CaliCat (H2U)/10_Technical_and_Diligence/H2U Standard Services Agmt for Liberty Utilities (002).pdf,PLACED,10 Technical & Diligence,False,moved,True
F00946,CaliCat (H2U),2022 H2U Data Room B2 (A+ Round)/Business Development/New Jersey Natural Gas/NJR Vendor Registration Form 2-24-22.docx,COMPANIES/CaliCat (H2U)/10_Technical_and_Diligence/NJR Vendor Registration Form 2-24-22.docx,PLACED,10 Technical & Diligence,False,moved,True
F00947,CaliCat (H2U),2022 H2U Data Room B2 (A+ Round)/Business Development/New Jersey Natural Gas/h2u nda.docx.pdf,COMPANIES/CaliCat (H2U)/10_Technical_and_Diligence/h2u nda.docx.pdf,PLACED,10 Technical & Diligence,False,moved,True
F00948,CaliCat (H2U),2022 H2U Data Room B2 (A+ Round)/Business Development/SAM/Info needed for SAM gov registration 20230111 A.docx,COMPANIES/CaliCat (H2U)/10_Technical_and_Diligence/Info needed for SAM gov registration 20230111 A.docx,PLACED,10 Technical & Diligence,False,moved,True
F00949,CaliCat (H2U),2022 H2U Data Room B2 (A+ Round)/Business Development/SAM/Info needed for SAM gov registration 20230111.docx,COMPANIES/CaliCat (H2U)/10_Technical_and_Diligence/Info needed for SAM gov registration 20230111.docx,PLACED,10 Technical & Diligence,False,moved,True
F00950,CaliCat (H2U),2022 H2U Data Room B2 (A+ Round)/Business Development/SAM/SAM.gov Checklist ver 20230111.docx,COMPANIES/CaliCat (H2U)/10_Technical_and_Diligence/SAM.gov Checklist ver 20230111.docx,PLACED,10 Technical & Diligence,False,moved,True
F00951,CaliCat (H2U),2022 H2U Data Room B2 (A+ Round)/Business Development/SAM/SAM.gov Entity Registration Checklist.pdf,COMPANIES/CaliCat (H2U)/10_Technical_and_Diligence/SAM.gov Entity Registration Checklist.pdf,PLACED,10 Technical & Diligence,False,moved,True
F00952,CaliCat (H2U),"2022 H2U Data Room B2 (A+ Round)/Business Development/SCG/5660061159_ExtA1 - H2U Ultra-low-cost, Scalable, Electrocatalysts and Electrolyzers for Cost-Effective Green Hydrogen Gas Production.pdf","COMPANIES/CaliCat (H2U)/10_Technical_and_Diligence/5660061159_ExtA1 - H2U Ultra-low-cost, Scalable, Electrocatalysts and Electrolyzers for Cost-Effective Green Hydrogen Gas Production.pdf",PLACED,10 Technical & Diligence,False,moved,True
F00953,CaliCat (H2U),"2022 H2U Data Room B2 (A+ Round)/Business Development/SCG/5660061159_ExtA2 - H2U Ultra-low-cost, Scalable, Electrocatalysts and Electrolyzers for Cost-Effective Green Hydrogen Gas Production.pdf","COMPANIES/CaliCat (H2U)/10_Technical_and_Diligence/5660061159_ExtA2 - H2U Ultra-low-cost, Scalable, Electrocatalysts and Electrolyzers for Cost-Effective Green Hydrogen Gas Production.pdf",PLACED,10 Technical & Diligence,False,moved,True
F00954,CaliCat (H2U),2022 H2U Data Room B2 (A+ Round)/Business Development/SCG/5660061159_SSA - final.docx,COMPANIES/CaliCat (H2U)/10_Technical_and_Diligence/5660061159_SSA - final.docx,PLACED,10 Technical & Diligence,False,moved,True
F00955,CaliCat (H2U),2022 H2U Data Room B2 (A+ Round)/Business Development/SCG/CERTIFICATE OF INSURANCE.Pdf,COMPANIES/CaliCat (H2U)/10_Technical_and_Diligence/CERTIFICATE OF INSURANCE.Pdf,PLACED,10 Technical & Diligence,False,moved,True
F00956,CaliCat (H2U),2022 H2U Data Room B2 (A+ Round)/Business Development/SCG/EFT form.PDF,COMPANIES/CaliCat (H2U)/10_Technical_and_Diligence/EFT form.PDF,PLACED,10 Technical & Diligence,False,moved,True
F00957,CaliCat (H2U),2022 H2U Data Room B2 (A+ Round)/Business Development/SCG/Fw_ H2U Task 1B deliverable for approval.msg,COMPANIES/CaliCat (H2U)/10_Technical_and_Diligence/Fw_ H2U Task 1B deliverable for approval.msg,PLACED,10 Technical & Diligence,False,moved,True
F00958,CaliCat (H2U),2022 H2U Data Room B2 (A+ Round)/Business Development/SCG/Fw_ H2U Task 1a completion and invoicing.msg,COMPANIES/CaliCat (H2U)/10_Technical_and_Diligence/Fw_ H2U Task 1a completion and invoicing.msg,PLACED,10 Technical & Diligence,False,moved,True
F00959,CaliCat (H2U),2022 H2U Data Room B2 (A+ Round)/Business Development/SCG/Invoice INV-0004.pdf,COMPANIES/CaliCat (H2U)/10_Technical_and_Diligence/Invoice INV-0004.pdf,PLACED,10 Technical & Diligence,False,moved,True
F00960,CaliCat (H2U),2022 H2U Data Room B2 (A+ Round)/Business Development/SCG/Invoice INV-0005.pdf,COMPANIES/CaliCat (H2U)/10_Technical_and_Diligence/Invoice INV-0005.pdf,PLACED,10 Technical & Diligence,False,moved,True
F00961,CaliCat (H2U),2022 H2U Data Room B2 (A+ Round)/Business Development/SCG/Invoice INV-0008.pdf,COMPANIES/CaliCat (H2U)/10_Technical_and_Diligence/Invoice INV-0008.pdf,PLACED,10 Technical & Diligence,False,moved,True
F00962,CaliCat (H2U),2022 H2U Data Room B2 (A+ Round)/Business Development/SCG/RE_ H2U slides from meeting today.msg,COMPANIES/CaliCat (H2U)/10_Technical_and_Diligence/RE_ H2U slides from meeting today.msg,PLACED,10 Technical & Diligence,False,moved,True
F00963,CaliCat (H2U),2022 H2U Data Room B2 (A+ Round)/Business Development/SCG/Re_ $40K.msg,COMPANIES/CaliCat (H2U)/10_Technical_and_Diligence/Re_ $40K.msg,PLACED,10 Technical & Diligence,False,moved,True
F00964,CaliCat (H2U),2022 H2U Data Room B2 (A+ Round)/Business Development/SCG/Re_ Updated Task 1C deliverable slides.msg,COMPANIES/CaliCat (H2U)/10_Technical_and_Diligence/Re_ Updated Task 1C deliverable slides.msg,PLACED,10 Technical & Diligence,False,moved,True
F00965,CaliCat (H2U),2022 H2U Data Room B2 (A+ Round)/Business Development/SCG/SCG 2nd invoice.png,COMPANIES/CaliCat (H2U)/10_Technical_and_Diligence/SCG 2nd invoice.png,PLACED,10 Technical & Diligence,False,moved,True
F00966,CaliCat (H2U),2022 H2U Data Room B2 (A+ Round)/Business Development/SCG/SoCalGas - H2U Task 1B deliverable.pdf,COMPANIES/CaliCat (H2U)/10_Technical_and_Diligence/SoCalGas - H2U Task 1B deliverable.pdf,PLACED,10 Technical & Diligence,False,moved,True
F00967,CaliCat (H2U),2022 H2U Data Room B2 (A+ Round)/Business Development/SCG/SoCalGas - H2U amended Task 1C deliverable - final.pdf,COMPANIES/CaliCat (H2U)/10_Technical_and_Diligence/SoCalGas - H2U amended Task 1C deliverable - final.pdf,PLACED,10 Technical & Diligence,False,moved,True
F00968,CaliCat (H2U),2022 H2U Data Room B2 (A+ Round)/Business Development/SCG/certificate document 0.pdf,COMPANIES/CaliCat (H2U)/10_Technical_and_Diligence/certificate document 0.pdf,PLACED,10 Technical & Diligence,False,moved,True
F00969,CaliCat (H2U),2022 H2U Data Room B2 (A+ Round)/Business Development/SCG/certificate.pdf,COMPANIES/CaliCat (H2U)/10_Technical_and_Diligence/certificate.pdf,PLACED,10 Technical & Diligence,False,moved,True
F00970,CaliCat (H2U),2022 H2U Data Room B2 (A+ Round)/Business Development/SCG/invoiceList_Sort[invoiceDate]_Order[desc].pdf,COMPANIES/CaliCat (H2U)/10_Technical_and_Diligence/invoiceList_Sort[invoiceDate]_Order[desc].pdf,PLACED,10 Technical & Diligence,False,moved,True
F00971,CaliCat (H2U),2022 H2U Data Room B2 (A+ Round)/Business Development/SCG/purchaseOrder_5660061159.pdf,COMPANIES/CaliCat (H2U)/10_Technical_and_Diligence/purchaseOrder_5660061159.pdf,PLACED,10 Technical & Diligence,False,moved,True
F00972,CaliCat (H2U),2022 H2U Data Room B2 (A+ Round)/Business Development/SCG/void check.PDF,COMPANIES/CaliCat (H2U)/10_Technical_and_Diligence/void check.PDF,PLACED,10 Technical & Diligence,False,moved,True
F00973,CaliCat (H2U),2022 H2U Data Room B2 (A+ Round)/Business Development/Tokyo Gas/Invoice INV-0009.pdf,COMPANIES/CaliCat (H2U)/10_Technical_and_Diligence/Invoice INV-0009.pdf,PLACED,10 Technical & Diligence,False,moved,True
F00974,CaliCat (H2U),2022 H2U Data Room B2 (A+ Round)/Business Development/Tokyo Gas/Invoice INV-0010.pdf,COMPANIES/CaliCat (H2U)/10_Technical_and_Diligence/Invoice INV-0010.pdf,PLACED,10 Technical & Diligence,False,moved,True
F00975,CaliCat (H2U),2022 H2U Data Room B2 (A+ Round)/Business Development/Tokyo Gas/TG-H2U JDA DRAFT Nov 2022_w modifications req by TG.docx,COMPANIES/CaliCat (H2U)/10_Technical_and_Diligence/TG-H2U JDA DRAFT Nov 2022_w modifications req by TG.docx,PLACED,10 Technical & Diligence,False,moved,True
F00976,CaliCat (H2U),2022 H2U Data Room B2 (A+ Round)/Business Development/Tokyo Gas/Tokyo Gas & H2U Technologies Fully Executed JDA 1-25-23.pdf,COMPANIES/CaliCat (H2U)/10_Technical_and_Diligence/Tokyo Gas & H2U Technologies Fully Executed JDA 1-25-23.pdf,PLACED,10 Technical & Diligence,False,moved,True
F00977,CaliCat (H2U),2022 H2U Data Room B2 (A+ Round)/Business Development/Tokyo Gas/Tokyo Gas Chinese wall outline.pptx,COMPANIES/CaliCat (H2U)/10_Technical_and_Diligence/Tokyo Gas Chinese wall outline.pptx,PLACED,10 Technical & Diligence,False,moved,True
F00978,CaliCat (H2U),2022 H2U Data Room B2 (A+ Round)/Corporate Decks/H2U SERIES B FINALb (003).pdf,COMPANIES/CaliCat (H2U)/12_Company_Materials/H2U SERIES B FINALb (003).pdf,PLACED,12 Company Materials,False,moved,True
F00979,CaliCat (H2U),2022 H2U Data Room B2 (A+ Round)/Equity/2022-2023 409A report data.pdf,COMPANIES/CaliCat (H2U)/10_Technical_and_Diligence/2022-2023 409A report data.pdf,PLACED,10 Technical & Diligence,False,moved,True
F00980,CaliCat (H2U),2022 H2U Data Room B2 (A+ Round)/Equity/H2U Technologies __ Carta Follow Up + Contract.msg,COMPANIES/CaliCat (H2U)/10_Technical_and_Diligence/H2U Technologies __ Carta Follow Up + Contract.msg,PLACED,10 Technical & Diligence,False,moved,True
F00981,CaliCat (H2U),2022 H2U Data Room B2 (A+ Round)/Equity/Multiple certificates 053122 without details.pdf,COMPANIES/CaliCat (H2U)/10_Technical_and_Diligence/Multiple certificates 053122 without details.pdf,PLACED,10 Technical & Diligence,False,moved,True
F00982,CaliCat (H2U),2022 H2U Data Room B2 (A+ Round)/Equity/Multiple certificates 053122.pdf,COMPANIES/CaliCat (H2U)/10_Technical_and_Diligence/Multiple certificates 053122.pdf,PLACED,10 Technical & Diligence,False,moved,True
F00983,CaliCat (H2U),2022 H2U Data Room B2 (A+ Round)/Equity/Re_ Updated invitation_ H2U Technologies _ Carta Tax @ Tue Nov 1_ 2022 5_30pm - 6pm (EDT) (charlie_lin@h2utechnologies_com).msg,COMPANIES/CaliCat (H2U)/10_Technical_and_Diligence/Re_ Updated invitation_ H2U Technologies _ Carta Tax @ Tue Nov 1_ 2022 5_30pm - 6pm (EDT) (charlie_lin@h2utechnologies_com).msg,PLACED,10 Technical & Diligence,False,moved,True
F00984,CaliCat (H2U),2022 H2U Data Room B2 (A+ Round)/Equity/h2u-technologies-inc_2022-04-29_summary_cap_summary_grouped_cap_intermediate_cap_detailed_cap_ledgers_drafts.xlsx,COMPANIES/CaliCat (H2U)/14_Historical_Superseded/h2u-technologies-inc_2022-04-29_summary_cap_summary_grouped_cap_intermediate_cap_detailed_cap_ledgers_drafts.xlsx,SUPERSEDED,14 Historical / Superseded,False,moved,True
F00985,CaliCat (H2U),2022 H2U Data Room B2 (A+ Round)/Equity/h2u-technologies-inc_2022-06-27_summary_cap_summary_grouped_cap_intermediate_cap_ledgers.xlsx,COMPANIES/CaliCat (H2U)/10_Technical_and_Diligence/h2u-technologies-inc_2022-06-27_summary_cap_summary_grouped_cap_intermediate_cap_ledgers.xlsx,PLACED,10 Technical & Diligence,False,moved,True
F00986,CaliCat (H2U),2022 H2U Data Room B2 (A+ Round)/Equity/h2u-technologies-inc_2022-08-31_valuation_issued_2022-10-18_watermarked.pdf,COMPANIES/CaliCat (H2U)/10_Technical_and_Diligence/h2u-technologies-inc_2022-08-31_valuation_issued_2022-10-18_watermarked.pdf,PLACED,10 Technical & Diligence,False,moved,True
F00987,CaliCat (H2U),2022 H2U Data Room B2 (A+ Round)/Equity/h2u-technologies-inc_2022-08-31_valuation_issued_2022-10-28_watermarked $0.26.pdf,COMPANIES/CaliCat (H2U)/10_Technical_and_Diligence/h2u-technologies-inc_2022-08-31_valuation_issued_2022-10-28_watermarked $0.26.pdf,PLACED,10 Technical & Diligence,False,moved,True
F00988,CaliCat (H2U),2022 H2U Data Room B2 (A+ Round)/Equity/h2u-technologies-inc_2022-09-16_summary_cap_summary_grouped_cap_intermediate_cap_detailed_cap_ledgers_drafts.xlsx,COMPANIES/CaliCat (H2U)/14_Historical_Superseded/h2u-technologies-inc_2022-09-16_summary_cap_summary_grouped_cap_intermediate_cap_detailed_cap_ledgers_drafts.xlsx,SUPERSEDED,14 Historical / Superseded,False,moved,True
F00989,CaliCat (H2U),2022 H2U Data Room B2 (A+ Round)/Equity/h2u-technologies-inc_2022-12-14_summary_cap_summary_grouped_cap_intermediate_cap_detailed_cap_ledgers.xlsx,COMPANIES/CaliCat (H2U)/10_Technical_and_Diligence/h2u-technologies-inc_2022-12-14_summary_cap_summary_grouped_cap_intermediate_cap_detailed_cap_ledgers.xlsx,PLACED,10 Technical & Diligence,False,moved,True
F00990,CaliCat (H2U),2022 H2U Data Room B2 (A+ Round)/Equity/h2u-technologies-inc_2022-12-31_summary_cap_summary_grouped_cap_intermediate_cap_detailed_cap_ledgers_drafts.xlsx,COMPANIES/CaliCat (H2U)/14_Historical_Superseded/h2u-technologies-inc_2022-12-31_summary_cap_summary_grouped_cap_intermediate_cap_detailed_cap_ledgers_drafts.xlsx,SUPERSEDED,14 Historical / Superseded,False,moved,True
F00991,CaliCat (H2U),2022 H2U Data Room B2 (A+ Round)/Equity/h2u-technologies-inc_2023-01-22_summary_cap_summary_grouped_cap_intermediate_cap_ledgers_drafts.xlsx,COMPANIES/CaliCat (H2U)/10_Technical_and_Diligence/h2u-technologies-inc_2023-01-22_summary_cap_summary_grouped_cap_intermediate_cap_ledgers_drafts.xlsx,PLACED,10 Technical & Diligence,False,moved,True
F00992,CaliCat (H2U),2022 H2U Data Room B2 (A+ Round)/Equity/h2u-technologies-inc_2023-02-07_summary_cap_intermediate_cap.xlsx,COMPANIES/CaliCat (H2U)/10_Technical_and_Diligence/h2u-technologies-inc_2023-02-07_summary_cap_intermediate_cap.xlsx,PLACED,10 Technical & Diligence,False,moved,True
F00993,CaliCat (H2U),2022 H2U Data Room B2 (A+ Round)/Equity/h2u-technologies-inc_2023-02-07_summary_cap_summary_grouped_cap_intermediate_cap_detailed_cap_ledgers_drafts.xlsx,COMPANIES/CaliCat (H2U)/14_Historical_Superseded/h2u-technologies-inc_2023-02-07_summary_cap_summary_grouped_cap_intermediate_cap_detailed_cap_ledgers_drafts.xlsx,SUPERSEDED,14 Historical / Superseded,False,moved,True
F00994,CaliCat (H2U),2022 H2U Data Room B2 (A+ Round)/Equity/h2u-technologies-inc_2023-03-08_summary_cap_summary_grouped_cap_intermediate_cap_detailed_cap_ledgers_drafts.xlsx,COMPANIES/CaliCat (H2U)/10_Technical_and_Diligence/h2u-technologies-inc_2023-03-08_summary_cap_summary_grouped_cap_intermediate_cap_detailed_cap_ledgers_drafts.xlsx,PLACED,10 Technical & Diligence,False,moved,True
F00995,CaliCat (H2U),2022 H2U Data Room B2 (A+ Round)/Equity/2020 Stock Options/SOP 0 - Board Consent 2020-11-20 (option plan) v1.docx,COMPANIES/CaliCat (H2U)/14_Historical_Superseded/SOP 0 - Board Consent 2020-11-20 (option plan) v1.docx,SUPERSEDED,14 Historical / Superseded,False,moved,True
F00996,CaliCat (H2U),2022 H2U Data Room B2 (A+ Round)/Equity/2020 Stock Options/SOP 0 - Board Consent 2020-11-20 (option plan) v1.pdf,COMPANIES/CaliCat (H2U)/03_Cap_Table_and_Equity/SOP 0 - Board Consent 2020-11-20 (option plan) v1.pdf,PLACED,03 Cap Table & Equity,False,moved,True
F00997,CaliCat (H2U),2022 H2U Data Room B2 (A+ Round)/Equity/2020 Stock Options/SOP 1 - 2020 Equity Incentive Plan 2020-11-20 v1.docx,COMPANIES/CaliCat (H2U)/03_Cap_Table_and_Equity/SOP 1 - 2020 Equity Incentive Plan 2020-11-20 v1.docx,PLACED,03 Cap Table & Equity,False,moved,True
F00998,CaliCat (H2U),2022 H2U Data Room B2 (A+ Round)/Equity/2020 Stock Options/SOP 2 -  Stock Option Grant Notice 2020-11-20 v1 (Advisor form).docx,COMPANIES/CaliCat (H2U)/03_Cap_Table_and_Equity/SOP 2 - Stock Option Grant Notice 2020-11-20 v1 (Advisor form).docx,PLACED,03 Cap Table & Equity,True,moved,True
F00999,CaliCat (H2U),2022 H2U Data Room B2 (A+ Round)/Equity/2020 Stock Options/SOP 2 -  Stock Option Grant Notice 2020-11-20 v1 (Advisor form)_1.docx,COMPANIES/CaliCat (H2U)/03_Cap_Table_and_Equity/SOP 2 - Stock Option Grant Notice 2020-11-20 v1 (Advisor form)_1.docx,PLACED,03 Cap Table & Equity,True,moved,True
F01000,CaliCat (H2U),2022 H2U Data Room B2 (A+ Round)/Equity/2020 Stock Options/SOP 3 -  Stock Option Grant Notice 2020-11-20 (Employee form).docx,COMPANIES/CaliCat (H2U)/03_Cap_Table_and_Equity/SOP 3 - Stock Option Grant Notice 2020-11-20 (Employee form).docx,PLACED,03 Cap Table & Equity,True,moved,True
F01001,CaliCat (H2U),2022 H2U Data Room B2 (A+ Round)/Equity/2020 Stock Options/SOP 4 - Stock Option Agreement 2020-11-20 v1.docx,COMPANIES/CaliCat (H2U)/03_Cap_Table_and_Equity/SOP 4 - Stock Option Agreement 2020-11-20 v1.docx,PLACED,03 Cap Table & Equity,False,moved,True
F01002,CaliCat (H2U),2022 H2U Data Room B2 (A+ Round)/Equity/2020 Stock Options/SOP 5 - Exercise Notice 2020-11-20 v1 (early exercise).docx,COMPANIES/CaliCat (H2U)/03_Cap_Table_and_Equity/SOP 5 - Exercise Notice 2020-11-20 v1 (early exercise).docx,PLACED,03 Cap Table & Equity,False,moved,True
F01003,CaliCat (H2U),2022 H2U Data Room B2 (A+ Round)/Equity/2020 Stock Options/SOP 5 - Exercise Notice 2020-11-20 v1.docx,COMPANIES/CaliCat (H2U)/03_Cap_Table_and_Equity/SOP 5 - Exercise Notice 2020-11-20 v1.docx,PLACED,03 Cap Table & Equity,False,moved,True
F01004,CaliCat (H2U),2022 H2U Data Room B2 (A+ Round)/Equity/2020 Stock Options/SOP 6 - SH Consent 2020-11-20 (option plan) v1.docx,COMPANIES/CaliCat (H2U)/14_Historical_Superseded/SOP 6 - SH Consent 2020-11-20 (option plan) v1.docx,SUPERSEDED,14 Historical / Superseded,False,moved,True
F01005,CaliCat (H2U),2022 H2U Data Room B2 (A+ Round)/Equity/2020 Stock Options/SOP 6 - SH Consent 2020-11-20 (option plan) v1.pdf,COMPANIES/CaliCat (H2U)/03_Cap_Table_and_Equity/SOP 6 - SH Consent 2020-11-20 (option plan) v1.pdf,PLACED,03 Cap Table & Equity,False,moved,True
F01006,CaliCat (H2U),2022 H2U Data Room B2 (A+ Round)/Equity/2020 Stock Options/SOP 7 - Board Consent 2020-11-20 (option grants FORM) v1.docx,COMPANIES/CaliCat (H2U)/03_Cap_Table_and_Equity/SOP 7 - Board Consent 2020-11-20 (option grants FORM) v1.docx,PLACED,03 Cap Table & Equity,False,moved,True
F01007,CaliCat (H2U),2022 H2U Data Room B2 (A+ Round)/Equity/2020 Stock Options/notes and instr from MJames re Stock Option Plan.pdf,COMPANIES/CaliCat (H2U)/03_Cap_Table_and_Equity/notes and instr from MJames re Stock Option Plan.pdf,PLACED,03 Cap Table & Equity,False,moved,True
F01008,CaliCat (H2U),2022 H2U Data Room B2 (A+ Round)/Equity/2021 Series A/Series A Initial Closing/210827 H2U Technologies 409A Valuation $0.19 per share.pdf,COMPANIES/CaliCat (H2U)/13_Third_Party_and_Research/210827 H2U Technologies 409A Valuation $0.19 per share.pdf,PLACED,13 Third-Party & Research,False,moved,True
F01009,CaliCat (H2U),2022 H2U Data Room B2 (A+ Round)/Equity/2021 Series A/Series A Initial Closing/H2U - Clean Documents.zip,COMPANIES/CaliCat (H2U)/10_Technical_and_Diligence/H2U - Clean Documents.zip,PLACED,10 Technical & Diligence,False,moved,True
F01010,CaliCat (H2U),2022 H2U Data Room B2 (A+ Round)/Equity/2021 Series A/Series A Initial Closing/H2U - Series A - 7-22-2021 Documents.zip,COMPANIES/CaliCat (H2U)/10_Technical_and_Diligence/H2U - Series A - 7-22-2021 Documents.zip,PLACED,10 Technical & Diligence,False,moved,True
F01011,CaliCat (H2U),2022 H2U Data Room B2 (A+ Round)/Equity/2021 Series A/Series A Initial Closing/H2U Cap Table - Post-Closing.xlsx,COMPANIES/CaliCat (H2U)/03_Cap_Table_and_Equity/H2U Cap Table - Post-Closing.xlsx,PLACED,03 Cap Table & Equity,False,moved,True
F01012,CaliCat (H2U),2022 H2U Data Room B2 (A+ Round)/Equity/2021 Series A/Series A Initial Closing/H2U Closing Set (Company).zip,COMPANIES/CaliCat (H2U)/10_Technical_and_Diligence/H2U Closing Set (Company).zip,PLACED,10 Technical & Diligence,False,moved,True
F01013,CaliCat (H2U),2022 H2U Data Room B2 (A+ Round)/Equity/2021 Series A/Series A Initial Closing/h2u-technologies-inc_2021-10-01_summary_cap_intermediate_cap_detailed_cap_ledgers.xlsx,COMPANIES/CaliCat (H2U)/10_Technical_and_Diligence/h2u-technologies-inc_2021-10-01_summary_cap_intermediate_cap_detailed_cap_ledgers.xlsx,PLACED,10 Technical & Diligence,False,moved,True
F01014,CaliCat (H2U),2022 H2U Data Room B2 (A+ Round)/Equity/2021 Series A/Series A Initial Closing/Caltech + LBNL/A5665 H2U License (Cooley Comments 7-7-2021) v5 (Redline).pdf,COMPANIES/CaliCat (H2U)/10_Technical_and_Diligence/A5665 H2U License (Cooley Comments 7-7-2021) v5 (Redline).pdf,PLACED,10 Technical & Diligence,False,moved,True
F01015,CaliCat (H2U),2022 H2U Data Room B2 (A+ Round)/Equity/2021 Series A/Series A Initial Closing/Caltech + LBNL/A5665 H2U License (Cooley Comments 7-7-2021).docx,COMPANIES/CaliCat (H2U)/14_Historical_Superseded/A5665 H2U License (Cooley Comments 7-7-2021).docx,SUPERSEDED,14 Historical / Superseded,False,moved,True
F01016,CaliCat (H2U),2022 H2U Data Room B2 (A+ Round)/Equity/2021 Series A/Series A Initial Closing/Caltech + LBNL/H2U - Issuance Agreement (Caltech)(Cooley 7-7-2021) v7 (Redline).pdf,COMPANIES/CaliCat (H2U)/10_Technical_and_Diligence/H2U - Issuance Agreement (Caltech)(Cooley 7-7-2021) v7 (Redline).pdf,PLACED,10 Technical & Diligence,False,moved,True
F01017,CaliCat (H2U),2022 H2U Data Room B2 (A+ Round)/Equity/2021 Series A/Series A Initial Closing/Caltech + LBNL/H2U - Issuance Agreement (Caltech)(Cooley 7-7-2021).docx,COMPANIES/CaliCat (H2U)/14_Historical_Superseded/H2U - Issuance Agreement (Caltech)(Cooley 7-7-2021).docx,SUPERSEDED,14 Historical / Superseded,False,moved,True
F01018,CaliCat (H2U),2022 H2U Data Room B2 (A+ Round)/Equity/2021 Series A/Series A Initial Closing/Caltech + LBNL/H2U - Issuance Agreement (Shellwater)(Cooley 7-7-2021) v1 (Redline to Caltech).pdf,COMPANIES/CaliCat (H2U)/10_Technical_and_Diligence/H2U - Issuance Agreement (Shellwater)(Cooley 7-7-2021) v1 (Redline to Caltech).pdf,PLACED,10 Technical & Diligence,False,moved,True
F01019,CaliCat (H2U),2022 H2U Data Room B2 (A+ Round)/Equity/2021 Series A/Series A Initial Closing/Caltech + LBNL/H2U - Issuance Agreement (Shellwater)(Cooley 7-7-2021).docx,COMPANIES/CaliCat (H2U)/10_Technical_and_Diligence/H2U - Issuance Agreement (Shellwater)(Cooley 7-7-2021).docx,PLACED,10 Technical & Diligence,False,moved,True
F01020,CaliCat (H2U),2022 H2U Data Room B2 (A+ Round)/Equity/2021 Series A/Series A Initial Closing/Caltech + LBNL/H2U Cap Table - Post-Closing.xlsx,COMPANIES/CaliCat (H2U)/03_Cap_Table_and_Equity/H2U Cap Table - Post-Closing__F01020.xlsx,PLACED,03 Cap Table & Equity,False,moved,True
F01021,CaliCat (H2U),"2022 H2U Data Room B2 (A+ Round)/Equity/2021 Series A/Series A Initial Closing/Caltech + LBNL/H2U Technologies, Inc. - Series A - Management Rights Letter (Hydrogen Technologies LLC).pdf","COMPANIES/CaliCat (H2U)/10_Technical_and_Diligence/H2U Technologies, Inc. - Series A - Management Rights Letter (Hydrogen Technologies LLC).pdf",PLACED,10 Technical & Diligence,False,moved,True
F01022,CaliCat (H2U),2022 H2U Data Room B2 (A+ Round)/Equity/2021 Series A/Series A Initial Closing/H2U - Clean Documents/A5665 H2U License (Execution Version).DOCX,COMPANIES/CaliCat (H2U)/10_Technical_and_Diligence/A5665 H2U License (Execution Version).DOCX,PLACED,10 Technical & Diligence,False,moved,True
F01023,CaliCat (H2U),2022 H2U Data Room B2 (A+ Round)/Equity/2021 Series A/Series A Initial Closing/H2U - Clean Documents/Amendment to RSPA (J. DiSanto).DOCX,COMPANIES/CaliCat (H2U)/10_Technical_and_Diligence/Amendment to RSPA (J. DiSanto).DOCX,PLACED,10 Technical & Diligence,False,moved,True
F01024,CaliCat (H2U),2022 H2U Data Room B2 (A+ Round)/Equity/2021 Series A/Series A Initial Closing/H2U - Clean Documents/Amendment to RSPA (N. Lewis).DOCX,COMPANIES/CaliCat (H2U)/10_Technical_and_Diligence/Amendment to RSPA (N. Lewis).DOCX,PLACED,10 Technical & Diligence,False,moved,True
F01025,CaliCat (H2U),2022 H2U Data Room B2 (A+ Round)/Equity/2021 Series A/Series A Initial Closing/H2U - Clean Documents/H2U - Issuance Agreement (Caltech)(Execution Version).DOCX,COMPANIES/CaliCat (H2U)/10_Technical_and_Diligence/H2U - Issuance Agreement (Caltech)(Execution Version).DOCX,PLACED,10 Technical & Diligence,False,moved,True
F01026,CaliCat (H2U),2022 H2U Data Room B2 (A+ Round)/Equity/2021 Series A/Series A Initial Closing/H2U - Clean Documents/H2U - Issuance Agreement (Shellwater)(To be entered into Post-Closing).DOCX,COMPANIES/CaliCat (H2U)/10_Technical_and_Diligence/H2U - Issuance Agreement (Shellwater)(To be entered into Post-Closing).DOCX,PLACED,10 Technical & Diligence,False,moved,True
F01027,CaliCat (H2U),2022 H2U Data Room B2 (A+ Round)/Equity/2021 Series A/Series A Initial Closing/H2U - Clean Documents/H2U Technologies - A&R Certificate of Incorporation (Execution Version).DOCX,COMPANIES/CaliCat (H2U)/10_Technical_and_Diligence/H2U Technologies - A&R Certificate of Incorporation (Execution Version).DOCX,PLACED,10 Technical & Diligence,False,moved,True
F01028,CaliCat (H2U),2022 H2U Data Room B2 (A+ Round)/Equity/2021 Series A/Series A Initial Closing/H2U - Clean Documents/H2U Technologies - Investor Rights Agreement (Execution Version).DOCX,COMPANIES/CaliCat (H2U)/10_Technical_and_Diligence/H2U Technologies - Investor Rights Agreement (Execution Version).DOCX,PLACED,10 Technical & Diligence,False,moved,True
F01029,CaliCat (H2U),2022 H2U Data Room B2 (A+ Round)/Equity/2021 Series A/Series A Initial Closing/H2U - Clean Documents/H2U Technologies - Right of First Refusal (Execution Version).DOCX,COMPANIES/CaliCat (H2U)/10_Technical_and_Diligence/H2U Technologies - Right of First Refusal (Execution Version).DOCX,PLACED,10 Technical & Diligence,False,moved,True
F01030,CaliCat (H2U),2022 H2U Data Room B2 (A+ Round)/Equity/2021 Series A/Series A Initial Closing/H2U - Clean Documents/H2U Technologies - Series A - Disclosure Schedule (Execution Version).DOCX,COMPANIES/CaliCat (H2U)/10_Technical_and_Diligence/H2U Technologies - Series A - Disclosure Schedule (Execution Version).DOCX,PLACED,10 Technical & Diligence,False,moved,True
F01031,CaliCat (H2U),2022 H2U Data Room B2 (A+ Round)/Equity/2021 Series A/Series A Initial Closing/H2U - Clean Documents/H2U Technologies - Stock Purchase Agreement (Execution Version).DOCX,COMPANIES/CaliCat (H2U)/02_Financing_and_Legal/H2U Technologies - Stock Purchase Agreement (Execution Version).DOCX,PLACED,02 Financing & Legal,False,moved,True
F01032,CaliCat (H2U),2022 H2U Data Room B2 (A+ Round)/Equity/2021 Series A/Series A Initial Closing/H2U - Clean Documents/H2U Technologies - Voting Agreement (Execution Version).DOCX,COMPANIES/CaliCat (H2U)/10_Technical_and_Diligence/H2U Technologies - Voting Agreement (Execution Version).DOCX,PLACED,10 Technical & Diligence,False,moved,True
F01033,CaliCat (H2U),"2022 H2U Data Room B2 (A+ Round)/Equity/2021 Series A/Series A Initial Closing/H2U - Clean Documents/H2U Technologies, Inc. - Indemnification Agreement (Andrew Krowne)(Execution Version).DOC","COMPANIES/CaliCat (H2U)/10_Technical_and_Diligence/H2U Technologies, Inc. - Indemnification Agreement (Andrew Krowne)(Execution Version).DOC",PLACED,10 Technical & Diligence,False,moved,True
F01034,CaliCat (H2U),"2022 H2U Data Room B2 (A+ Round)/Equity/2021 Series A/Series A Initial Closing/H2U - Clean Documents/H2U Technologies, Inc. - Indemnification Agreement (Form).DOC","COMPANIES/CaliCat (H2U)/10_Technical_and_Diligence/H2U Technologies, Inc. - Indemnification Agreement (Form).DOC",PLACED,10 Technical & Diligence,False,moved,True
F01035,CaliCat (H2U),"2022 H2U Data Room B2 (A+ Round)/Equity/2021 Series A/Series A Initial Closing/H2U - Clean Documents/H2U Technologies, Inc. - Indemnification Agreement (James DiSanto)(Execution Version).DOC","COMPANIES/CaliCat (H2U)/10_Technical_and_Diligence/H2U Technologies, Inc. - Indemnification Agreement (James DiSanto)(Execution Version).DOC",PLACED,10 Technical & Diligence,False,moved,True
F01036,CaliCat (H2U),"2022 H2U Data Room B2 (A+ Round)/Equity/2021 Series A/Series A Initial Closing/H2U - Clean Documents/H2U Technologies, Inc. - Indemnification Agreement (Nathan Lewis)(Execution Version).DOC","COMPANIES/CaliCat (H2U)/10_Technical_and_Diligence/H2U Technologies, Inc. - Indemnification Agreement (Nathan Lewis)(Execution Version).DOC",PLACED,10 Technical & Diligence,False,moved,True
F01037,CaliCat (H2U),"2022 H2U Data Room B2 (A+ Round)/Equity/2021 Series A/Series A Initial Closing/H2U - Clean Documents/H2U Technologies, Inc. - Indemnification Agreement (Ryan Breen)(Execution Version).DOC","COMPANIES/CaliCat (H2U)/10_Technical_and_Diligence/H2U Technologies, Inc. - Indemnification Agreement (Ryan Breen)(Execution Version).DOC",PLACED,10 Technical & Diligence,False,moved,True
F01038,CaliCat (H2U),"2022 H2U Data Room B2 (A+ Round)/Equity/2021 Series A/Series A Initial Closing/H2U - Clean Documents/H2U Technologies, Inc. - Indemnification Agreement (Tim Goodell)(Execution Version).DOC","COMPANIES/CaliCat (H2U)/10_Technical_and_Diligence/H2U Technologies, Inc. - Indemnification Agreement (Tim Goodell)(Execution Version).DOC",PLACED,10 Technical & Diligence,False,moved,True
F01039,CaliCat (H2U),"2022 H2U Data Room B2 (A+ Round)/Equity/2021 Series A/Series A Initial Closing/H2U - Clean Documents/H2U Technologies, Inc. - Series A -  506 Bad Actor Certificate (Company).DOCX","COMPANIES/CaliCat (H2U)/10_Technical_and_Diligence/H2U Technologies, Inc. - Series A - 506 Bad Actor Certificate (Company).DOCX",PLACED,10 Technical & Diligence,True,moved,True
F01040,CaliCat (H2U),"2022 H2U Data Room B2 (A+ Round)/Equity/2021 Series A/Series A Initial Closing/H2U - Clean Documents/H2U Technologies, Inc. - Series A - 506 Bad Actor Certificate (Andrew Krowne).DOCX","COMPANIES/CaliCat (H2U)/10_Technical_and_Diligence/H2U Technologies, Inc. - Series A - 506 Bad Actor Certificate (Andrew Krowne).DOCX",PLACED,10 Technical & Diligence,False,moved,True
F01041,CaliCat (H2U),"2022 H2U Data Room B2 (A+ Round)/Equity/2021 Series A/Series A Initial Closing/H2U - Clean Documents/H2U Technologies, Inc. - Series A - 506 Bad Actor Certificate (Dolby Family Ventures).DOCX","COMPANIES/CaliCat (H2U)/10_Technical_and_Diligence/H2U Technologies, Inc. - Series A - 506 Bad Actor Certificate (Dolby Family Ventures).DOCX",PLACED,10 Technical & Diligence,False,moved,True
F01042,CaliCat (H2U),"2022 H2U Data Room B2 (A+ Round)/Equity/2021 Series A/Series A Initial Closing/H2U - Clean Documents/H2U Technologies, Inc. - Series A - 506 Bad Actor Certificate (Hess Hydrogen Investments LLC).DOCX","COMPANIES/CaliCat (H2U)/10_Technical_and_Diligence/H2U Technologies, Inc. - Series A - 506 Bad Actor Certificate (Hess Hydrogen Investments LLC).DOCX",PLACED,10 Technical & Diligence,False,moved,True
F01043,CaliCat (H2U),"2022 H2U Data Room B2 (A+ Round)/Equity/2021 Series A/Series A Initial Closing/H2U - Clean Documents/H2U Technologies, Inc. - Series A - 506 Bad Actor Certificate (James DiSanto).DOCX","COMPANIES/CaliCat (H2U)/10_Technical_and_Diligence/H2U Technologies, Inc. - Series A - 506 Bad Actor Certificate (James DiSanto).DOCX",PLACED,10 Technical & Diligence,False,moved,True
F01044,CaliCat (H2U),"2022 H2U Data Room B2 (A+ Round)/Equity/2021 Series A/Series A Initial Closing/H2U - Clean Documents/H2U Technologies, Inc. - Series A - 506 Bad Actor Certificate (Jericho_Hydrogen).DOCX","COMPANIES/CaliCat (H2U)/10_Technical_and_Diligence/H2U Technologies, Inc. - Series A - 506 Bad Actor Certificate (Jericho_Hydrogen).DOCX",PLACED,10 Technical & Diligence,False,moved,True
F01045,CaliCat (H2U),"2022 H2U Data Room B2 (A+ Round)/Equity/2021 Series A/Series A Initial Closing/H2U - Clean Documents/H2U Technologies, Inc. - Series A - 506 Bad Actor Certificate (Motus Venture II LP).DOCX","COMPANIES/CaliCat (H2U)/10_Technical_and_Diligence/H2U Technologies, Inc. - Series A - 506 Bad Actor Certificate (Motus Venture II LP).DOCX",PLACED,10 Technical & Diligence,False,moved,True
F01046,CaliCat (H2U),"2022 H2U Data Room B2 (A+ Round)/Equity/2021 Series A/Series A Initial Closing/H2U - Clean Documents/H2U Technologies, Inc. - Series A - 506 Bad Actor Certificate (Nathan Lewis).DOCX","COMPANIES/CaliCat (H2U)/10_Technical_and_Diligence/H2U Technologies, Inc. - Series A - 506 Bad Actor Certificate (Nathan Lewis).DOCX",PLACED,10 Technical & Diligence,False,moved,True
F01047,CaliCat (H2U),"2022 H2U Data Room B2 (A+ Round)/Equity/2021 Series A/Series A Initial Closing/H2U - Clean Documents/H2U Technologies, Inc. - Series A - 506 Bad Actor Certificate (Ryan Breen).DOCX","COMPANIES/CaliCat (H2U)/10_Technical_and_Diligence/H2U Technologies, Inc. - Series A - 506 Bad Actor Certificate (Ryan Breen).DOCX",PLACED,10 Technical & Diligence,False,moved,True
F01048,CaliCat (H2U),"2022 H2U Data Room B2 (A+ Round)/Equity/2021 Series A/Series A Initial Closing/H2U - Clean Documents/H2U Technologies, Inc. - Series A - 506 Bad Actor Certificate (Tom Werner).DOCX","COMPANIES/CaliCat (H2U)/10_Technical_and_Diligence/H2U Technologies, Inc. - Series A - 506 Bad Actor Certificate (Tom Werner).DOCX",PLACED,10 Technical & Diligence,False,moved,True
F01049,CaliCat (H2U),"2022 H2U Data Room B2 (A+ Round)/Equity/2021 Series A/Series A Initial Closing/H2U - Clean Documents/H2U Technologies, Inc. - Series A - Amendment No. 1 to Bylaws.DOCX","COMPANIES/CaliCat (H2U)/10_Technical_and_Diligence/H2U Technologies, Inc. - Series A - Amendment No. 1 to Bylaws.DOCX",PLACED,10 Technical & Diligence,False,moved,True
F01050,CaliCat (H2U),"2022 H2U Data Room B2 (A+ Round)/Equity/2021 Series A/Series A Initial Closing/H2U - Clean Documents/H2U Technologies, Inc. - Series A - Board Consent.DOCX","COMPANIES/CaliCat (H2U)/10_Technical_and_Diligence/H2U Technologies, Inc. - Series A - Board Consent.DOCX",PLACED,10 Technical & Diligence,False,moved,True
F01051,CaliCat (H2U),"2022 H2U Data Room B2 (A+ Round)/Equity/2021 Series A/Series A Initial Closing/H2U - Clean Documents/H2U Technologies, Inc. - Series A - Certificate of Secretary.DOCX","COMPANIES/CaliCat (H2U)/10_Technical_and_Diligence/H2U Technologies, Inc. - Series A - Certificate of Secretary.DOCX",PLACED,10 Technical & Diligence,False,moved,True
F01052,CaliCat (H2U),"2022 H2U Data Room B2 (A+ Round)/Equity/2021 Series A/Series A Initial Closing/H2U - Clean Documents/H2U Technologies, Inc. - Series A - Compliance Certificate.DOCX","COMPANIES/CaliCat (H2U)/10_Technical_and_Diligence/H2U Technologies, Inc. - Series A - Compliance Certificate.DOCX",PLACED,10 Technical & Diligence,False,moved,True
F01053,CaliCat (H2U),"2022 H2U Data Room B2 (A+ Round)/Equity/2021 Series A/Series A Initial Closing/H2U - Clean Documents/H2U Technologies, Inc. - Series A - Form of Management Rights Letter.DOC","COMPANIES/CaliCat (H2U)/10_Technical_and_Diligence/H2U Technologies, Inc. - Series A - Form of Management Rights Letter.DOC",PLACED,10 Technical & Diligence,False,moved,True
F01054,CaliCat (H2U),"2022 H2U Data Room B2 (A+ Round)/Equity/2021 Series A/Series A Initial Closing/H2U - Clean Documents/H2U Technologies, Inc. - Series A - Hess MRL (Execution Version).DOCX","COMPANIES/CaliCat (H2U)/10_Technical_and_Diligence/H2U Technologies, Inc. - Series A - Hess MRL (Execution Version).DOCX",PLACED,10 Technical & Diligence,False,moved,True
F01055,CaliCat (H2U),"2022 H2U Data Room B2 (A+ Round)/Equity/2021 Series A/Series A Initial Closing/H2U - Clean Documents/H2U Technologies, Inc. - Series A - Management Rights Letter (Dolby).DOC","COMPANIES/CaliCat (H2U)/10_Technical_and_Diligence/H2U Technologies, Inc. - Series A - Management Rights Letter (Dolby).DOC",PLACED,10 Technical & Diligence,False,moved,True
F01056,CaliCat (H2U),"2022 H2U Data Room B2 (A+ Round)/Equity/2021 Series A/Series A Initial Closing/H2U - Clean Documents/H2U Technologies, Inc. - Series A - Management Rights Letter (FreeFlow 7.8.21)(Cooley Comments 7-13-2021).DOCX","COMPANIES/CaliCat (H2U)/10_Technical_and_Diligence/H2U Technologies, Inc. - Series A - Management Rights Letter (FreeFlow 7.8.21)(Cooley Comments 7-13-2021).DOCX",PLACED,10 Technical & Diligence,False,moved,True
F01057,CaliCat (H2U),"2022 H2U Data Room B2 (A+ Round)/Equity/2021 Series A/Series A Initial Closing/H2U - Clean Documents/H2U Technologies, Inc. - Series A - Management Rights Letter (Hydrogen Technologies LLC).DOCX","COMPANIES/CaliCat (H2U)/10_Technical_and_Diligence/H2U Technologies, Inc. - Series A - Management Rights Letter (Hydrogen Technologies LLC).DOCX",PLACED,10 Technical & Diligence,False,moved,True
F01058,CaliCat (H2U),"2022 H2U Data Room B2 (A+ Round)/Equity/2021 Series A/Series A Initial Closing/H2U - Clean Documents/H2U Technologies, Inc. - Series A - Management Rights Letter (Motus Ventures II LP).DOC","COMPANIES/CaliCat (H2U)/10_Technical_and_Diligence/H2U Technologies, Inc. - Series A - Management Rights Letter (Motus Ventures II LP).DOC",PLACED,10 Technical & Diligence,False,moved,True
F01059,CaliCat (H2U),"2022 H2U Data Room B2 (A+ Round)/Equity/2021 Series A/Series A Initial Closing/H2U - Clean Documents/H2U Technologies, Inc. - Series A - Stockholder Consent (Post-Closing Director Election).DOCX","COMPANIES/CaliCat (H2U)/10_Technical_and_Diligence/H2U Technologies, Inc. - Series A - Stockholder Consent (Post-Closing Director Election).DOCX",PLACED,10 Technical & Diligence,False,moved,True
F01060,CaliCat (H2U),"2022 H2U Data Room B2 (A+ Round)/Equity/2021 Series A/Series A Initial Closing/H2U - Clean Documents/H2U Technologies, Inc. - Series A - Stockholder Consent.DOCX","COMPANIES/CaliCat (H2U)/10_Technical_and_Diligence/H2U Technologies, Inc. - Series A - Stockholder Consent.DOCX",PLACED,10 Technical & Diligence,False,moved,True
F01061,CaliCat (H2U),"2022 H2U Data Room B2 (A+ Round)/Equity/2021 Series A/Series A Initial Closing/H2U - Clean Documents/H2U Technologies, Inc. Amendment to Confidentiality Agreement (N. Lewis).DOCX","COMPANIES/CaliCat (H2U)/10_Technical_and_Diligence/H2U Technologies, Inc. Amendment to Confidentiality Agreement (N. Lewis).DOCX",PLACED,10 Technical & Diligence,False,moved,True
F01062,CaliCat (H2U),2022 H2U Data Room B2 (A+ Round)/Equity/2021 Series A/Series A Initial Closing/H2U - Clean Documents/h2u-technologies-inc_2021-10-01_summary_cap_intermediate_cap_detailed_cap_ledgers.xlsx,COMPANIES/CaliCat (H2U)/10_Technical_and_Diligence/h2u-technologies-inc_2021-10-01_summary_cap_intermediate_cap_detailed_cap_ledgers__F01062.xlsx,PLACED,10 Technical & Diligence,False,moved,True
F01063,CaliCat (H2U),2022 H2U Data Room B2 (A+ Round)/Equity/2021 Series A/Series A Initial Closing/final closing set/H2U Technologies - FILED A&R Certificate of Incorporation (Series A) (July 2021).PDF,COMPANIES/CaliCat (H2U)/10_Technical_and_Diligence/H2U Technologies - FILED A&R Certificate of Incorporation (Series A) (July 2021).PDF,PLACED,10 Technical & Diligence,False,moved,True
F01064,CaliCat (H2U),"2022 H2U Data Room B2 (A+ Round)/Equity/2021 Series A/Series A Initial Closing/final closing set/H2U Technologies, Inc. - License Agreement - CalTech (Executed 07.23.2021).PDF","COMPANIES/CaliCat (H2U)/10_Technical_and_Diligence/H2U Technologies, Inc. - License Agreement - CalTech (Executed 07.23.2021).PDF",PLACED,10 Technical & Diligence,False,moved,True
F01065,CaliCat (H2U),"2022 H2U Data Room B2 (A+ Round)/Equity/2021 Series A/Series A Initial Closing/final closing set/H2U Technologies, Inc. - Series A - Disclosure Schedule (Final).PDF","COMPANIES/CaliCat (H2U)/10_Technical_and_Diligence/H2U Technologies, Inc. - Series A - Disclosure Schedule (Final).PDF",PLACED,10 Technical & Diligence,False,moved,True
F01066,CaliCat (H2U),"2022 H2U Data Room B2 (A+ Round)/Equity/2021 Series A/Series A Initial Closing/final closing set/H2U Technologies, Inc. - Series A - Investor Rights Agreement (Executed 07.23.2021).PDF","COMPANIES/CaliCat (H2U)/10_Technical_and_Diligence/H2U Technologies, Inc. - Series A - Investor Rights Agreement (Executed 07.23.2021).PDF",PLACED,10 Technical & Diligence,False,moved,True
F01067,CaliCat (H2U),"2022 H2U Data Room B2 (A+ Round)/Equity/2021 Series A/Series A Initial Closing/final closing set/H2U Technologies, Inc. - Series A - Right of First Refusal (Executed 07.23.2021).PDF","COMPANIES/CaliCat (H2U)/10_Technical_and_Diligence/H2U Technologies, Inc. - Series A - Right of First Refusal (Executed 07.23.2021).PDF",PLACED,10 Technical & Diligence,False,moved,True
F01068,CaliCat (H2U),"2022 H2U Data Room B2 (A+ Round)/Equity/2021 Series A/Series A Initial Closing/final closing set/H2U Technologies, Inc. - Series A - Stock Purchase Agreement (Executed 07.23.2021).PDF","COMPANIES/CaliCat (H2U)/02_Financing_and_Legal/H2U Technologies, Inc. - Series A - Stock Purchase Agreement (Executed 07.23.2021).PDF",PLACED,02 Financing & Legal,False,moved,True
F01069,CaliCat (H2U),"2022 H2U Data Room B2 (A+ Round)/Equity/2021 Series A/Series A Initial Closing/final closing set/H2U Technologies, Inc. - Series A - Voting Agreement (Executed 07.23.2021).PDF","COMPANIES/CaliCat (H2U)/10_Technical_and_Diligence/H2U Technologies, Inc. - Series A - Voting Agreement (Executed 07.23.2021).PDF",PLACED,10 Technical & Diligence,False,moved,True
F01070,CaliCat (H2U),"2022 H2U Data Room B2 (A+ Round)/Equity/2021 Series A/Series A Initial Closing/final closing set/Bad Actor Certifications/H2U Technologies, Inc. - Series A - 506 Bad Actor Certificate (Andrew Krowne).PDF","COMPANIES/CaliCat (H2U)/10_Technical_and_Diligence/H2U Technologies, Inc. - Series A - 506 Bad Actor Certificate (Andrew Krowne).PDF",PLACED,10 Technical & Diligence,False,moved,True
F01071,CaliCat (H2U),"2022 H2U Data Room B2 (A+ Round)/Equity/2021 Series A/Series A Initial Closing/final closing set/Bad Actor Certifications/H2U Technologies, Inc. - Series A - 506 Bad Actor Certificate (Dolby Family Ventures).PDF","COMPANIES/CaliCat (H2U)/10_Technical_and_Diligence/H2U Technologies, Inc. - Series A - 506 Bad Actor Certificate (Dolby Family Ventures).PDF",PLACED,10 Technical & Diligence,False,moved,True
F01072,CaliCat (H2U),"2022 H2U Data Room B2 (A+ Round)/Equity/2021 Series A/Series A Initial Closing/final closing set/Bad Actor Certifications/H2U Technologies, Inc. - Series A - 506 Bad Actor Certificate (James DiSanto).PDF","COMPANIES/CaliCat (H2U)/10_Technical_and_Diligence/H2U Technologies, Inc. - Series A - 506 Bad Actor Certificate (James DiSanto).PDF",PLACED,10 Technical & Diligence,False,moved,True
F01073,CaliCat (H2U),"2022 H2U Data Room B2 (A+ Round)/Equity/2021 Series A/Series A Initial Closing/final closing set/Bad Actor Certifications/H2U Technologies, Inc. - Series A - 506 Bad Actor Certificate (Motus Venture II LP).PDF","COMPANIES/CaliCat (H2U)/10_Technical_and_Diligence/H2U Technologies, Inc. - Series A - 506 Bad Actor Certificate (Motus Venture II LP).PDF",PLACED,10 Technical & Diligence,False,moved,True
F01074,CaliCat (H2U),"2022 H2U Data Room B2 (A+ Round)/Equity/2021 Series A/Series A Initial Closing/final closing set/Bad Actor Certifications/H2U Technologies, Inc. - Series A - 506 Bad Actor Certificate (Nathan Lewis).PDF","COMPANIES/CaliCat (H2U)/10_Technical_and_Diligence/H2U Technologies, Inc. - Series A - 506 Bad Actor Certificate (Nathan Lewis).PDF",PLACED,10 Technical & Diligence,False,moved,True
F01075,CaliCat (H2U),"2022 H2U Data Room B2 (A+ Round)/Equity/2021 Series A/Series A Initial Closing/final closing set/Bad Actor Certifications/H2U Technologies, Inc. - Series A - 506 Bad Actor Certificate (Ryan Breen).PDF","COMPANIES/CaliCat (H2U)/10_Technical_and_Diligence/H2U Technologies, Inc. - Series A - 506 Bad Actor Certificate (Ryan Breen).PDF",PLACED,10 Technical & Diligence,False,moved,True
F01076,CaliCat (H2U),"2022 H2U Data Room B2 (A+ Round)/Equity/2021 Series A/Series A Initial Closing/final closing set/Bad Actor Certifications/H2U Technologies, Inc. - Series A - 506 Bad Actor Certificate (Tom Goodell).PDF","COMPANIES/CaliCat (H2U)/10_Technical_and_Diligence/H2U Technologies, Inc. - Series A - 506 Bad Actor Certificate (Tom Goodell).PDF",PLACED,10 Technical & Diligence,False,moved,True
F01077,CaliCat (H2U),"2022 H2U Data Room B2 (A+ Round)/Equity/2021 Series A/Series A Initial Closing/final closing set/Bad Actor Certifications/H2U Technologies, Inc. - Series A - 506 Bad Actor Certificate (Tom Werner).PDF","COMPANIES/CaliCat (H2U)/10_Technical_and_Diligence/H2U Technologies, Inc. - Series A - 506 Bad Actor Certificate (Tom Werner).PDF",PLACED,10 Technical & Diligence,False,moved,True
F01078,CaliCat (H2U),"2022 H2U Data Room B2 (A+ Round)/Equity/2021 Series A/Series A Initial Closing/final closing set/Consents & Ancillaries/H2U Technologies, Inc. - Indemnification Agreement (Andrew Krowne) (Executed 07.23.2021).PDF","COMPANIES/CaliCat (H2U)/10_Technical_and_Diligence/H2U Technologies, Inc. - Indemnification Agreement (Andrew Krowne) (Executed 07.23.2021).PDF",PLACED,10 Technical & Diligence,False,moved,True
F01079,CaliCat (H2U),"2022 H2U Data Room B2 (A+ Round)/Equity/2021 Series A/Series A Initial Closing/final closing set/Consents & Ancillaries/H2U Technologies, Inc. - Indemnification Agreement (James DiSanto) (Executed 07.23.2021).PDF","COMPANIES/CaliCat (H2U)/10_Technical_and_Diligence/H2U Technologies, Inc. - Indemnification Agreement (James DiSanto) (Executed 07.23.2021).PDF",PLACED,10 Technical & Diligence,False,moved,True
F01080,CaliCat (H2U),"2022 H2U Data Room B2 (A+ Round)/Equity/2021 Series A/Series A Initial Closing/final closing set/Consents & Ancillaries/H2U Technologies, Inc. - Indemnification Agreement (Nathan Lewis) (Executed 07.23.2021).PDF","COMPANIES/CaliCat (H2U)/10_Technical_and_Diligence/H2U Technologies, Inc. - Indemnification Agreement (Nathan Lewis) (Executed 07.23.2021).PDF",PLACED,10 Technical & Diligence,False,moved,True
F01081,CaliCat (H2U),"2022 H2U Data Room B2 (A+ Round)/Equity/2021 Series A/Series A Initial Closing/final closing set/Consents & Ancillaries/H2U Technologies, Inc. - Indemnification Agreement (Ryan Breen) (Executed 07.23.2021).PDF","COMPANIES/CaliCat (H2U)/10_Technical_and_Diligence/H2U Technologies, Inc. - Indemnification Agreement (Ryan Breen) (Executed 07.23.2021).PDF",PLACED,10 Technical & Diligence,False,moved,True
F01082,CaliCat (H2U),"2022 H2U Data Room B2 (A+ Round)/Equity/2021 Series A/Series A Initial Closing/final closing set/Consents & Ancillaries/H2U Technologies, Inc. - Indemnification Agreement (Tim Goodell) (Executed 07.23.2021).PDF","COMPANIES/CaliCat (H2U)/10_Technical_and_Diligence/H2U Technologies, Inc. - Indemnification Agreement (Tim Goodell) (Executed 07.23.2021).PDF",PLACED,10 Technical & Diligence,False,moved,True
F01083,CaliCat (H2U),"2022 H2U Data Room B2 (A+ Round)/Equity/2021 Series A/Series A Initial Closing/final closing set/Consents & Ancillaries/H2U Technologies, Inc. - Issuance Agreement (Caltech) (Executed 07.23.2021).PDF","COMPANIES/CaliCat (H2U)/10_Technical_and_Diligence/H2U Technologies, Inc. - Issuance Agreement (Caltech) (Executed 07.23.2021).PDF",PLACED,10 Technical & Diligence,False,moved,True
F01084,CaliCat (H2U),"2022 H2U Data Room B2 (A+ Round)/Equity/2021 Series A/Series A Initial Closing/final closing set/Consents & Ancillaries/H2U Technologies, Inc. - Series A - Board Consent (Executed 07.20.2021).PDF","COMPANIES/CaliCat (H2U)/10_Technical_and_Diligence/H2U Technologies, Inc. - Series A - Board Consent (Executed 07.20.2021).PDF",PLACED,10 Technical & Diligence,False,moved,True
F01085,CaliCat (H2U),"2022 H2U Data Room B2 (A+ Round)/Equity/2021 Series A/Series A Initial Closing/final closing set/Consents & Ancillaries/H2U Technologies, Inc. - Series A - Board Consent (w Exhibits) (Executed 07.20.2021).PDF","COMPANIES/CaliCat (H2U)/10_Technical_and_Diligence/H2U Technologies, Inc. - Series A - Board Consent (w Exhibits) (Executed 07.20.2021).PDF",PLACED,10 Technical & Diligence,False,moved,True
F01086,CaliCat (H2U),"2022 H2U Data Room B2 (A+ Round)/Equity/2021 Series A/Series A Initial Closing/final closing set/Consents & Ancillaries/H2U Technologies, Inc. - Series A - Certificate of Secretary (Executed 07.23.2021).PDF","COMPANIES/CaliCat (H2U)/10_Technical_and_Diligence/H2U Technologies, Inc. - Series A - Certificate of Secretary (Executed 07.23.2021).PDF",PLACED,10 Technical & Diligence,False,moved,True
F01087,CaliCat (H2U),"2022 H2U Data Room B2 (A+ Round)/Equity/2021 Series A/Series A Initial Closing/final closing set/Consents & Ancillaries/H2U Technologies, Inc. - Series A - Compliance Certificate (Executed 07.23.2021).PDF","COMPANIES/CaliCat (H2U)/10_Technical_and_Diligence/H2U Technologies, Inc. - Series A - Compliance Certificate (Executed 07.23.2021).PDF",PLACED,10 Technical & Diligence,False,moved,True
F01088,CaliCat (H2U),"2022 H2U Data Room B2 (A+ Round)/Equity/2021 Series A/Series A Initial Closing/final closing set/Consents & Ancillaries/H2U Technologies, Inc. - Series A - Management Rights Letter (Hess) (Executed 07.23.2021).PDF","COMPANIES/CaliCat (H2U)/10_Technical_and_Diligence/H2U Technologies, Inc. - Series A - Management Rights Letter (Hess) (Executed 07.23.2021).PDF",PLACED,10 Technical & Diligence,False,moved,True
F01089,CaliCat (H2U),"2022 H2U Data Room B2 (A+ Round)/Equity/2021 Series A/Series A Initial Closing/final closing set/Consents & Ancillaries/H2U Technologies, Inc. - Series A - Stockholder Consent (Executed 07.20.2021).PDF","COMPANIES/CaliCat (H2U)/10_Technical_and_Diligence/H2U Technologies, Inc. - Series A - Stockholder Consent (Executed 07.20.2021).PDF",PLACED,10 Technical & Diligence,False,moved,True
F01090,CaliCat (H2U),"2022 H2U Data Room B2 (A+ Round)/Equity/2021 Series A/Series A term sheet, docs/H2U Series A Term Sheet - signed.pdf",COMPANIES/CaliCat (H2U)/02_Financing_and_Legal/H2U Series A Term Sheet - signed.pdf,PLACED,02 Financing & Legal,False,moved,True
F01091,CaliCat (H2U),"2022 H2U Data Room B2 (A+ Round)/Equity/2021 Series A/Series A term sheet, docs/H2U Technologies, Inc. - Series A - Certificate of Secretary (w Exhibits) (Executed).PDF","COMPANIES/CaliCat (H2U)/02_Financing_and_Legal/H2U Technologies, Inc. - Series A - Certificate of Secretary (w Exhibits) (Executed).PDF",PLACED,02 Financing & Legal,False,moved,True
F01092,CaliCat (H2U),"2022 H2U Data Room B2 (A+ Round)/Equity/2021 Series A/Series A term sheet, docs/H2U series A CAP Table 2Q2021 Updated_xlsx.pdf",COMPANIES/CaliCat (H2U)/02_Financing_and_Legal/H2U series A CAP Table 2Q2021 Updated_xlsx.pdf,PLACED,02 Financing & Legal,False,moved,True
F01093,CaliCat (H2U),"2022 H2U Data Room B2 (A+ Round)/Equity/2021 Series A/Series A term sheet, docs/Caltech + LBNL/A5665 H2U License (Cooley Comments 7-7-2021) v5 (Redline).pdf",COMPANIES/CaliCat (H2U)/02_Financing_and_Legal/A5665 H2U License (Cooley Comments 7-7-2021) v5 (Redline).pdf,PLACED,02 Financing & Legal,False,moved,True
F01094,CaliCat (H2U),"2022 H2U Data Room B2 (A+ Round)/Equity/2021 Series A/Series A term sheet, docs/Caltech + LBNL/A5665 H2U License (Cooley Comments 7-7-2021).docx",COMPANIES/CaliCat (H2U)/14_Historical_Superseded/A5665 H2U License (Cooley Comments 7-7-2021)__F01094.docx,SUPERSEDED,14 Historical / Superseded,False,moved,True
F01095,CaliCat (H2U),"2022 H2U Data Room B2 (A+ Round)/Equity/2021 Series A/Series A term sheet, docs/Caltech + LBNL/H2U - Issuance Agreement (Caltech)(Cooley 7-7-2021) v7 (Redline).pdf",COMPANIES/CaliCat (H2U)/02_Financing_and_Legal/H2U - Issuance Agreement (Caltech)(Cooley 7-7-2021) v7 (Redline).pdf,PLACED,02 Financing & Legal,False,moved,True
F01096,CaliCat (H2U),"2022 H2U Data Room B2 (A+ Round)/Equity/2021 Series A/Series A term sheet, docs/Caltech + LBNL/H2U - Issuance Agreement (Caltech)(Cooley 7-7-2021).docx",COMPANIES/CaliCat (H2U)/14_Historical_Superseded/H2U - Issuance Agreement (Caltech)(Cooley 7-7-2021)__F01096.docx,SUPERSEDED,14 Historical / Superseded,False,moved,True
F01097,CaliCat (H2U),"2022 H2U Data Room B2 (A+ Round)/Equity/2021 Series A/Series A term sheet, docs/Caltech + LBNL/H2U - Issuance Agreement (Shellwater)(Cooley 7-7-2021) v1 (Redline to Caltech).pdf",COMPANIES/CaliCat (H2U)/02_Financing_and_Legal/H2U - Issuance Agreement (Shellwater)(Cooley 7-7-2021) v1 (Redline to Caltech).pdf,PLACED,02 Financing & Legal,False,moved,True
F01098,CaliCat (H2U),"2022 H2U Data Room B2 (A+ Round)/Equity/2021 Series A/Series A term sheet, docs/Caltech + LBNL/H2U - Issuance Agreement (Shellwater)(Cooley 7-7-2021).docx",COMPANIES/CaliCat (H2U)/02_Financing_and_Legal/H2U - Issuance Agreement (Shellwater)(Cooley 7-7-2021).docx,PLACED,02 Financing & Legal,False,moved,True
F01099,CaliCat (H2U),"2022 H2U Data Room B2 (A+ Round)/Equity/2021 Series A/Series A term sheet, docs/Caltech + LBNL/H2U Cap Table - Post-Closing.xlsx",COMPANIES/CaliCat (H2U)/02_Financing_and_Legal/H2U Cap Table - Post-Closing.xlsx,PLACED,02 Financing & Legal,False,moved,True
F01100,CaliCat (H2U),"2022 H2U Data Room B2 (A+ Round)/Equity/2021 Series A/Series A term sheet, docs/H2U - Clean Documents/A5665 H2U License (Execution Version).DOCX",COMPANIES/CaliCat (H2U)/02_Financing_and_Legal/A5665 H2U License (Execution Version).DOCX,PLACED,02 Financing & Legal,False,moved,True
F01101,CaliCat (H2U),"2022 H2U Data Room B2 (A+ Round)/Equity/2021 Series A/Series A term sheet, docs/H2U - Clean Documents/Amendment to RSPA (J. DiSanto).DOCX",COMPANIES/CaliCat (H2U)/02_Financing_and_Legal/Amendment to RSPA (J. DiSanto).DOCX,PLACED,02 Financing & Legal,False,moved,True
F01102,CaliCat (H2U),"2022 H2U Data Room B2 (A+ Round)/Equity/2021 Series A/Series A term sheet, docs/H2U - Clean Documents/Amendment to RSPA (N. Lewis).DOCX",COMPANIES/CaliCat (H2U)/02_Financing_and_Legal/Amendment to RSPA (N. Lewis).DOCX,PLACED,02 Financing & Legal,False,moved,True
F01103,CaliCat (H2U),"2022 H2U Data Room B2 (A+ Round)/Equity/2021 Series A/Series A term sheet, docs/H2U - Clean Documents/H2U - Issuance Agreement (Caltech)(Execution Version).DOCX",COMPANIES/CaliCat (H2U)/02_Financing_and_Legal/H2U - Issuance Agreement (Caltech)(Execution Version).DOCX,PLACED,02 Financing & Legal,False,moved,True
F01104,CaliCat (H2U),"2022 H2U Data Room B2 (A+ Round)/Equity/2021 Series A/Series A term sheet, docs/H2U - Clean Documents/H2U - Issuance Agreement (Shellwater)(To be entered into Post-Closing).DOCX",COMPANIES/CaliCat (H2U)/02_Financing_and_Legal/H2U - Issuance Agreement (Shellwater)(To be entered into Post-Closing).DOCX,PLACED,02 Financing & Legal,False,moved,True
F01105,CaliCat (H2U),"2022 H2U Data Room B2 (A+ Round)/Equity/2021 Series A/Series A term sheet, docs/H2U - Clean Documents/H2U Cap Table - Post-Closing.XLSX",COMPANIES/CaliCat (H2U)/02_Financing_and_Legal/H2U Cap Table - Post-Closing__F01105.XLSX,PLACED,02 Financing & Legal,False,moved,True
F01106,CaliCat (H2U),"2022 H2U Data Room B2 (A+ Round)/Equity/2021 Series A/Series A term sheet, docs/H2U - Clean Documents/H2U Technologies - A&R Certificate of Incorporation (Execution Version).DOCX",COMPANIES/CaliCat (H2U)/02_Financing_and_Legal/H2U Technologies - A&R Certificate of Incorporation (Execution Version).DOCX,PLACED,02 Financing & Legal,False,moved,True
F01107,CaliCat (H2U),"2022 H2U Data Room B2 (A+ Round)/Equity/2021 Series A/Series A term sheet, docs/H2U - Clean Documents/H2U Technologies - Investor Rights Agreement (Execution Version).DOCX",COMPANIES/CaliCat (H2U)/02_Financing_and_Legal/H2U Technologies - Investor Rights Agreement (Execution Version).DOCX,PLACED,02 Financing & Legal,False,moved,True
F01108,CaliCat (H2U),"2022 H2U Data Room B2 (A+ Round)/Equity/2021 Series A/Series A term sheet, docs/H2U - Clean Documents/H2U Technologies - Right of First Refusal (Execution Version).DOCX",COMPANIES/CaliCat (H2U)/02_Financing_and_Legal/H2U Technologies - Right of First Refusal (Execution Version).DOCX,PLACED,02 Financing & Legal,False,moved,True
F01109,CaliCat (H2U),"2022 H2U Data Room B2 (A+ Round)/Equity/2021 Series A/Series A term sheet, docs/H2U - Clean Documents/H2U Technologies - Series A - Disclosure Schedule (Execution Version).DOCX",COMPANIES/CaliCat (H2U)/02_Financing_and_Legal/H2U Technologies - Series A - Disclosure Schedule (Execution Version).DOCX,PLACED,02 Financing & Legal,False,moved,True
F01110,CaliCat (H2U),"2022 H2U Data Room B2 (A+ Round)/Equity/2021 Series A/Series A term sheet, docs/H2U - Clean Documents/H2U Technologies - Stock Purchase Agreement (Execution Version).DOCX",COMPANIES/CaliCat (H2U)/02_Financing_and_Legal/H2U Technologies - Stock Purchase Agreement (Execution Version)__F01110.DOCX,PLACED,02 Financing & Legal,False,moved,True
F01111,CaliCat (H2U),"2022 H2U Data Room B2 (A+ Round)/Equity/2021 Series A/Series A term sheet, docs/H2U - Clean Documents/H2U Technologies - Voting Agreement (Execution Version).DOCX",COMPANIES/CaliCat (H2U)/02_Financing_and_Legal/H2U Technologies - Voting Agreement (Execution Version).DOCX,PLACED,02 Financing & Legal,False,moved,True
F01112,CaliCat (H2U),"2022 H2U Data Room B2 (A+ Round)/Equity/2021 Series A/Series A term sheet, docs/H2U - Clean Documents/H2U Technologies, Inc. - Indemnification Agreement (Andrew Krowne)(Execution Version).DOC","COMPANIES/CaliCat (H2U)/02_Financing_and_Legal/H2U Technologies, Inc. - Indemnification Agreement (Andrew Krowne)(Execution Version).DOC",PLACED,02 Financing & Legal,False,moved,True
F01113,CaliCat (H2U),"2022 H2U Data Room B2 (A+ Round)/Equity/2021 Series A/Series A term sheet, docs/H2U - Clean Documents/H2U Technologies, Inc. - Indemnification Agreement (Form).DOC","COMPANIES/CaliCat (H2U)/02_Financing_and_Legal/H2U Technologies, Inc. - Indemnification Agreement (Form).DOC",PLACED,02 Financing & Legal,False,moved,True
F01114,CaliCat (H2U),"2022 H2U Data Room B2 (A+ Round)/Equity/2021 Series A/Series A term sheet, docs/H2U - Clean Documents/H2U Technologies, Inc. - Indemnification Agreement (James DiSanto)(Execution Version).DOC","COMPANIES/CaliCat (H2U)/02_Financing_and_Legal/H2U Technologies, Inc. - Indemnification Agreement (James DiSanto)(Execution Version).DOC",PLACED,02 Financing & Legal,False,moved,True
F01115,CaliCat (H2U),"2022 H2U Data Room B2 (A+ Round)/Equity/2021 Series A/Series A term sheet, docs/H2U - Clean Documents/H2U Technologies, Inc. - Indemnification Agreement (Nathan Lewis)(Execution Version).DOC","COMPANIES/CaliCat (H2U)/02_Financing_and_Legal/H2U Technologies, Inc. - Indemnification Agreement (Nathan Lewis)(Execution Version).DOC",PLACED,02 Financing & Legal,False,moved,True
F01116,CaliCat (H2U),"2022 H2U Data Room B2 (A+ Round)/Equity/2021 Series A/Series A term sheet, docs/H2U - Clean Documents/H2U Technologies, Inc. - Indemnification Agreement (Ryan Breen)(Execution Version).DOC","COMPANIES/CaliCat (H2U)/02_Financing_and_Legal/H2U Technologies, Inc. - Indemnification Agreement (Ryan Breen)(Execution Version).DOC",PLACED,02 Financing & Legal,False,moved,True
F01117,CaliCat (H2U),"2022 H2U Data Room B2 (A+ Round)/Equity/2021 Series A/Series A term sheet, docs/H2U - Clean Documents/H2U Technologies, Inc. - Indemnification Agreement (Tim Goodell)(Execution Version).DOC","COMPANIES/CaliCat (H2U)/02_Financing_and_Legal/H2U Technologies, Inc. - Indemnification Agreement (Tim Goodell)(Execution Version).DOC",PLACED,02 Financing & Legal,False,moved,True
F01118,CaliCat (H2U),"2022 H2U Data Room B2 (A+ Round)/Equity/2021 Series A/Series A term sheet, docs/H2U - Clean Documents/H2U Technologies, Inc. - Series A -  506 Bad Actor Certificate (Company).DOCX","COMPANIES/CaliCat (H2U)/02_Financing_and_Legal/H2U Technologies, Inc. - Series A - 506 Bad Actor Certificate (Company).DOCX",PLACED,02 Financing & Legal,True,moved,True
F01119,CaliCat (H2U),"2022 H2U Data Room B2 (A+ Round)/Equity/2021 Series A/Series A term sheet, docs/H2U - Clean Documents/H2U Technologies, Inc. - Series A - 506 Bad Actor Certificate (Andrew Krowne).DOCX","COMPANIES/CaliCat (H2U)/02_Financing_and_Legal/H2U Technologies, Inc. - Series A - 506 Bad Actor Certificate (Andrew Krowne).DOCX",PLACED,02 Financing & Legal,False,moved,True
F01120,CaliCat (H2U),"2022 H2U Data Room B2 (A+ Round)/Equity/2021 Series A/Series A term sheet, docs/H2U - Clean Documents/H2U Technologies, Inc. - Series A - 506 Bad Actor Certificate (Dolby Family Ventures).DOCX","COMPANIES/CaliCat (H2U)/02_Financing_and_Legal/H2U Technologies, Inc. - Series A - 506 Bad Actor Certificate (Dolby Family Ventures).DOCX",PLACED,02 Financing & Legal,False,moved,True
F01121,CaliCat (H2U),"2022 H2U Data Room B2 (A+ Round)/Equity/2021 Series A/Series A term sheet, docs/H2U - Clean Documents/H2U Technologies, Inc. - Series A - 506 Bad Actor Certificate (Hess Hydrogen Investments LLC).DOCX","COMPANIES/CaliCat (H2U)/02_Financing_and_Legal/H2U Technologies, Inc. - Series A - 506 Bad Actor Certificate (Hess Hydrogen Investments LLC).DOCX",PLACED,02 Financing & Legal,False,moved,True
F01122,CaliCat (H2U),"2022 H2U Data Room B2 (A+ Round)/Equity/2021 Series A/Series A term sheet, docs/H2U - Clean Documents/H2U Technologies, Inc. - Series A - 506 Bad Actor Certificate (James DiSanto).DOCX","COMPANIES/CaliCat (H2U)/02_Financing_and_Legal/H2U Technologies, Inc. - Series A - 506 Bad Actor Certificate (James DiSanto).DOCX",PLACED,02 Financing & Legal,False,moved,True
F01123,CaliCat (H2U),"2022 H2U Data Room B2 (A+ Round)/Equity/2021 Series A/Series A term sheet, docs/H2U - Clean Documents/H2U Technologies, Inc. - Series A - 506 Bad Actor Certificate (Jericho_Hydrogen).DOCX","COMPANIES/CaliCat (H2U)/02_Financing_and_Legal/H2U Technologies, Inc. - Series A - 506 Bad Actor Certificate (Jericho_Hydrogen).DOCX",PLACED,02 Financing & Legal,False,moved,True
F01124,CaliCat (H2U),"2022 H2U Data Room B2 (A+ Round)/Equity/2021 Series A/Series A term sheet, docs/H2U - Clean Documents/H2U Technologies, Inc. - Series A - 506 Bad Actor Certificate (Motus Venture II LP).DOCX","COMPANIES/CaliCat (H2U)/02_Financing_and_Legal/H2U Technologies, Inc. - Series A - 506 Bad Actor Certificate (Motus Venture II LP).DOCX",PLACED,02 Financing & Legal,False,moved,True
F01125,CaliCat (H2U),"2022 H2U Data Room B2 (A+ Round)/Equity/2021 Series A/Series A term sheet, docs/H2U - Clean Documents/H2U Technologies, Inc. - Series A - 506 Bad Actor Certificate (Nathan Lewis).DOCX","COMPANIES/CaliCat (H2U)/02_Financing_and_Legal/H2U Technologies, Inc. - Series A - 506 Bad Actor Certificate (Nathan Lewis).DOCX",PLACED,02 Financing & Legal,False,moved,True
F01126,CaliCat (H2U),"2022 H2U Data Room B2 (A+ Round)/Equity/2021 Series A/Series A term sheet, docs/H2U - Clean Documents/H2U Technologies, Inc. - Series A - 506 Bad Actor Certificate (Ryan Breen).DOCX","COMPANIES/CaliCat (H2U)/02_Financing_and_Legal/H2U Technologies, Inc. - Series A - 506 Bad Actor Certificate (Ryan Breen).DOCX",PLACED,02 Financing & Legal,False,moved,True
F01127,CaliCat (H2U),"2022 H2U Data Room B2 (A+ Round)/Equity/2021 Series A/Series A term sheet, docs/H2U - Clean Documents/H2U Technologies, Inc. - Series A - 506 Bad Actor Certificate (Tom Werner).DOCX","COMPANIES/CaliCat (H2U)/02_Financing_and_Legal/H2U Technologies, Inc. - Series A - 506 Bad Actor Certificate (Tom Werner).DOCX",PLACED,02 Financing & Legal,False,moved,True
F01128,CaliCat (H2U),"2022 H2U Data Room B2 (A+ Round)/Equity/2021 Series A/Series A term sheet, docs/H2U - Clean Documents/H2U Technologies, Inc. - Series A - Amendment No. 1 to Bylaws.DOCX","COMPANIES/CaliCat (H2U)/02_Financing_and_Legal/H2U Technologies, Inc. - Series A - Amendment No. 1 to Bylaws.DOCX",PLACED,02 Financing & Legal,False,moved,True
F01129,CaliCat (H2U),"2022 H2U Data Room B2 (A+ Round)/Equity/2021 Series A/Series A term sheet, docs/H2U - Clean Documents/H2U Technologies, Inc. - Series A - Board Consent.DOCX","COMPANIES/CaliCat (H2U)/02_Financing_and_Legal/H2U Technologies, Inc. - Series A - Board Consent.DOCX",PLACED,02 Financing & Legal,False,moved,True
F01130,CaliCat (H2U),"2022 H2U Data Room B2 (A+ Round)/Equity/2021 Series A/Series A term sheet, docs/H2U - Clean Documents/H2U Technologies, Inc. - Series A - Certificate of Secretary.DOCX","COMPANIES/CaliCat (H2U)/02_Financing_and_Legal/H2U Technologies, Inc. - Series A - Certificate of Secretary.DOCX",PLACED,02 Financing & Legal,False,moved,True
F01131,CaliCat (H2U),"2022 H2U Data Room B2 (A+ Round)/Equity/2021 Series A/Series A term sheet, docs/H2U - Clean Documents/H2U Technologies, Inc. - Series A - Compliance Certificate.DOCX","COMPANIES/CaliCat (H2U)/02_Financing_and_Legal/H2U Technologies, Inc. - Series A - Compliance Certificate.DOCX",PLACED,02 Financing & Legal,False,moved,True
F01132,CaliCat (H2U),"2022 H2U Data Room B2 (A+ Round)/Equity/2021 Series A/Series A term sheet, docs/H2U - Clean Documents/H2U Technologies, Inc. - Series A - Form of Management Rights Letter.DOC","COMPANIES/CaliCat (H2U)/02_Financing_and_Legal/H2U Technologies, Inc. - Series A - Form of Management Rights Letter.DOC",PLACED,02 Financing & Legal,False,moved,True
F01133,CaliCat (H2U),"2022 H2U Data Room B2 (A+ Round)/Equity/2021 Series A/Series A term sheet, docs/H2U - Clean Documents/H2U Technologies, Inc. - Series A - Hess MRL (Execution Version).DOCX","COMPANIES/CaliCat (H2U)/02_Financing_and_Legal/H2U Technologies, Inc. - Series A - Hess MRL (Execution Version).DOCX",PLACED,02 Financing & Legal,False,moved,True
F01134,CaliCat (H2U),"2022 H2U Data Room B2 (A+ Round)/Equity/2021 Series A/Series A term sheet, docs/H2U - Clean Documents/H2U Technologies, Inc. - Series A - Management Rights Letter (Dolby).DOC","COMPANIES/CaliCat (H2U)/02_Financing_and_Legal/H2U Technologies, Inc. - Series A - Management Rights Letter (Dolby).DOC",PLACED,02 Financing & Legal,False,moved,True
F01135,CaliCat (H2U),"2022 H2U Data Room B2 (A+ Round)/Equity/2021 Series A/Series A term sheet, docs/H2U - Clean Documents/H2U Technologies, Inc. - Series A - Management Rights Letter (FreeFlow 7.8.21)(Cooley Comments 7-13-2021).DOCX","COMPANIES/CaliCat (H2U)/02_Financing_and_Legal/H2U Technologies, Inc. - Series A - Management Rights Letter (FreeFlow 7.8.21)(Cooley Comments 7-13-2021).DOCX",PLACED,02 Financing & Legal,False,moved,True
F01136,CaliCat (H2U),"2022 H2U Data Room B2 (A+ Round)/Equity/2021 Series A/Series A term sheet, docs/H2U - Clean Documents/H2U Technologies, Inc. - Series A - Management Rights Letter (Hydrogen Technologies LLC).DOCX","COMPANIES/CaliCat (H2U)/02_Financing_and_Legal/H2U Technologies, Inc. - Series A - Management Rights Letter (Hydrogen Technologies LLC).DOCX",PLACED,02 Financing & Legal,False,moved,True
F01137,CaliCat (H2U),"2022 H2U Data Room B2 (A+ Round)/Equity/2021 Series A/Series A term sheet, docs/H2U - Clean Documents/H2U Technologies, Inc. - Series A - Management Rights Letter (Motus Ventures II LP).DOC","COMPANIES/CaliCat (H2U)/02_Financing_and_Legal/H2U Technologies, Inc. - Series A - Management Rights Letter (Motus Ventures II LP).DOC",PLACED,02 Financing & Legal,False,moved,True
F01138,CaliCat (H2U),"2022 H2U Data Room B2 (A+ Round)/Equity/2021 Series A/Series A term sheet, docs/H2U - Clean Documents/H2U Technologies, Inc. - Series A - Stockholder Consent (Post-Closing Director Election).DOCX","COMPANIES/CaliCat (H2U)/02_Financing_and_Legal/H2U Technologies, Inc. - Series A - Stockholder Consent (Post-Closing Director Election).DOCX",PLACED,02 Financing & Legal,False,moved,True
F01139,CaliCat (H2U),"2022 H2U Data Room B2 (A+ Round)/Equity/2021 Series A/Series A term sheet, docs/H2U - Clean Documents/H2U Technologies, Inc. - Series A - Stockholder Consent.DOCX","COMPANIES/CaliCat (H2U)/02_Financing_and_Legal/H2U Technologies, Inc. - Series A - Stockholder Consent.DOCX",PLACED,02 Financing & Legal,False,moved,True
F01140,CaliCat (H2U),"2022 H2U Data Room B2 (A+ Round)/Equity/2021 Series A/Series A term sheet, docs/H2U - Clean Documents/H2U Technologies, Inc. Amendment to Confidentiality Agreement (N. Lewis).DOCX","COMPANIES/CaliCat (H2U)/02_Financing_and_Legal/H2U Technologies, Inc. Amendment to Confidentiality Agreement (N. Lewis).DOCX",PLACED,02 Financing & Legal,False,moved,True
F01141,CaliCat (H2U),2022 H2U Data Room B2 (A+ Round)/Equity/2022/210827 H2U Technologies 409A Valuation $0.19 per share.pdf,COMPANIES/CaliCat (H2U)/13_Third_Party_and_Research/210827 H2U Technologies 409A Valuation $0.19 per share__F01141.pdf,PLACED,13 Third-Party & Research,False,moved,True
F01142,CaliCat (H2U),2022 H2U Data Room B2 (A+ Round)/Equity/2022/211004 H2U Cap Table.xlsx,COMPANIES/CaliCat (H2U)/03_Cap_Table_and_Equity/211004 H2U Cap Table.xlsx,PLACED,03 Cap Table & Equity,False,moved,True
F01143,CaliCat (H2U),2022 H2U Data Room B2 (A+ Round)/Equity/2022/FW_ Non-Dilutive Capex Funding - CSC Leasing.msg,COMPANIES/CaliCat (H2U)/10_Technical_and_Diligence/FW_ Non-Dilutive Capex Funding - CSC Leasing.msg,PLACED,10 Technical & Diligence,False,moved,True
F01144,CaliCat (H2U),2022 H2U Data Room B2 (A+ Round)/Equity/2022/Fw_ Incremental Series A shares_ .msg,COMPANIES/CaliCat (H2U)/10_Technical_and_Diligence/Fw_ Incremental Series A shares_.msg,PLACED,10 Technical & Diligence,True,moved,True
F01145,CaliCat (H2U),2022 H2U Data Room B2 (A+ Round)/Equity/2022/H2U equity investment receipts.xlsx,COMPANIES/CaliCat (H2U)/10_Technical_and_Diligence/H2U equity investment receipts.xlsx,PLACED,10 Technical & Diligence,False,moved,True
F01146,CaliCat (H2U),2022 H2U Data Room B2 (A+ Round)/Equity/2022/Partner Bios (1).pdf,COMPANIES/CaliCat (H2U)/10_Technical_and_Diligence/Partner Bios (1).pdf,PLACED,10 Technical & Diligence,False,moved,True
F01147,CaliCat (H2U),2022 H2U Data Room B2 (A+ Round)/Equity/2022/VoLo Earth Ventures_1Pager.gdoc,COMPANIES/CaliCat (H2U)/10_Technical_and_Diligence/VoLo Earth Ventures_1Pager.gdoc,PLACED,10 Technical & Diligence,False,moved,True
F01148,CaliCat (H2U),2022 H2U Data Room B2 (A+ Round)/Equity/2022/VoLo Earth Ventures_1Pager.pdf,COMPANIES/CaliCat (H2U)/14_Historical_Superseded/VoLo Earth Ventures_1Pager.pdf,SUPERSEDED,14 Historical / Superseded,False,moved,True
F01149,CaliCat (H2U),2022 H2U Data Room B2 (A+ Round)/Equity/2022/h2u-technologies-inc_2021-08-27_valuation_issued_2021-10-04.pdf,COMPANIES/CaliCat (H2U)/10_Technical_and_Diligence/h2u-technologies-inc_2021-08-27_valuation_issued_2021-10-04.pdf,PLACED,10 Technical & Diligence,False,moved,True
F01150,CaliCat (H2U),2022 H2U Data Room B2 (A+ Round)/Equity/2022/h2u-technologies-inc_2021-12-31_summary_cap_intermediate_cap_detailed_cap_ledgers_drafts.xlsx,COMPANIES/CaliCat (H2U)/14_Historical_Superseded/h2u-technologies-inc_2021-12-31_summary_cap_intermediate_cap_detailed_cap_ledgers_drafts.xlsx,SUPERSEDED,14 Historical / Superseded,False,moved,True
F01151,CaliCat (H2U),2022 H2U Data Room B2 (A+ Round)/Equity/2022/h2u-technologies-inc_2022-03-01_summary_cap_intermediate_cap_detailed_cap_ledgers_drafts.xlsx,COMPANIES/CaliCat (H2U)/10_Technical_and_Diligence/h2u-technologies-inc_2022-03-01_summary_cap_intermediate_cap_detailed_cap_ledgers_drafts.xlsx,PLACED,10 Technical & Diligence,False,moved,True
F01152,CaliCat (H2U),2022 H2U Data Room B2 (A+ Round)/Equity/2022/h2u-technologies-inc_2022-04-06_summary_cap_summary_grouped_cap_intermediate_cap_detailed_cap_ledgers_drafts.xlsx,COMPANIES/CaliCat (H2U)/10_Technical_and_Diligence/h2u-technologies-inc_2022-04-06_summary_cap_summary_grouped_cap_intermediate_cap_detailed_cap_ledgers_drafts.xlsx,PLACED,10 Technical & Diligence,False,moved,True
F01153,CaliCat (H2U),2022 H2U Data Room B2 (A+ Round)/Equity/2022/Buybacks/Buyback sheet 012223 JJ.xlsx,COMPANIES/CaliCat (H2U)/10_Technical_and_Diligence/Buyback sheet 012223 JJ.xlsx,PLACED,10 Technical & Diligence,False,moved,True
F01154,CaliCat (H2U),2022 H2U Data Room B2 (A+ Round)/Equity/2022/Buybacks/Buyback sheet 022222.xlsx,COMPANIES/CaliCat (H2U)/10_Technical_and_Diligence/Buyback sheet 022222.xlsx,PLACED,10 Technical & Diligence,False,moved,True
F01155,CaliCat (H2U),2022 H2U Data Room B2 (A+ Round)/Equity/2022/Buybacks/Buyback sheet 053122.xlsx,COMPANIES/CaliCat (H2U)/10_Technical_and_Diligence/Buyback sheet 053122.xlsx,PLACED,10 Technical & Diligence,False,moved,True
F01156,CaliCat (H2U),2022 H2U Data Room B2 (A+ Round)/Equity/2022/Buybacks/Fw_ Tom D share repurchase.msg,COMPANIES/CaliCat (H2U)/10_Technical_and_Diligence/Fw_ Tom D share repurchase.msg,PLACED,10 Technical & Diligence,False,moved,True
F01157,CaliCat (H2U),2022 H2U Data Room B2 (A+ Round)/Equity/2022/Buybacks/H2U Consulting Agreement - CFO - Google Docs.pdf,COMPANIES/CaliCat (H2U)/10_Technical_and_Diligence/H2U Consulting Agreement - CFO - Google Docs.pdf,PLACED,10 Technical & Diligence,False,moved,True
F01158,CaliCat (H2U),2022 H2U Data Room B2 (A+ Round)/Equity/2022/Buybacks/H2U RSPA Duterme_29_Nov_2020-225412.pdf,COMPANIES/CaliCat (H2U)/10_Technical_and_Diligence/H2U RSPA Duterme_29_Nov_2020-225412.pdf,PLACED,10 Technical & Diligence,False,moved,True
F01159,CaliCat (H2U),2022 H2U Data Room B2 (A+ Round)/Equity/2022/Buybacks/H2U RSPA Weintraut - signed.pdf,COMPANIES/CaliCat (H2U)/10_Technical_and_Diligence/H2U RSPA Weintraut - signed.pdf,PLACED,10 Technical & Diligence,False,moved,True
F01160,CaliCat (H2U),2022 H2U Data Room B2 (A+ Round)/Equity/2022/Buybacks/H2U-ReynoldLewkecomLLC RSPA signed 11-2020A.pdf,COMPANIES/CaliCat (H2U)/10_Technical_and_Diligence/H2U-ReynoldLewkecomLLC RSPA signed 11-2020A.pdf,PLACED,10 Technical & Diligence,False,moved,True
F01161,CaliCat (H2U),2022 H2U Data Room B2 (A+ Round)/Equity/2022/Buybacks/H2U-ReynoldLewkecomLLCs Consulting Agreement signed 11-18-2020.pdf,COMPANIES/CaliCat (H2U)/10_Technical_and_Diligence/H2U-ReynoldLewkecomLLCs Consulting Agreement signed 11-18-2020__F01161.pdf,PLACED,10 Technical & Diligence,False,moved,True
F01162,CaliCat (H2U),2022 H2U Data Room B2 (A+ Round)/Equity/2022/Buybacks/IRS 83b election signed 11-18-2020.pdf,COMPANIES/CaliCat (H2U)/10_Technical_and_Diligence/IRS 83b election signed 11-18-2020.pdf,PLACED,10 Technical & Diligence,False,moved,True
F01163,CaliCat (H2U),2022 H2U Data Room B2 (A+ Round)/Equity/2022/Buybacks/JJ's shares buyback ck#1088.PDF,COMPANIES/CaliCat (H2U)/10_Technical_and_Diligence/JJ's shares buyback ck_1088.PDF,PLACED,10 Technical & Diligence,True,moved,True
F01164,CaliCat (H2U),2022 H2U Data Room B2 (A+ Round)/Equity/2022/Buybacks/Neil H2U purchase of shares 5USD.jpg,COMPANIES/CaliCat (H2U)/10_Technical_and_Diligence/Neil H2U purchase of shares 5USD.jpg,PLACED,10 Technical & Diligence,False,moved,True
F01165,CaliCat (H2U),2022 H2U Data Room B2 (A+ Round)/Equity/2022/Buybacks/Neil Weintraut.pdf,COMPANIES/CaliCat (H2U)/10_Technical_and_Diligence/Neil Weintraut.pdf,PLACED,10 Technical & Diligence,False,moved,True
F01166,CaliCat (H2U),2022 H2U Data Room B2 (A+ Round)/Equity/2022/Buybacks/Offer Letter Tom Duterme.pdf,COMPANIES/CaliCat (H2U)/10_Technical_and_Diligence/Offer Letter Tom Duterme.pdf,PLACED,10 Technical & Diligence,False,moved,True
F01167,CaliCat (H2U),2022 H2U Data Room B2 (A+ Round)/Equity/2022/Buybacks/Re_ repurchased shares.msg,COMPANIES/CaliCat (H2U)/10_Technical_and_Diligence/Re_ repurchased shares.msg,PLACED,10 Technical & Diligence,False,moved,True
F01168,CaliCat (H2U),2022 H2U Data Room B2 (A+ Round)/Equity/2022/Buybacks/Reynold check.jpg,COMPANIES/CaliCat (H2U)/10_Technical_and_Diligence/Reynold check.jpg,PLACED,10 Technical & Diligence,False,moved,True
F01169,CaliCat (H2U),2022 H2U Data Room B2 (A+ Round)/Equity/2022/Buybacks/Tom Duterme.pdf,COMPANIES/CaliCat (H2U)/10_Technical_and_Diligence/Tom Duterme.pdf,PLACED,10 Technical & Diligence,False,moved,True
F01170,CaliCat (H2U),2022 H2U Data Room B2 (A+ Round)/Equity/2022/Buybacks/buyback checks.PDF,COMPANIES/CaliCat (H2U)/10_Technical_and_Diligence/buyback checks.PDF,PLACED,10 Technical & Diligence,False,moved,True
F01171,CaliCat (H2U),2022 H2U Data Room B2 (A+ Round)/Equity/2022/Options/H2U Technologies - 2020 EIP - Stock Option Grant Notice (Updated for Carta) v1 (Redline).pdf,COMPANIES/CaliCat (H2U)/03_Cap_Table_and_Equity/H2U Technologies - 2020 EIP - Stock Option Grant Notice (Updated for Carta) v1 (Redline).pdf,PLACED,03 Cap Table & Equity,False,moved,True
F01172,CaliCat (H2U),2022 H2U Data Room B2 (A+ Round)/Equity/2022/Options/H2U Technologies - 2020 EIP - Stock Option Grant Notice (Updated for Carta).docx,COMPANIES/CaliCat (H2U)/14_Historical_Superseded/H2U Technologies - 2020 EIP - Stock Option Grant Notice (Updated for Carta).docx,SUPERSEDED,14 Historical / Superseded,False,moved,True
F01173,CaliCat (H2U),2022 H2U Data Room B2 (A+ Round)/Equity/2022/Options/H2U Technologies - 2020 EIP - Stock Option Grant Notice.pdf,COMPANIES/CaliCat (H2U)/03_Cap_Table_and_Equity/H2U Technologies - 2020 EIP - Stock Option Grant Notice.pdf,PLACED,03 Cap Table & Equity,False,moved,True
F01174,CaliCat (H2U),2022 H2U Data Room B2 (A+ Round)/Equity/2022/Options/H2U Technologies - 2020 Equity Incentive Plan (Amended as of 7.20.2021).pdf,COMPANIES/CaliCat (H2U)/03_Cap_Table_and_Equity/H2U Technologies - 2020 Equity Incentive Plan (Amended as of 7.20.2021).pdf,PLACED,03 Cap Table & Equity,False,moved,True
F01175,CaliCat (H2U),2022 H2U Data Room B2 (A+ Round)/Equity/2022/Options/H2U Technologies - Exercise Notice.pdf,COMPANIES/CaliCat (H2U)/03_Cap_Table_and_Equity/H2U Technologies - Exercise Notice.pdf,PLACED,03 Cap Table & Equity,False,moved,True
F01176,CaliCat (H2U),2022 H2U Data Room B2 (A+ Round)/Equity/2022/Options/H2U Technologies - Stock Option Agreement.pdf,COMPANIES/CaliCat (H2U)/03_Cap_Table_and_Equity/H2U Technologies - Stock Option Agreement.pdf,PLACED,03 Cap Table & Equity,False,moved,True
F01177,CaliCat (H2U),2022 H2U Data Room B2 (A+ Round)/Equity/2022/Options/SOP 0 - Board Consent 2020-11-20 (option plan) v1.docx,COMPANIES/CaliCat (H2U)/14_Historical_Superseded/SOP 0 - Board Consent 2020-11-20 (option plan) v1__F01177.docx,SUPERSEDED,14 Historical / Superseded,False,moved,True
F01178,CaliCat (H2U),2022 H2U Data Room B2 (A+ Round)/Equity/2022/Options/SOP 0 - Board Consent 2020-11-20 (option plan) v1.pdf,COMPANIES/CaliCat (H2U)/03_Cap_Table_and_Equity/SOP 0 - Board Consent 2020-11-20 (option plan) v1__F01178.pdf,PLACED,03 Cap Table & Equity,False,moved,True
F01179,CaliCat (H2U),2022 H2U Data Room B2 (A+ Round)/Equity/2022/Options/SOP 1 - 2020 Equity Incentive Plan 2020-11-20 v1.docx,COMPANIES/CaliCat (H2U)/03_Cap_Table_and_Equity/SOP 1 - 2020 Equity Incentive Plan 2020-11-20 v1__F01179.docx,PLACED,03 Cap Table & Equity,False,moved,True
F01180,CaliCat (H2U),2022 H2U Data Room B2 (A+ Round)/Equity/2022/Options/SOP 2 -  Stock Option Grant Notice 2020-11-20 v1 (Advisor form).docx,COMPANIES/CaliCat (H2U)/03_Cap_Table_and_Equity/SOP 2 - Stock Option Grant Notice 2020-11-20 v1 (Advisor form)__F01180.docx,PLACED,03 Cap Table & Equity,True,moved,True
F01181,CaliCat (H2U),2022 H2U Data Room B2 (A+ Round)/Equity/2022/Options/SOP 2 -  Stock Option Grant Notice 2020-11-20 v1 (Advisor form)_1.docx,COMPANIES/CaliCat (H2U)/03_Cap_Table_and_Equity/SOP 2 - Stock Option Grant Notice 2020-11-20 v1 (Advisor form)_1__F01181.docx,PLACED,03 Cap Table & Equity,True,moved,True
F01182,CaliCat (H2U),2022 H2U Data Room B2 (A+ Round)/Equity/2022/Options/SOP 3 -  Stock Option Grant Notice 2020-11-20 (Employee form).docx,COMPANIES/CaliCat (H2U)/03_Cap_Table_and_Equity/SOP 3 - Stock Option Grant Notice 2020-11-20 (Employee form)__F01182.docx,PLACED,03 Cap Table & Equity,True,moved,True
F01183,CaliCat (H2U),2022 H2U Data Room B2 (A+ Round)/Equity/2022/Options/SOP 4 - Stock Option Agreement 2020-11-20 v1.docx,COMPANIES/CaliCat (H2U)/03_Cap_Table_and_Equity/SOP 4 - Stock Option Agreement 2020-11-20 v1__F01183.docx,PLACED,03 Cap Table & Equity,False,moved,True
F01184,CaliCat (H2U),2022 H2U Data Room B2 (A+ Round)/Equity/2022/Options/SOP 5 - Exercise Notice 2020-11-20 v1 (early exercise).docx,COMPANIES/CaliCat (H2U)/03_Cap_Table_and_Equity/SOP 5 - Exercise Notice 2020-11-20 v1 (early exercise)__F01184.docx,PLACED,03 Cap Table & Equity,False,moved,True
F01185,CaliCat (H2U),2022 H2U Data Room B2 (A+ Round)/Equity/2022/Options/SOP 5 - Exercise Notice 2020-11-20 v1.docx,COMPANIES/CaliCat (H2U)/03_Cap_Table_and_Equity/SOP 5 - Exercise Notice 2020-11-20 v1__F01185.docx,PLACED,03 Cap Table & Equity,False,moved,True
F01186,CaliCat (H2U),2022 H2U Data Room B2 (A+ Round)/Equity/2022/Options/SOP 6 - SH Consent 2020-11-20 (option plan) v1.docx,COMPANIES/CaliCat (H2U)/14_Historical_Superseded/SOP 6 - SH Consent 2020-11-20 (option plan) v1__F01186.docx,SUPERSEDED,14 Historical / Superseded,False,moved,True
F01187,CaliCat (H2U),2022 H2U Data Room B2 (A+ Round)/Equity/2022/Options/SOP 6 - SH Consent 2020-11-20 (option plan) v1.pdf,COMPANIES/CaliCat (H2U)/03_Cap_Table_and_Equity/SOP 6 - SH Consent 2020-11-20 (option plan) v1__F01187.pdf,PLACED,03 Cap Table & Equity,False,moved,True
F01188,CaliCat (H2U),2022 H2U Data Room B2 (A+ Round)/Equity/2022/Options/SOP 7 - Board Consent 2020-11-20 (option grants FORM) v1.docx,COMPANIES/CaliCat (H2U)/03_Cap_Table_and_Equity/SOP 7 - Board Consent 2020-11-20 (option grants FORM) v1__F01188.docx,PLACED,03 Cap Table & Equity,False,moved,True
F01189,CaliCat (H2U),2022 H2U Data Room B2 (A+ Round)/Equity/2022/Options/notes and instr from MJames re Stock Option Plan.pdf,COMPANIES/CaliCat (H2U)/03_Cap_Table_and_Equity/notes and instr from MJames re Stock Option Plan__F01189.pdf,PLACED,03 Cap Table & Equity,False,moved,True
F01190,CaliCat (H2U),2022 H2U Data Room B2 (A+ Round)/Equity/2022/Options/Exercised/Michael Mazza.PDF,COMPANIES/CaliCat (H2U)/03_Cap_Table_and_Equity/Michael Mazza.PDF,PLACED,03 Cap Table & Equity,False,moved,True
F01191,CaliCat (H2U),2022 H2U Data Room B2 (A+ Round)/Equity/2022/Series A/220126 Carta H2U.xlsx,COMPANIES/CaliCat (H2U)/10_Technical_and_Diligence/220126 Carta H2U.xlsx,PLACED,10 Technical & Diligence,False,moved,True
F01192,CaliCat (H2U),2022 H2U Data Room B2 (A+ Round)/Equity/2022/Series A/H2U Technologies - Series A Extension - FILED Certificate of Amendment (January 2022).PDF,COMPANIES/CaliCat (H2U)/10_Technical_and_Diligence/H2U Technologies - Series A Extension - FILED Certificate of Amendment (January 2022).PDF,PLACED,10 Technical & Diligence,False,moved,True
F01193,CaliCat (H2U),2022 H2U Data Room B2 (A+ Round)/Equity/2022/Series A/H2U Technologies Inc. - Series A - Certificate of Amendment (DE) (Authorized Shares Increase).doc,COMPANIES/CaliCat (H2U)/10_Technical_and_Diligence/H2U Technologies Inc. - Series A - Certificate of Amendment (DE) (Authorized Shares Increase).doc,PLACED,10 Technical & Diligence,False,moved,True
F01194,CaliCat (H2U),2022 H2U Data Room B2 (A+ Round)/Equity/2022/Series A/H2U Technologies Inc. - Series A - Certificate of Amendment (DE) (Authorized Shares Increase).doc.pdf,COMPANIES/CaliCat (H2U)/10_Technical_and_Diligence/H2U Technologies Inc. - Series A - Certificate of Amendment (DE) (Authorized Shares Increase).doc.pdf,PLACED,10 Technical & Diligence,False,moved,True
F01195,CaliCat (H2U),"2022 H2U Data Room B2 (A+ Round)/Equity/2022/Series A/H2U Technologies, Inc. - Board Consent (Amendment to SPA,Charter Amendment, increase board.docx","COMPANIES/CaliCat (H2U)/02_Financing_and_Legal/H2U Technologies, Inc. - Board Consent (Amendment to SPA,Charter Amendment, increase board.docx",PLACED,02 Financing & Legal,False,moved,True
F01196,CaliCat (H2U),"2022 H2U Data Room B2 (A+ Round)/Equity/2022/Series A/H2U Technologies, Inc. - Series A - Amendment to Stock Purchase Agreement (February 4, 2022).doc","COMPANIES/CaliCat (H2U)/02_Financing_and_Legal/H2U Technologies, Inc. - Series A - Amendment to Stock Purchase Agreement (February 4, 2022).doc",PLACED,02 Financing & Legal,False,moved,True
F01197,CaliCat (H2U),"2022 H2U Data Room B2 (A+ Round)/Equity/2022/Series A/H2U Technologies, Inc. - Series A - Amendment to Stock Purchase Agreement (February 4, 2022).doc.pdf","COMPANIES/CaliCat (H2U)/02_Financing_and_Legal/H2U Technologies, Inc. - Series A - Amendment to Stock Purchase Agreement (February 4, 2022).doc.pdf",PLACED,02 Financing & Legal,False,moved,True
F01198,CaliCat (H2U),"2022 H2U Data Room B2 (A+ Round)/Equity/2022/Series A/H2U Technologies, Inc. - Series A - Extension - Board Consent (Amendments to SPA, Charter, VA, appoint director) (Executed 1.26.2022).PDF","COMPANIES/CaliCat (H2U)/02_Financing_and_Legal/H2U Technologies, Inc. - Series A - Extension - Board Consent (Amendments to SPA, Charter, VA, appoint director) (Executed 1.26.2022).PDF",PLACED,02 Financing & Legal,False,moved,True
F01199,CaliCat (H2U),"2022 H2U Data Room B2 (A+ Round)/Equity/2022/Series A/H2U Technologies, Inc. - Series A - Investor Rights Agreement (Executed 07.23.2021).pdf","COMPANIES/CaliCat (H2U)/10_Technical_and_Diligence/H2U Technologies, Inc. - Series A - Investor Rights Agreement (Executed 07.23.2021)__F01199.pdf",PLACED,10 Technical & Diligence,False,moved,True
F01200,CaliCat (H2U),"2022 H2U Data Room B2 (A+ Round)/Equity/2022/Series A/H2U Technologies, Inc. - Series A - Right of First Refusal (Executed 07.23.2021).pdf","COMPANIES/CaliCat (H2U)/10_Technical_and_Diligence/H2U Technologies, Inc. - Series A - Right of First Refusal (Executed 07.23.2021)__F01200.pdf",PLACED,10 Technical & Diligence,False,moved,True
F01201,CaliCat (H2U),"2022 H2U Data Room B2 (A+ Round)/Equity/2022/Series A/H2U Technologies, Inc. - Series A - Stock Purchase Agreement (Executed 07.23.2021).pdf","COMPANIES/CaliCat (H2U)/02_Financing_and_Legal/H2U Technologies, Inc. - Series A - Stock Purchase Agreement (Executed 07.23.2021)__F01201.pdf",PLACED,02 Financing & Legal,False,moved,True
F01202,CaliCat (H2U),"2022 H2U Data Room B2 (A+ Round)/Equity/2022/Series A/H2U Technologies, Inc. - Series A - Voting Agreement (Executed 07.23.2021).pdf","COMPANIES/CaliCat (H2U)/10_Technical_and_Diligence/H2U Technologies, Inc. - Series A - Voting Agreement (Executed 07.23.2021)__F01202.pdf",PLACED,10 Technical & Diligence,False,moved,True
F01203,CaliCat (H2U),"2022 H2U Data Room B2 (A+ Round)/Equity/2022/Series A/H2U Technologies, Inc. - Series A - Voting Agreement Amendment No. 1.DOC","COMPANIES/CaliCat (H2U)/10_Technical_and_Diligence/H2U Technologies, Inc. - Series A - Voting Agreement Amendment No. 1.DOC",PLACED,10 Technical & Diligence,False,moved,True
F01204,CaliCat (H2U),"2022 H2U Data Room B2 (A+ Round)/Equity/2022/Series A/H2U Technologies, Inc. - Series A - Voting Agreement Amendment No. 1.DOC.pdf","COMPANIES/CaliCat (H2U)/10_Technical_and_Diligence/H2U Technologies, Inc. - Series A - Voting Agreement Amendment No. 1.DOC.pdf",PLACED,10 Technical & Diligence,False,moved,True
F01205,CaliCat (H2U),2022 H2U Data Room B2 (A+ Round)/Equity/2022/Series A/H2U Technologies_ Inc. - Series A - Stock Purchase Agreement (Executed 07.23.2021)(Updated schedule).pdf,COMPANIES/CaliCat (H2U)/02_Financing_and_Legal/H2U Technologies_ Inc. - Series A - Stock Purchase Agreement (Executed 07.23.2021)(Updated schedule).pdf,PLACED,02 Financing & Legal,False,moved,True
F01206,CaliCat (H2U),2022 H2U Data Room B2 (A+ Round)/Equity/2022/Series A/H2U Technologies_ Inc. - Stockholder Consent (Series A Charter Amendment).docx.pdf,COMPANIES/CaliCat (H2U)/10_Technical_and_Diligence/H2U Technologies_ Inc. - Stockholder Consent (Series A Charter Amendment).docx.pdf,PLACED,10 Technical & Diligence,False,moved,True
F01207,CaliCat (H2U),2022 H2U Data Room B2 (A+ Round)/Equity/2022/Series A/H2U Wiring Instructions (SVB).pdf,COMPANIES/CaliCat (H2U)/10_Technical_and_Diligence/H2U Wiring Instructions (SVB).pdf,PLACED,10 Technical & Diligence,False,moved,True
F01208,CaliCat (H2U),2022 H2U Data Room B2 (A+ Round)/Equity/2022/Series A/Summary.pdf,COMPANIES/CaliCat (H2U)/10_Technical_and_Diligence/Summary__F01208.pdf,PLACED,10 Technical & Diligence,False,moved,True
F01209,CaliCat (H2U),"2022 H2U Data Room B2 (A+ Round)/Equity/2022/Series A/Final/H2U Technologies, Inc. - Series A - Investor Rights Agreement (Executed 07.23.2021).pdf","COMPANIES/CaliCat (H2U)/10_Technical_and_Diligence/H2U Technologies, Inc. - Series A - Investor Rights Agreement (Executed 07.23.2021)__F01209.pdf",PLACED,10 Technical & Diligence,False,moved,True
F01210,CaliCat (H2U),"2022 H2U Data Room B2 (A+ Round)/Equity/2022/Series A/Final/H2U Technologies, Inc. - Series A - Right of First Refusal (Executed 07.23.2021).pdf","COMPANIES/CaliCat (H2U)/10_Technical_and_Diligence/H2U Technologies, Inc. - Series A - Right of First Refusal (Executed 07.23.2021)__F01210.pdf",PLACED,10 Technical & Diligence,False,moved,True
F01211,CaliCat (H2U),"2022 H2U Data Room B2 (A+ Round)/Equity/2022/Series A/Final/H2U Technologies, Inc. - Series A - Stock Purchase Agreement (Executed 07.23.2021).pdf","COMPANIES/CaliCat (H2U)/02_Financing_and_Legal/H2U Technologies, Inc. - Series A - Stock Purchase Agreement (Executed 07.23.2021)__F01211.pdf",PLACED,02 Financing & Legal,False,moved,True
F01212,CaliCat (H2U),"2022 H2U Data Room B2 (A+ Round)/Equity/2022/Series A/Final/H2U Technologies, Inc. - Series A - Voting Agreement (Executed 07.23.2021).pdf","COMPANIES/CaliCat (H2U)/10_Technical_and_Diligence/H2U Technologies, Inc. - Series A - Voting Agreement (Executed 07.23.2021)__F01212.pdf",PLACED,10 Technical & Diligence,False,moved,True
F01213,CaliCat (H2U),2022 H2U Data Room B2 (A+ Round)/Facilities/Computer Systems Policy.pdf,COMPANIES/CaliCat (H2U)/10_Technical_and_Diligence/Computer Systems Policy.pdf,PLACED,10 Technical & Diligence,False,moved,True
F01214,CaliCat (H2U),2022 H2U Data Room B2 (A+ Round)/Facilities/CALIFORNIA INSTITUTE OF TECHNOLOGY/Dalleska - H2U Technologies (FUA) - EXECUTED .pdf,COMPANIES/CaliCat (H2U)/10_Technical_and_Diligence/Dalleska - H2U Technologies (FUA) - EXECUTED.pdf,PLACED,10 Technical & Diligence,True,moved,True
F01215,CaliCat (H2U),2022 H2U Data Room B2 (A+ Round)/Facilities/CALIFORNIA INSTITUTE OF TECHNOLOGY/Dalleska - H2U Technologies (FUA) - SteveW signed .docx,COMPANIES/CaliCat (H2U)/10_Technical_and_Diligence/Dalleska - H2U Technologies (FUA) - SteveW signed.docx,PLACED,10 Technical & Diligence,True,moved,True
F01216,CaliCat (H2U),2022 H2U Data Room B2 (A+ Round)/Facilities/Domains/Domain Manager.pdf,COMPANIES/CaliCat (H2U)/10_Technical_and_Diligence/Domain Manager.pdf,PLACED,10 Technical & Diligence,False,moved,True
F01217,CaliCat (H2U),2022 H2U Data Room B2 (A+ Round)/Facilities/Domains/Site Members Wix.com.pdf,COMPANIES/CaliCat (H2U)/10_Technical_and_Diligence/Site Members Wix.com.pdf,PLACED,10 Technical & Diligence,False,moved,True
F01218,CaliCat (H2U),2022 H2U Data Room B2 (A+ Round)/Facilities/Facilities 050222/22-0218_H2U Lab Progress.pdf,COMPANIES/CaliCat (H2U)/10_Technical_and_Diligence/22-0218_H2U Lab Progress.pdf,PLACED,10 Technical & Diligence,False,moved,True
F01219,CaliCat (H2U),2022 H2U Data Room B2 (A+ Round)/Facilities/Facilities 050222/H2U Exhibit to Lease.png,COMPANIES/CaliCat (H2U)/10_Technical_and_Diligence/H2U Exhibit to Lease.png,PLACED,10 Technical & Diligence,False,moved,True
F01220,CaliCat (H2U),2022 H2U Data Room B2 (A+ Round)/Facilities/Facilities 050222/H2U.pdf,COMPANIES/CaliCat (H2U)/10_Technical_and_Diligence/H2U.pdf,PLACED,10 Technical & Diligence,False,moved,True
F01221,CaliCat (H2U),2022 H2U Data Room B2 (A+ Round)/Facilities/Facilities 050222/Pages from H2U Upfit Layout.pdf,COMPANIES/CaliCat (H2U)/10_Technical_and_Diligence/Pages from H2U Upfit Layout.pdf,PLACED,10 Technical & Diligence,False,moved,True
F01222,CaliCat (H2U),2022 H2U Data Room B2 (A+ Round)/Facilities/Facilities 050222/Plummer St. first floor.pdf,COMPANIES/CaliCat (H2U)/10_Technical_and_Diligence/Plummer St. first floor.pdf,PLACED,10 Technical & Diligence,False,moved,True
F01223,CaliCat (H2U),2022 H2U Data Room B2 (A+ Round)/Facilities/Facilities 050222/Plummer Street LAYOUT.pdf,COMPANIES/CaliCat (H2U)/10_Technical_and_Diligence/Plummer Street LAYOUT.pdf,PLACED,10 Technical & Diligence,False,moved,True
F01224,CaliCat (H2U),2022 H2U Data Room B2 (A+ Round)/Facilities/Facilities 050222/electrical rev1.jpg,COMPANIES/CaliCat (H2U)/10_Technical_and_Diligence/electrical rev1.jpg,PLACED,10 Technical & Diligence,False,moved,True
F01225,CaliCat (H2U),2022 H2U Data Room B2 (A+ Round)/Facilities/Facilities 050222/equipment rev1.jpg,COMPANIES/CaliCat (H2U)/10_Technical_and_Diligence/equipment rev1.jpg,PLACED,10 Technical & Diligence,False,moved,True
F01226,CaliCat (H2U),2022 H2U Data Room B2 (A+ Round)/Facilities/Facilities 050222/exterior rev1.jpg,COMPANIES/CaliCat (H2U)/10_Technical_and_Diligence/exterior rev1.jpg,PLACED,10 Technical & Diligence,False,moved,True
F01227,CaliCat (H2U),2022 H2U Data Room B2 (A+ Round)/Facilities/Facilities 050222/inside left&back rev1.jpg,COMPANIES/CaliCat (H2U)/10_Technical_and_Diligence/inside left&back rev1.jpg,PLACED,10 Technical & Diligence,False,moved,True
F01228,CaliCat (H2U),2022 H2U Data Room B2 (A+ Round)/Facilities/Facilities 050222/inside right rev1.jpg,COMPANIES/CaliCat (H2U)/10_Technical_and_Diligence/inside right rev1.jpg,PLACED,10 Technical & Diligence,False,moved,True
F01229,CaliCat (H2U),2022 H2U Data Room B2 (A+ Round)/Facilities/KNI Laboratory/FY21 H2U Technologies INV FY2021H2U1.pdf,COMPANIES/CaliCat (H2U)/10_Technical_and_Diligence/FY21 H2U Technologies INV FY2021H2U1.pdf,PLACED,10 Technical & Diligence,False,moved,True
F01230,CaliCat (H2U),2022 H2U Data Room B2 (A+ Round)/Facilities/KNI Laboratory/FY22Q4H2U.pdf,COMPANIES/CaliCat (H2U)/10_Technical_and_Diligence/FY22Q4H2U.pdf,PLACED,10 Technical & Diligence,False,moved,True
F01231,CaliCat (H2U),2022 H2U Data Room B2 (A+ Round)/Facilities/KNI Laboratory/FY23Q1H2UKNI.pdf,COMPANIES/CaliCat (H2U)/10_Technical_and_Diligence/FY23Q1H2UKNI.pdf,PLACED,10 Technical & Diligence,False,moved,True
F01232,CaliCat (H2U),2022 H2U Data Room B2 (A+ Round)/Facilities/KNI Laboratory/FY23Q2H2U.pdf,COMPANIES/CaliCat (H2U)/10_Technical_and_Diligence/FY23Q2H2U.pdf,PLACED,10 Technical & Diligence,False,moved,True
F01233,CaliCat (H2U),2022 H2U Data Room B2 (A+ Round)/Facilities/KNI Laboratory/KNI Facilities Use Agreement-H2U Technologies_final  countersigned.pdf,COMPANIES/CaliCat (H2U)/10_Technical_and_Diligence/KNI Facilities Use Agreement-H2U Technologies_final countersigned.pdf,PLACED,10 Technical & Diligence,True,moved,True
F01234,CaliCat (H2U),2022 H2U Data Room B2 (A+ Round)/Facilities/KNI Laboratory/KNI Rate Sheet FY2023 SB-Startup-final.pdf,COMPANIES/CaliCat (H2U)/10_Technical_and_Diligence/KNI Rate Sheet FY2023 SB-Startup-final.pdf,PLACED,10 Technical & Diligence,False,moved,True
F01235,CaliCat (H2U),2022 H2U Data Room B2 (A+ Round)/Facilities/KNI Laboratory/KNI payment history.xlsx,COMPANIES/CaliCat (H2U)/10_Technical_and_Diligence/KNI payment history.xlsx,PLACED,10 Technical & Diligence,False,moved,True
F01236,CaliCat (H2U),2022 H2U Data Room B2 (A+ Round)/Facilities/KNI Laboratory/KNI_FUA_H2U Technologies_FY23Q1_countersigned.pdf,COMPANIES/CaliCat (H2U)/10_Technical_and_Diligence/KNI_FUA_H2U Technologies_FY23Q1_countersigned.pdf,PLACED,10 Technical & Diligence,False,moved,True
F01237,CaliCat (H2U),2022 H2U Data Room B2 (A+ Round)/Facilities/KNI Laboratory/Mazza_Signed External Affiliate.pdf,COMPANIES/CaliCat (H2U)/10_Technical_and_Diligence/Mazza_Signed External Affiliate.pdf,PLACED,10 Technical & Diligence,False,moved,True
F01238,CaliCat (H2U),2022 H2U Data Room B2 (A+ Round)/Facilities/KNI Laboratory/Pledge_FY2022H2U2_from_Kavli_Nanoscience_Institute_at_the_California_Institute_of_Technology.pdf,COMPANIES/CaliCat (H2U)/10_Technical_and_Diligence/Pledge_FY2022H2U2_from_Kavli_Nanoscience_Institute_at_the_California_Institute_of_Technology.pdf,PLACED,10 Technical & Diligence,False,moved,True
F01239,CaliCat (H2U),2022 H2U Data Room B2 (A+ Round)/Facilities/KNI Laboratory/Pledge_FY22Q3H2U_from_Kavli_Nanoscience_Institute_at_the_California_Institute_of_Technology.pdf,COMPANIES/CaliCat (H2U)/10_Technical_and_Diligence/Pledge_FY22Q3H2U_from_Kavli_Nanoscience_Institute_at_the_California_Institute_of_Technology.pdf,PLACED,10 Technical & Diligence,False,moved,True
F01240,CaliCat (H2U),2022 H2U Data Room B2 (A+ Round)/Facilities/KNI Laboratory/Signed_KNI_FUA_2023.pdf,COMPANIES/CaliCat (H2U)/10_Technical_and_Diligence/Signed_KNI_FUA_2023.pdf,PLACED,10 Technical & Diligence,False,moved,True
F01241,CaliCat (H2U),2022 H2U Data Room B2 (A+ Round)/Facilities/Kashfian Brothers/2022-2024 rent analysis.xlsx,COMPANIES/CaliCat (H2U)/10_Technical_and_Diligence/2022-2024 rent analysis.xlsx,PLACED,10 Technical & Diligence,False,moved,True
F01242,CaliCat (H2U),2022 H2U Data Room B2 (A+ Round)/Facilities/Kashfian Brothers/ACH rent pymt request form.pdf,COMPANIES/CaliCat (H2U)/10_Technical_and_Diligence/ACH rent pymt request form.pdf,PLACED,10 Technical & Diligence,False,moved,True
F01243,CaliCat (H2U),2022 H2U Data Room B2 (A+ Round)/Facilities/Kashfian Brothers/H2U Exhibit to Lease.png,COMPANIES/CaliCat (H2U)/10_Technical_and_Diligence/H2U Exhibit to Lease__F01243.png,PLACED,10 Technical & Diligence,False,moved,True
F01244,CaliCat (H2U),2022 H2U Data Room B2 (A+ Round)/Facilities/Kashfian Brothers/H2U HQ lease.pdf,COMPANIES/CaliCat (H2U)/10_Technical_and_Diligence/H2U HQ lease.pdf,PLACED,10 Technical & Diligence,False,moved,True
F01245,CaliCat (H2U),2022 H2U Data Room B2 (A+ Round)/Facilities/Kashfian Brothers/Kashfian H2u 1st Amendment.doc.pdf,COMPANIES/CaliCat (H2U)/10_Technical_and_Diligence/Kashfian H2u 1st Amendment.doc.pdf,PLACED,10 Technical & Diligence,False,moved,True
F01246,CaliCat (H2U),2022 H2U Data Room B2 (A+ Round)/Facilities/Kashfian Brothers/LEASE AGREEMENT H2U 1.pdf,COMPANIES/CaliCat (H2U)/10_Technical_and_Diligence/LEASE AGREEMENT H2U 1.pdf,PLACED,10 Technical & Diligence,False,moved,True
F01247,CaliCat (H2U),2022 H2U Data Room B2 (A+ Round)/Facilities/Kinetic Traction/Bill of Sale - Equipment RevB.pdf,COMPANIES/CaliCat (H2U)/10_Technical_and_Diligence/Bill of Sale - Equipment RevB__F01247.pdf,PLACED,10 Technical & Diligence,False,moved,True
F01248,CaliCat (H2U),2022 H2U Data Room B2 (A+ Round)/Facilities/Kinetic Traction/US Bank Wire Instructions - Kinetic Traction Systems.pdf,COMPANIES/CaliCat (H2U)/10_Technical_and_Diligence/US Bank Wire Instructions - Kinetic Traction Systems__F01248.pdf,PLACED,10 Technical & Diligence,False,moved,True
F01249,CaliCat (H2U),2022 H2U Data Room B2 (A+ Round)/Facilities/Licenses & Permits/211123 LA Police Alarm Permit.pdf,COMPANIES/CaliCat (H2U)/10_Technical_and_Diligence/211123 LA Police Alarm Permit.pdf,PLACED,10 Technical & Diligence,False,moved,True
F01250,CaliCat (H2U),2022 H2U Data Room B2 (A+ Round)/Facilities/Licenses & Permits/City of LA 2023 Police alarm.pdf,COMPANIES/CaliCat (H2U)/10_Technical_and_Diligence/City of LA 2023 Police alarm.pdf,PLACED,10 Technical & Diligence,False,moved,True
F01251,CaliCat (H2U),2022 H2U Data Room B2 (A+ Round)/Facilities/Licenses & Permits/City of Pasadena Business Permit #49991 Business ID 21594.pdf,COMPANIES/CaliCat (H2U)/10_Technical_and_Diligence/City of Pasadena Business Permit _49991 Business ID 21594.pdf,PLACED,10 Technical & Diligence,True,moved,True
F01252,CaliCat (H2U),2022 H2U Data Room B2 (A+ Round)/Facilities/Licenses & Permits/EPA.PDF,COMPANIES/CaliCat (H2U)/10_Technical_and_Diligence/EPA.PDF,PLACED,10 Technical & Diligence,False,moved,True
F01253,CaliCat (H2U),2022 H2U Data Room B2 (A+ Round)/Facilities/Licenses & Permits/LA city/2022 LA Business Tax Renewal.pdf,COMPANIES/CaliCat (H2U)/10_Technical_and_Diligence/2022 LA Business Tax Renewal.pdf,PLACED,10 Technical & Diligence,False,moved,True
F01254,CaliCat (H2U),2022 H2U Data Room B2 (A+ Round)/Facilities/Licenses & Permits/LA city/Annual Business Tax Renewal 2023.pdf,COMPANIES/CaliCat (H2U)/10_Technical_and_Diligence/Annual Business Tax Renewal 2023.pdf,PLACED,10 Technical & Diligence,False,moved,True
F01255,CaliCat (H2U),2022 H2U Data Room B2 (A+ Round)/Facilities/Licenses & Permits/LA city/CERTIFICATE.msg,COMPANIES/CaliCat (H2U)/10_Technical_and_Diligence/CERTIFICATE.msg,PLACED,10 Technical & Diligence,False,moved,True
F01256,CaliCat (H2U),2022 H2U Data Room B2 (A+ Round)/Facilities/Licenses & Permits/LA city/City of LA Business License.png,COMPANIES/CaliCat (H2U)/10_Technical_and_Diligence/City of LA Business License.png,PLACED,10 Technical & Diligence,False,moved,True
F01257,CaliCat (H2U),2022 H2U Data Room B2 (A+ Round)/Facilities/Licenses & Permits/LA city/Fw_ Renew for 2022 today_ City of LA business Taxes.msg,COMPANIES/CaliCat (H2U)/10_Technical_and_Diligence/Fw_ Renew for 2022 today_ City of LA business Taxes.msg,PLACED,10 Technical & Diligence,False,moved,True
F01258,CaliCat (H2U),2022 H2U Data Room B2 (A+ Round)/Facilities/Licenses & Permits/LA city/Our LA Los Angeles Business Registration.msg,COMPANIES/CaliCat (H2U)/10_Technical_and_Diligence/Our LA Los Angeles Business Registration.msg,PLACED,10 Technical & Diligence,False,moved,True
F01259,CaliCat (H2U),2022 H2U Data Room B2 (A+ Round)/Facilities/Licenses & Permits/LA city/h2u.pdf,COMPANIES/CaliCat (H2U)/10_Technical_and_Diligence/h2u__F01259.pdf,PLACED,10 Technical & Diligence,False,moved,True
F01260,CaliCat (H2U),2022 H2U Data Room B2 (A+ Round)/Facilities/Office/At Your Request Janitorial Contract.pdf,COMPANIES/CaliCat (H2U)/10_Technical_and_Diligence/At Your Request Janitorial Contract.pdf,PLACED,10 Technical & Diligence,False,moved,True
F01261,CaliCat (H2U),2022 H2U Data Room B2 (A+ Round)/Facilities/Office/Computer Systems Policy.pdf,COMPANIES/CaliCat (H2U)/10_Technical_and_Diligence/Computer Systems Policy__F01261.pdf,PLACED,10 Technical & Diligence,False,moved,True
F01262,CaliCat (H2U),2022 H2U Data Room B2 (A+ Round)/Facilities/Office/FW_ Your Verizon Wireless Order Confirmation.msg,COMPANIES/CaliCat (H2U)/10_Technical_and_Diligence/FW_ Your Verizon Wireless Order Confirmation.msg,PLACED,10 Technical & Diligence,False,moved,True
F01263,CaliCat (H2U),2022 H2U Data Room B2 (A+ Round)/Facilities/Office/Fwd_ Your latest Verizon bill is ready to view_.msg,COMPANIES/CaliCat (H2U)/10_Technical_and_Diligence/Fwd_ Your latest Verizon bill is ready to view_.msg,PLACED,10 Technical & Diligence,False,moved,True
F01264,CaliCat (H2U),2022 H2U Data Room B2 (A+ Round)/Facilities/Office/IG012601 Wrike.pdf,COMPANIES/CaliCat (H2U)/10_Technical_and_Diligence/IG012601 Wrike.pdf,PLACED,10 Technical & Diligence,False,moved,True
F01265,CaliCat (H2U),2022 H2U Data Room B2 (A+ Round)/Facilities/Office/Invoice_IN-143234_1674508316367.pdf,COMPANIES/CaliCat (H2U)/10_Technical_and_Diligence/Invoice_IN-143234_1674508316367.pdf,PLACED,10 Technical & Diligence,False,moved,True
F01266,CaliCat (H2U),2022 H2U Data Room B2 (A+ Round)/Facilities/Office/SWX Premium Network - 3 licenses - signed.pdf,COMPANIES/CaliCat (H2U)/10_Technical_and_Diligence/SWX Premium Network - 3 licenses - signed.pdf,PLACED,10 Technical & Diligence,False,moved,True
F01267,CaliCat (H2U),2022 H2U Data Room B2 (A+ Round)/Facilities/Office/Verizon_-_For_Your_Review__Acceptance_for_Ag.pdf,COMPANIES/CaliCat (H2U)/10_Technical_and_Diligence/Verizon_-_For_Your_Review__Acceptance_for_Ag.pdf,PLACED,10 Technical & Diligence,False,moved,True
F01268,CaliCat (H2U),2022 H2U Data Room B2 (A+ Round)/Facilities/Office/Wrike Quote (Q-145803).pdf,COMPANIES/CaliCat (H2U)/10_Technical_and_Diligence/Wrike Quote (Q-145803).pdf,PLACED,10 Technical & Diligence,False,moved,True
F01269,CaliCat (H2U),2022 H2U Data Room B2 (A+ Round)/Facilities/Office/order_form_Q-278198 Wrike.pdf,COMPANIES/CaliCat (H2U)/10_Technical_and_Diligence/order_form_Q-278198 Wrike.pdf,PLACED,10 Technical & Diligence,False,moved,True
F01270,CaliCat (H2U),2022 H2U Data Room B2 (A+ Round)/Facilities/Pasadena Bioscience/20211018 H2U Technologies Lease Agreement.pdf,COMPANIES/CaliCat (H2U)/10_Technical_and_Diligence/20211018 H2U Technologies Lease Agreement.pdf,PLACED,10 Technical & Diligence,False,moved,True
F01271,CaliCat (H2U),2022 H2U Data Room B2 (A+ Round)/Facilities/X-ray diffraction (XRD) instrument at a lab at Caltech/Takase - H2U Technologies (FUA) - EXECUTED.pdf,COMPANIES/CaliCat (H2U)/10_Technical_and_Diligence/Takase - H2U Technologies (FUA) - EXECUTED.pdf,PLACED,10 Technical & Diligence,False,moved,True
F01272,CaliCat (H2U),2022 H2U Data Room B2 (A+ Round)/Finance/2021/H2U 2021 FS.pdf,COMPANIES/CaliCat (H2U)/10_Technical_and_Diligence/H2U 2021 FS.pdf,PLACED,10 Technical & Diligence,False,moved,True
F01273,CaliCat (H2U),2022 H2U Data Room B2 (A+ Round)/Finance/April 2022/H2U Technologies - FS April 2022.xls,COMPANIES/CaliCat (H2U)/10_Technical_and_Diligence/H2U Technologies - FS April 2022.xls,PLACED,10 Technical & Diligence,False,moved,True
F01274,CaliCat (H2U),2022 H2U Data Room B2 (A+ Round)/Finance/Aug 2022/Brex_Transactions_2022-09-05_070818_PM.xlsx,COMPANIES/CaliCat (H2U)/10_Technical_and_Diligence/Brex_Transactions_2022-09-05_070818_PM.xlsx,PLACED,10 Technical & Diligence,False,moved,True
F01275,CaliCat (H2U),2022 H2U Data Room B2 (A+ Round)/Finance/Aug 2022/H2U 2022 FA.xlsx,COMPANIES/CaliCat (H2U)/10_Technical_and_Diligence/H2U 2022 FA.xlsx,PLACED,10 Technical & Diligence,False,moved,True
F01276,CaliCat (H2U),2022 H2U Data Room B2 (A+ Round)/Finance/Aug 2022/H2U Technologies - FS August 2022.xlsx,COMPANIES/CaliCat (H2U)/10_Technical_and_Diligence/H2U Technologies - FS August 2022.xlsx,PLACED,10 Technical & Diligence,False,moved,True
F01277,CaliCat (H2U),2022 H2U Data Room B2 (A+ Round)/Finance/Aug 2022/h2u-technologies-inc-payroll-summary-2022-01-01-to-2022-12-31-92e10cdb74e47140758aa1f4.csv,COMPANIES/CaliCat (H2U)/10_Technical_and_Diligence/h2u-technologies-inc-payroll-summary-2022-01-01-to-2022-12-31-92e10cdb74e47140758aa1f4.csv,PLACED,10 Technical & Diligence,False,moved,True
F01278,CaliCat (H2U),2022 H2U Data Room B2 (A+ Round)/Finance/Aug 2022/Denali/Inv_28253_from_CLEARFLOW_VALVES_INC_8692[50674].pdf,COMPANIES/CaliCat (H2U)/10_Technical_and_Diligence/Inv_28253_from_CLEARFLOW_VALVES_INC_8692[50674].pdf,PLACED,10 Technical & Diligence,False,moved,True
F01279,CaliCat (H2U),2022 H2U Data Room B2 (A+ Round)/Finance/Aug 2022/Denali/Inv_28255_from_CLEARFLOW_VALVES_INC_8692[79324].pdf,COMPANIES/CaliCat (H2U)/10_Technical_and_Diligence/Inv_28255_from_CLEARFLOW_VALVES_INC_8692[79324].pdf,PLACED,10 Technical & Diligence,False,moved,True
F01280,CaliCat (H2U),"2022 H2U Data Room B2 (A+ Round)/Finance/Aug 2022/Lab Equipment/H2U Tech. 2022-132,p1.pdf","COMPANIES/CaliCat (H2U)/10_Technical_and_Diligence/H2U Tech. 2022-132,p1.pdf",PLACED,10 Technical & Diligence,False,moved,True
F01281,CaliCat (H2U),2022 H2U Data Room B2 (A+ Round)/Finance/Aug 2022/Lab Equipment/Inv_6574_from_PRECISION_WELDING__FABRICATION_123404.pdf,COMPANIES/CaliCat (H2U)/10_Technical_and_Diligence/Inv_6574_from_PRECISION_WELDING__FABRICATION_123404__F01281.pdf,PLACED,10 Technical & Diligence,False,moved,True
F01282,CaliCat (H2U),2022 H2U Data Room B2 (A+ Round)/Finance/Aug 2022/Lab Equipment/Inv_6604_from_PRECISION_WELDING__FABRICATION_10020.pdf,COMPANIES/CaliCat (H2U)/10_Technical_and_Diligence/Inv_6604_from_PRECISION_WELDING__FABRICATION_10020.pdf,PLACED,10 Technical & Diligence,False,moved,True
F01283,CaliCat (H2U),2022 H2U Data Room B2 (A+ Round)/Finance/Aug 2022/Lab Equipment/Inv_6623_from_PRECISION_WELDING__FABRICATION_16512.pdf,COMPANIES/CaliCat (H2U)/10_Technical_and_Diligence/Inv_6623_from_PRECISION_WELDING__FABRICATION_16512.pdf,PLACED,10 Technical & Diligence,False,moved,True
F01284,CaliCat (H2U),2022 H2U Data Room B2 (A+ Round)/Finance/Aug 2022/Lab Upfit/Permit application.pdf,COMPANIES/CaliCat (H2U)/10_Technical_and_Diligence/Permit application.pdf,PLACED,10 Technical & Diligence,False,moved,True
F01285,CaliCat (H2U),2022 H2U Data Room B2 (A+ Round)/Finance/Aug 2022/Sequoia/Volteq 080122E - Invoice.pdf,COMPANIES/CaliCat (H2U)/10_Technical_and_Diligence/Volteq 080122E - Invoice.pdf,PLACED,10 Technical & Diligence,False,moved,True
F01286,CaliCat (H2U),2022 H2U Data Room B2 (A+ Round)/Finance/Aug 2022/Sequoia/inline; filename=LAFDEX.TRK.ID_34137386 CK#1052.pdf,COMPANIES/CaliCat (H2U)/10_Technical_and_Diligence/inline; filename=LAFDEX.TRK.ID_34137386 CK_1052.pdf,PLACED,10 Technical & Diligence,True,moved,True
F01287,CaliCat (H2U),2022 H2U Data Room B2 (A+ Round)/Finance/Bank statements/BOA/2020/201130 BofA 9531 Statement.pdf,COMPANIES/CaliCat (H2U)/10_Technical_and_Diligence/201130 BofA 9531 Statement.pdf,PLACED,10 Technical & Diligence,False,moved,True
F01288,CaliCat (H2U),2022 H2U Data Room B2 (A+ Round)/Finance/Bank statements/BOA/2020/201231 BofA 9531 Statement.pdf,COMPANIES/CaliCat (H2U)/10_Technical_and_Diligence/201231 BofA 9531 Statement.pdf,PLACED,10 Technical & Diligence,False,moved,True
F01289,CaliCat (H2U),2022 H2U Data Room B2 (A+ Round)/Finance/Bank statements/BOA/2021/210131 BofA 9531 Statement.pdf,COMPANIES/CaliCat (H2U)/10_Technical_and_Diligence/210131 BofA 9531 Statement.pdf,PLACED,10 Technical & Diligence,False,moved,True
F01290,CaliCat (H2U),2022 H2U Data Room B2 (A+ Round)/Finance/Bank statements/BOA/2021/210228 BofA 9531 Statement.pdf,COMPANIES/CaliCat (H2U)/10_Technical_and_Diligence/210228 BofA 9531 Statement.pdf,PLACED,10 Technical & Diligence,False,moved,True
F01291,CaliCat (H2U),2022 H2U Data Room B2 (A+ Round)/Finance/Bank statements/BOA/2021/210331 BofA 9531 Statement.pdf,COMPANIES/CaliCat (H2U)/10_Technical_and_Diligence/210331 BofA 9531 Statement.pdf,PLACED,10 Technical & Diligence,False,moved,True
F01292,CaliCat (H2U),2022 H2U Data Room B2 (A+ Round)/Finance/Bank statements/BOA/2021/210430 BofA 9531 Statement.pdf,COMPANIES/CaliCat (H2U)/10_Technical_and_Diligence/210430 BofA 9531 Statement.pdf,PLACED,10 Technical & Diligence,False,moved,True
F01293,CaliCat (H2U),2022 H2U Data Room B2 (A+ Round)/Finance/Bank statements/BOA/2021/210531 BofA 9531 Statement.pdf,COMPANIES/CaliCat (H2U)/10_Technical_and_Diligence/210531 BofA 9531 Statement.pdf,PLACED,10 Technical & Diligence,False,moved,True
F01294,CaliCat (H2U),2022 H2U Data Room B2 (A+ Round)/Finance/Bank statements/BOA/2021/210630 BofA 9531 Statement.pdf,COMPANIES/CaliCat (H2U)/10_Technical_and_Diligence/210630 BofA 9531 Statement.pdf,PLACED,10 Technical & Diligence,False,moved,True
F01295,CaliCat (H2U),2022 H2U Data Room B2 (A+ Round)/Finance/Bank statements/BOA/2021/210731 BofA 9531 Statement.pdf,COMPANIES/CaliCat (H2U)/10_Technical_and_Diligence/210731 BofA 9531 Statement.pdf,PLACED,10 Technical & Diligence,False,moved,True
F01296,CaliCat (H2U),2022 H2U Data Room B2 (A+ Round)/Finance/Bank statements/BOA/2021/210831 BofA 9531 Statement.pdf,COMPANIES/CaliCat (H2U)/10_Technical_and_Diligence/210831 BofA 9531 Statement.pdf,PLACED,10 Technical & Diligence,False,moved,True
F01297,CaliCat (H2U),2022 H2U Data Room B2 (A+ Round)/Finance/Bank statements/BOA/2021/210930 BofA 9531 Statement.pdf,COMPANIES/CaliCat (H2U)/10_Technical_and_Diligence/210930 BofA 9531 Statement.pdf,PLACED,10 Technical & Diligence,False,moved,True
F01298,CaliCat (H2U),2022 H2U Data Room B2 (A+ Round)/Finance/Bank statements/BOA/2021/211031 BofA Statement.pdf,COMPANIES/CaliCat (H2U)/10_Technical_and_Diligence/211031 BofA Statement.pdf,PLACED,10 Technical & Diligence,False,moved,True
F01299,CaliCat (H2U),2022 H2U Data Room B2 (A+ Round)/Finance/Bank statements/BOA/2021/211131 BofA 9531 Statement.pdf,COMPANIES/CaliCat (H2U)/10_Technical_and_Diligence/211131 BofA 9531 Statement.pdf,PLACED,10 Technical & Diligence,False,moved,True
F01300,CaliCat (H2U),2022 H2U Data Room B2 (A+ Round)/Finance/Bank statements/BOA/2021/211231 BofA 8531 Statement.pdf,COMPANIES/CaliCat (H2U)/10_Technical_and_Diligence/211231 BofA 8531 Statement.pdf,PLACED,10 Technical & Diligence,False,moved,True
F01301,CaliCat (H2U),"2022 H2U Data Room B2 (A+ Round)/Finance/Bank statements/BOA/2022/BofA Account Snapshot January 24, 2022.png","COMPANIES/CaliCat (H2U)/10_Technical_and_Diligence/BofA Account Snapshot January 24, 2022.png",PLACED,10 Technical & Diligence,False,moved,True
F01302,CaliCat (H2U),2022 H2U Data Room B2 (A+ Round)/Finance/Bank statements/BOA/2022/Wire out of last $90.pdf,COMPANIES/CaliCat (H2U)/10_Technical_and_Diligence/Wire out of last $90.pdf,PLACED,10 Technical & Diligence,False,moved,True
F01303,CaliCat (H2U),2022 H2U Data Room B2 (A+ Round)/Finance/Bank statements/BOA/2022/eStmt_2022-01-31.pdf,COMPANIES/CaliCat (H2U)/14_Historical_Superseded/eStmt_2022-01-31.pdf,SUPERSEDED,14 Historical / Superseded,False,moved,True
F01304,CaliCat (H2U),2022 H2U Data Room B2 (A+ Round)/Finance/Bank statements/BOA/2022/eStmt_2022-02-28.pdf,COMPANIES/CaliCat (H2U)/14_Historical_Superseded/eStmt_2022-02-28.pdf,SUPERSEDED,14 Historical / Superseded,False,moved,True
F01305,CaliCat (H2U),2022 H2U Data Room B2 (A+ Round)/Finance/Bank statements/BOA/2022/eStmt_2022-03-31.pdf,COMPANIES/CaliCat (H2U)/14_Historical_Superseded/eStmt_2022-03-31.pdf,SUPERSEDED,14 Historical / Superseded,False,moved,True
F01306,CaliCat (H2U),2022 H2U Data Room B2 (A+ Round)/Finance/Bank statements/BOA/2022/eStmt_2022-04-29.pdf,COMPANIES/CaliCat (H2U)/14_Historical_Superseded/eStmt_2022-04-29.pdf,SUPERSEDED,14 Historical / Superseded,False,moved,True
F01307,CaliCat (H2U),2022 H2U Data Room B2 (A+ Round)/Finance/Bank statements/BOA/2022/eStmt_2022-05-31.pdf,COMPANIES/CaliCat (H2U)/14_Historical_Superseded/eStmt_2022-05-31.pdf,SUPERSEDED,14 Historical / Superseded,False,moved,True
F01308,CaliCat (H2U),2022 H2U Data Room B2 (A+ Round)/Finance/Bank statements/BOA/2022/eStmt_2022-06-30.pdf,COMPANIES/CaliCat (H2U)/14_Historical_Superseded/eStmt_2022-06-30.pdf,SUPERSEDED,14 Historical / Superseded,False,moved,True
F01309,CaliCat (H2U),2022 H2U Data Room B2 (A+ Round)/Finance/Bank statements/BOA/2022/eStmt_2022-07-29.pdf,COMPANIES/CaliCat (H2U)/14_Historical_Superseded/eStmt_2022-07-29.pdf,SUPERSEDED,14 Historical / Superseded,False,moved,True
F01310,CaliCat (H2U),2022 H2U Data Room B2 (A+ Round)/Finance/Bank statements/BOA/2022/eStmt_2022-08-31.pdf,COMPANIES/CaliCat (H2U)/14_Historical_Superseded/eStmt_2022-08-31.pdf,SUPERSEDED,14 Historical / Superseded,False,moved,True
F01311,CaliCat (H2U),2022 H2U Data Room B2 (A+ Round)/Finance/Bank statements/BOA/2022/eStmt_2022-09-30.pdf,COMPANIES/CaliCat (H2U)/14_Historical_Superseded/eStmt_2022-09-30.pdf,SUPERSEDED,14 Historical / Superseded,False,moved,True
F01312,CaliCat (H2U),2022 H2U Data Room B2 (A+ Round)/Finance/Bank statements/BOA/2022/eStmt_2022-10-31.pdf,COMPANIES/CaliCat (H2U)/14_Historical_Superseded/eStmt_2022-10-31.pdf,SUPERSEDED,14 Historical / Superseded,False,moved,True
F01313,CaliCat (H2U),2022 H2U Data Room B2 (A+ Round)/Finance/Bank statements/BOA/2022/eStmt_2022-11-30.pdf,COMPANIES/CaliCat (H2U)/14_Historical_Superseded/eStmt_2022-11-30.pdf,SUPERSEDED,14 Historical / Superseded,False,moved,True
F01314,CaliCat (H2U),2022 H2U Data Room B2 (A+ Round)/Finance/Bank statements/BOA/2022/eStmt_2022-12-30.pdf,COMPANIES/CaliCat (H2U)/10_Technical_and_Diligence/eStmt_2022-12-30.pdf,PLACED,10 Technical & Diligence,False,moved,True
F01315,CaliCat (H2U),2022 H2U Data Room B2 (A+ Round)/Finance/Bank statements/BOA/2023/eStmt_2023-01-31.pdf,COMPANIES/CaliCat (H2U)/14_Historical_Superseded/eStmt_2023-01-31.pdf,SUPERSEDED,14 Historical / Superseded,False,moved,True
F01316,CaliCat (H2U),2022 H2U Data Room B2 (A+ Round)/Finance/Bank statements/BOA/2023/eStmt_2023-02-28.pdf,COMPANIES/CaliCat (H2U)/10_Technical_and_Diligence/eStmt_2023-02-28.pdf,PLACED,10 Technical & Diligence,False,moved,True
F01317,CaliCat (H2U),2022 H2U Data Room B2 (A+ Round)/Finance/Bank statements/SVB Bank/2021/210731 SVB 4386 Statement.pdf,COMPANIES/CaliCat (H2U)/10_Technical_and_Diligence/210731 SVB 4386 Statement.pdf,PLACED,10 Technical & Diligence,False,moved,True
F01318,CaliCat (H2U),2022 H2U Data Room B2 (A+ Round)/Finance/Bank statements/SVB Bank/2021/210831 SVB 4386 Statement.pdf,COMPANIES/CaliCat (H2U)/10_Technical_and_Diligence/210831 SVB 4386 Statement.pdf,PLACED,10 Technical & Diligence,False,moved,True
F01319,CaliCat (H2U),2022 H2U Data Room B2 (A+ Round)/Finance/Bank statements/SVB Bank/2021/210930 SVB 4386 Statement.pdf,COMPANIES/CaliCat (H2U)/10_Technical_and_Diligence/210930 SVB 4386 Statement.pdf,PLACED,10 Technical & Diligence,False,moved,True
F01320,CaliCat (H2U),2022 H2U Data Room B2 (A+ Round)/Finance/Bank statements/SVB Bank/2021/211031 SVB 4386 Statement.pdf,COMPANIES/CaliCat (H2U)/10_Technical_and_Diligence/211031 SVB 4386 Statement.pdf,PLACED,10 Technical & Diligence,False,moved,True
F01321,CaliCat (H2U),2022 H2U Data Room B2 (A+ Round)/Finance/Bank statements/SVB Bank/2021/211130 SVB 4386 Statement.pdf,COMPANIES/CaliCat (H2U)/10_Technical_and_Diligence/211130 SVB 4386 Statement.pdf,PLACED,10 Technical & Diligence,False,moved,True
F01322,CaliCat (H2U),2022 H2U Data Room B2 (A+ Round)/Finance/Bank statements/SVB Bank/2021/211231 SVB 4386 Statement.pdf,COMPANIES/CaliCat (H2U)/10_Technical_and_Diligence/211231 SVB 4386 Statement.pdf,PLACED,10 Technical & Diligence,False,moved,True
F01323,CaliCat (H2U),2022 H2U Data Room B2 (A+ Round)/Finance/Bank statements/SVB Bank/2022/SVB_Account_Statement_3970_2022-01-31.pdf,COMPANIES/CaliCat (H2U)/14_Historical_Superseded/SVB_Account_Statement_3970_2022-01-31.pdf,SUPERSEDED,14 Historical / Superseded,False,moved,True
F01324,CaliCat (H2U),2022 H2U Data Room B2 (A+ Round)/Finance/Bank statements/SVB Bank/2022/SVB_Account_Statement_3970_2022-02-28.pdf,COMPANIES/CaliCat (H2U)/14_Historical_Superseded/SVB_Account_Statement_3970_2022-02-28.pdf,SUPERSEDED,14 Historical / Superseded,False,moved,True
F01325,CaliCat (H2U),2022 H2U Data Room B2 (A+ Round)/Finance/Bank statements/SVB Bank/2022/SVB_Account_Statement_3970_2022-03-31.pdf,COMPANIES/CaliCat (H2U)/14_Historical_Superseded/SVB_Account_Statement_3970_2022-03-31.pdf,SUPERSEDED,14 Historical / Superseded,False,moved,True
F01326,CaliCat (H2U),2022 H2U Data Room B2 (A+ Round)/Finance/Bank statements/SVB Bank/2022/SVB_Account_Statement_3970_2022-06-30.pdf,COMPANIES/CaliCat (H2U)/14_Historical_Superseded/SVB_Account_Statement_3970_2022-06-30.pdf,SUPERSEDED,14 Historical / Superseded,False,moved,True
F01327,CaliCat (H2U),2022 H2U Data Room B2 (A+ Round)/Finance/Bank statements/SVB Bank/2022/SVB_Account_Statement_3970_2022-07-31.pdf,COMPANIES/CaliCat (H2U)/14_Historical_Superseded/SVB_Account_Statement_3970_2022-07-31.pdf,SUPERSEDED,14 Historical / Superseded,False,moved,True
F01328,CaliCat (H2U),2022 H2U Data Room B2 (A+ Round)/Finance/Bank statements/SVB Bank/2022/SVB_Account_Statement_3970_2022-08-31.pdf,COMPANIES/CaliCat (H2U)/14_Historical_Superseded/SVB_Account_Statement_3970_2022-08-31.pdf,SUPERSEDED,14 Historical / Superseded,False,moved,True
F01329,CaliCat (H2U),2022 H2U Data Room B2 (A+ Round)/Finance/Bank statements/SVB Bank/2022/SVB_Account_Statement_3970_2022-09-30.pdf,COMPANIES/CaliCat (H2U)/14_Historical_Superseded/SVB_Account_Statement_3970_2022-09-30.pdf,SUPERSEDED,14 Historical / Superseded,False,moved,True
F01330,CaliCat (H2U),2022 H2U Data Room B2 (A+ Round)/Finance/Bank statements/SVB Bank/2022/SVB_Account_Statement_3970_2022-10-31.pdf,COMPANIES/CaliCat (H2U)/14_Historical_Superseded/SVB_Account_Statement_3970_2022-10-31.pdf,SUPERSEDED,14 Historical / Superseded,False,moved,True
F01331,CaliCat (H2U),2022 H2U Data Room B2 (A+ Round)/Finance/Bank statements/SVB Bank/2022/SVB_Account_Statement_3970_2022-11-30.pdf,COMPANIES/CaliCat (H2U)/10_Technical_and_Diligence/SVB_Account_Statement_3970_2022-11-30.pdf,PLACED,10 Technical & Diligence,False,moved,True
F01332,CaliCat (H2U),2022 H2U Data Room B2 (A+ Round)/Finance/Bank statements/SVB Bank/2022/SVB_Account_Statement_4386_2022-01-31.pdf,COMPANIES/CaliCat (H2U)/14_Historical_Superseded/SVB_Account_Statement_4386_2022-01-31.pdf,SUPERSEDED,14 Historical / Superseded,False,moved,True
F01333,CaliCat (H2U),2022 H2U Data Room B2 (A+ Round)/Finance/Bank statements/SVB Bank/2022/SVB_Account_Statement_4386_2022-02-28.pdf,COMPANIES/CaliCat (H2U)/14_Historical_Superseded/SVB_Account_Statement_4386_2022-02-28.pdf,SUPERSEDED,14 Historical / Superseded,False,moved,True
F01334,CaliCat (H2U),2022 H2U Data Room B2 (A+ Round)/Finance/Bank statements/SVB Bank/2022/SVB_Account_Statement_4386_2022-03-31.pdf,COMPANIES/CaliCat (H2U)/14_Historical_Superseded/SVB_Account_Statement_4386_2022-03-31.pdf,SUPERSEDED,14 Historical / Superseded,False,moved,True
F01335,CaliCat (H2U),2022 H2U Data Room B2 (A+ Round)/Finance/Bank statements/SVB Bank/2022/SVB_Account_Statement_4386_2022-06-30.pdf,COMPANIES/CaliCat (H2U)/14_Historical_Superseded/SVB_Account_Statement_4386_2022-06-30.pdf,SUPERSEDED,14 Historical / Superseded,False,moved,True
F01336,CaliCat (H2U),2022 H2U Data Room B2 (A+ Round)/Finance/Bank statements/SVB Bank/2022/SVB_Account_Statement_4386_2022-07-31.pdf,COMPANIES/CaliCat (H2U)/14_Historical_Superseded/SVB_Account_Statement_4386_2022-07-31.pdf,SUPERSEDED,14 Historical / Superseded,False,moved,True
F01337,CaliCat (H2U),2022 H2U Data Room B2 (A+ Round)/Finance/Bank statements/SVB Bank/2022/SVB_Account_Statement_4386_2022-08-31.pdf,COMPANIES/CaliCat (H2U)/14_Historical_Superseded/SVB_Account_Statement_4386_2022-08-31.pdf,SUPERSEDED,14 Historical / Superseded,False,moved,True
F01338,CaliCat (H2U),2022 H2U Data Room B2 (A+ Round)/Finance/Bank statements/SVB Bank/2022/SVB_Account_Statement_4386_2022-09-30.pdf,COMPANIES/CaliCat (H2U)/14_Historical_Superseded/SVB_Account_Statement_4386_2022-09-30.pdf,SUPERSEDED,14 Historical / Superseded,False,moved,True
F01339,CaliCat (H2U),2022 H2U Data Room B2 (A+ Round)/Finance/Bank statements/SVB Bank/2022/SVB_Account_Statement_4386_2022-10-31.pdf,COMPANIES/CaliCat (H2U)/14_Historical_Superseded/SVB_Account_Statement_4386_2022-10-31.pdf,SUPERSEDED,14 Historical / Superseded,False,moved,True
F01340,CaliCat (H2U),2022 H2U Data Room B2 (A+ Round)/Finance/Bank statements/SVB Bank/2022/SVB_Account_Statement_4386_2022-11-30.pdf,COMPANIES/CaliCat (H2U)/14_Historical_Superseded/SVB_Account_Statement_4386_2022-11-30.pdf,SUPERSEDED,14 Historical / Superseded,False,moved,True
F01341,CaliCat (H2U),2022 H2U Data Room B2 (A+ Round)/Finance/Bank statements/SVB Bank/2022/SVB_Account_Statement_4386_2022-12-31.pdf,COMPANIES/CaliCat (H2U)/10_Technical_and_Diligence/SVB_Account_Statement_4386_2022-12-31.pdf,PLACED,10 Technical & Diligence,False,moved,True
F01342,CaliCat (H2U),2022 H2U Data Room B2 (A+ Round)/Finance/Bank statements/SVB Bank/2022/SVB_MoneyMarket_Statement_4390_2022-04-30.pdf,COMPANIES/CaliCat (H2U)/14_Historical_Superseded/SVB_MoneyMarket_Statement_4390_2022-04-30.pdf,SUPERSEDED,14 Historical / Superseded,False,moved,True
F01343,CaliCat (H2U),2022 H2U Data Room B2 (A+ Round)/Finance/Bank statements/SVB Bank/2022/SVB_MoneyMarket_Statement_4390_2022-06-30.pdf,COMPANIES/CaliCat (H2U)/10_Technical_and_Diligence/SVB_MoneyMarket_Statement_4390_2022-06-30.pdf,PLACED,10 Technical & Diligence,False,moved,True
F01344,CaliCat (H2U),2022 H2U Data Room B2 (A+ Round)/Finance/Bank statements/SVB Bank/2022/SVB_Money_Market_Statement_4390_2022-01-31.pdf,COMPANIES/CaliCat (H2U)/14_Historical_Superseded/SVB_Money_Market_Statement_4390_2022-01-31.pdf,SUPERSEDED,14 Historical / Superseded,False,moved,True
F01345,CaliCat (H2U),2022 H2U Data Room B2 (A+ Round)/Finance/Bank statements/SVB Bank/2022/SVB_Money_Market_Statement_4390_2022-02-28.pdf,COMPANIES/CaliCat (H2U)/14_Historical_Superseded/SVB_Money_Market_Statement_4390_2022-02-28.pdf,SUPERSEDED,14 Historical / Superseded,False,moved,True
F01346,CaliCat (H2U),2022 H2U Data Room B2 (A+ Round)/Finance/Bank statements/SVB Bank/2022/SVB_Money_Market_Statement_4390_2022-03-31.pdf,COMPANIES/CaliCat (H2U)/14_Historical_Superseded/SVB_Money_Market_Statement_4390_2022-03-31.pdf,SUPERSEDED,14 Historical / Superseded,False,moved,True
F01347,CaliCat (H2U),2022 H2U Data Room B2 (A+ Round)/Finance/Bank statements/SVB Bank/2022/SVB_Money_Market_Statement_4390_2022-07-31.pdf,COMPANIES/CaliCat (H2U)/14_Historical_Superseded/SVB_Money_Market_Statement_4390_2022-07-31.pdf,SUPERSEDED,14 Historical / Superseded,False,moved,True
F01348,CaliCat (H2U),2022 H2U Data Room B2 (A+ Round)/Finance/Bank statements/SVB Bank/2022/SVB_Money_Market_Statement_4390_2022-08-31.pdf,COMPANIES/CaliCat (H2U)/14_Historical_Superseded/SVB_Money_Market_Statement_4390_2022-08-31.pdf,SUPERSEDED,14 Historical / Superseded,False,moved,True
F01349,CaliCat (H2U),2022 H2U Data Room B2 (A+ Round)/Finance/Bank statements/SVB Bank/2022/SVB_Money_Market_Statement_4390_2022-09-30.pdf,COMPANIES/CaliCat (H2U)/14_Historical_Superseded/SVB_Money_Market_Statement_4390_2022-09-30.pdf,SUPERSEDED,14 Historical / Superseded,False,moved,True
F01350,CaliCat (H2U),2022 H2U Data Room B2 (A+ Round)/Finance/Bank statements/SVB Bank/2022/SVB_Money_Market_Statement_4390_2022-10-31.pdf,COMPANIES/CaliCat (H2U)/14_Historical_Superseded/SVB_Money_Market_Statement_4390_2022-10-31.pdf,SUPERSEDED,14 Historical / Superseded,False,moved,True
F01351,CaliCat (H2U),2022 H2U Data Room B2 (A+ Round)/Finance/Bank statements/SVB Bank/2022/SVB_Money_Market_Statement_4390_2022-11-30.pdf,COMPANIES/CaliCat (H2U)/14_Historical_Superseded/SVB_Money_Market_Statement_4390_2022-11-30.pdf,SUPERSEDED,14 Historical / Superseded,False,moved,True
F01352,CaliCat (H2U),2022 H2U Data Room B2 (A+ Round)/Finance/Bank statements/SVB Bank/2022/SVB_Money_Market_Statement_4390_2022-12-31.pdf,COMPANIES/CaliCat (H2U)/10_Technical_and_Diligence/SVB_Money_Market_Statement_4390_2022-12-31.pdf,PLACED,10 Technical & Diligence,False,moved,True
F01353,CaliCat (H2U),2022 H2U Data Room B2 (A+ Round)/Finance/Bank statements/SVB Bank/2023/SVB_Account_Statement_4386_2023-01-31.pdf,COMPANIES/CaliCat (H2U)/10_Technical_and_Diligence/SVB_Account_Statement_4386_2023-01-31.pdf,PLACED,10 Technical & Diligence,False,moved,True
F01354,CaliCat (H2U),2022 H2U Data Room B2 (A+ Round)/Finance/Bank statements/SVB Bank/2023/SVB_Analysis_Checking_Statement_4386_2023-02-28.pdf,COMPANIES/CaliCat (H2U)/10_Technical_and_Diligence/SVB_Analysis_Checking_Statement_4386_2023-02-28.pdf,PLACED,10 Technical & Diligence,False,moved,True
F01355,CaliCat (H2U),2022 H2U Data Room B2 (A+ Round)/Finance/Bank statements/SVB Bank/2023/SVB_Money_Market_Statement_4390_2023-01-31.pdf,COMPANIES/CaliCat (H2U)/10_Technical_and_Diligence/SVB_Money_Market_Statement_4390_2023-01-31.pdf,PLACED,10 Technical & Diligence,False,moved,True
F01356,CaliCat (H2U),2022 H2U Data Room B2 (A+ Round)/Finance/Bank statements/SVB Bank/2023/SVB_Premium_Money_Market_Statement_4390_2023-02-28.pdf,COMPANIES/CaliCat (H2U)/10_Technical_and_Diligence/SVB_Premium_Money_Market_Statement_4390_2023-02-28.pdf,PLACED,10 Technical & Diligence,False,moved,True
F01357,CaliCat (H2U),2022 H2U Data Room B2 (A+ Round)/Finance/CC/BOA/eStmt_2022-09-07.pdf,COMPANIES/CaliCat (H2U)/10_Technical_and_Diligence/eStmt_2022-09-07.pdf,PLACED,10 Technical & Diligence,False,moved,True
F01358,CaliCat (H2U),2022 H2U Data Room B2 (A+ Round)/Finance/CC/Brex/2021/210829 Brex Statement.pdf,COMPANIES/CaliCat (H2U)/10_Technical_and_Diligence/210829 Brex Statement.pdf,PLACED,10 Technical & Diligence,False,moved,True
F01359,CaliCat (H2U),2022 H2U Data Room B2 (A+ Round)/Finance/CC/Brex/2021/210929 Brex Statement.pdf,COMPANIES/CaliCat (H2U)/10_Technical_and_Diligence/210929 Brex Statement.pdf,PLACED,10 Technical & Diligence,False,moved,True
F01360,CaliCat (H2U),2022 H2U Data Room B2 (A+ Round)/Finance/CC/Brex/2021/211028 Brex Statement.pdf,COMPANIES/CaliCat (H2U)/10_Technical_and_Diligence/211028 Brex Statement.pdf,PLACED,10 Technical & Diligence,False,moved,True
F01361,CaliCat (H2U),2022 H2U Data Room B2 (A+ Round)/Finance/CC/Brex/2021/211130 Brex Statement.pdf,COMPANIES/CaliCat (H2U)/10_Technical_and_Diligence/211130 Brex Statement.pdf,PLACED,10 Technical & Diligence,False,moved,True
F01362,CaliCat (H2U),2022 H2U Data Room B2 (A+ Round)/Finance/CC/Brex/2021/211231 Brex Statement.pdf,COMPANIES/CaliCat (H2U)/10_Technical_and_Diligence/211231 Brex Statement.pdf,PLACED,10 Technical & Diligence,False,moved,True
F01363,CaliCat (H2U),2022 H2U Data Room B2 (A+ Round)/Finance/CC/Brex/2022/220124 Current Brex.png,COMPANIES/CaliCat (H2U)/10_Technical_and_Diligence/220124 Current Brex.png,PLACED,10 Technical & Diligence,False,moved,True
F01364,CaliCat (H2U),2022 H2U Data Room B2 (A+ Round)/Finance/CC/Brex/2022/Brex_Card_Statement_2021.12.29_-_2022.01.28.pdf,COMPANIES/CaliCat (H2U)/14_Historical_Superseded/Brex_Card_Statement_2021.12.29_-_2022.01.28.pdf,SUPERSEDED,14 Historical / Superseded,False,moved,True
F01365,CaliCat (H2U),2022 H2U Data Room B2 (A+ Round)/Finance/CC/Brex/2022/Brex_Card_Statement_2022.01.29_-_2022.02.27.pdf,COMPANIES/CaliCat (H2U)/14_Historical_Superseded/Brex_Card_Statement_2022.01.29_-_2022.02.27.pdf,SUPERSEDED,14 Historical / Superseded,False,moved,True
F01366,CaliCat (H2U),2022 H2U Data Room B2 (A+ Round)/Finance/CC/Brex/2022/Brex_Card_Statement_2022.02.28_-_2022.03.28.pdf,COMPANIES/CaliCat (H2U)/14_Historical_Superseded/Brex_Card_Statement_2022.02.28_-_2022.03.28.pdf,SUPERSEDED,14 Historical / Superseded,False,moved,True
F01367,CaliCat (H2U),2022 H2U Data Room B2 (A+ Round)/Finance/CC/Brex/2022/Brex_Card_Statement_2022.03.29_-_2022.04.28.pdf,COMPANIES/CaliCat (H2U)/14_Historical_Superseded/Brex_Card_Statement_2022.03.29_-_2022.04.28.pdf,SUPERSEDED,14 Historical / Superseded,False,moved,True
F01368,CaliCat (H2U),2022 H2U Data Room B2 (A+ Round)/Finance/CC/Brex/2022/Brex_Card_Statement_2022.04.29_-_2022.05.28.pdf,COMPANIES/CaliCat (H2U)/14_Historical_Superseded/Brex_Card_Statement_2022.04.29_-_2022.05.28.pdf,SUPERSEDED,14 Historical / Superseded,False,moved,True
F01369,CaliCat (H2U),2022 H2U Data Room B2 (A+ Round)/Finance/CC/Brex/2022/Brex_Card_Statement_2022.05.29_-_2022.06.28.pdf,COMPANIES/CaliCat (H2U)/14_Historical_Superseded/Brex_Card_Statement_2022.05.29_-_2022.06.28.pdf,SUPERSEDED,14 Historical / Superseded,False,moved,True
F01370,CaliCat (H2U),2022 H2U Data Room B2 (A+ Round)/Finance/CC/Brex/2022/Brex_Card_Statement_2022.06.29_-_2022.07.28.pdf,COMPANIES/CaliCat (H2U)/14_Historical_Superseded/Brex_Card_Statement_2022.06.29_-_2022.07.28.pdf,SUPERSEDED,14 Historical / Superseded,False,moved,True
F01371,CaliCat (H2U),2022 H2U Data Room B2 (A+ Round)/Finance/CC/Brex/2022/Brex_Card_Statement_2022.07.29_-_2022.08.28.pdf,COMPANIES/CaliCat (H2U)/14_Historical_Superseded/Brex_Card_Statement_2022.07.29_-_2022.08.28.pdf,SUPERSEDED,14 Historical / Superseded,False,moved,True
F01372,CaliCat (H2U),2022 H2U Data Room B2 (A+ Round)/Finance/CC/Brex/2022/Brex_Card_Statement_2022.08.29_-_2022.09.28.pdf,COMPANIES/CaliCat (H2U)/14_Historical_Superseded/Brex_Card_Statement_2022.08.29_-_2022.09.28.pdf,SUPERSEDED,14 Historical / Superseded,False,moved,True
F01373,CaliCat (H2U),2022 H2U Data Room B2 (A+ Round)/Finance/CC/Brex/2022/Brex_Card_Statement_2022.09.29_-_2022.10.28.pdf,COMPANIES/CaliCat (H2U)/14_Historical_Superseded/Brex_Card_Statement_2022.09.29_-_2022.10.28.pdf,SUPERSEDED,14 Historical / Superseded,False,moved,True
F01374,CaliCat (H2U),2022 H2U Data Room B2 (A+ Round)/Finance/CC/Brex/2022/Brex_Card_Statement_2022.10.29_-_2022.11.28.pdf,COMPANIES/CaliCat (H2U)/10_Technical_and_Diligence/Brex_Card_Statement_2022.10.29_-_2022.11.28.pdf,PLACED,10 Technical & Diligence,False,moved,True
F01375,CaliCat (H2U),2022 H2U Data Room B2 (A+ Round)/Finance/CC/SVB/BCC_BMC_Company_Maintenance_Request_Company_Individual_Bill.pdf,COMPANIES/CaliCat (H2U)/10_Technical_and_Diligence/BCC_BMC_Company_Maintenance_Request_Company_Individual_Bill.pdf,PLACED,10 Technical & Diligence,False,moved,True
F01376,CaliCat (H2U),2022 H2U Data Room B2 (A+ Round)/Finance/Dec 2022/2022 legal expense analysis.xlsx,COMPANIES/CaliCat (H2U)/10_Technical_and_Diligence/2022 legal expense analysis.xlsx,PLACED,10 Technical & Diligence,False,moved,True
F01377,CaliCat (H2U),2022 H2U Data Room B2 (A+ Round)/Finance/Dec 2022/Brex_Transactions_2023-01-04_064040_PM.xlsx,COMPANIES/CaliCat (H2U)/10_Technical_and_Diligence/Brex_Transactions_2023-01-04_064040_PM.xlsx,PLACED,10 Technical & Diligence,False,moved,True
F01378,CaliCat (H2U),2022 H2U Data Room B2 (A+ Round)/Finance/Dec 2022/Dec 2022 Cooley bills subtotal.xlsx,COMPANIES/CaliCat (H2U)/10_Technical_and_Diligence/Dec 2022 Cooley bills subtotal.xlsx,PLACED,10 Technical & Diligence,False,moved,True
F01379,CaliCat (H2U),2022 H2U Data Room B2 (A+ Round)/Finance/Dec 2022/H2U 2022 FA.xlsx,COMPANIES/CaliCat (H2U)/10_Technical_and_Diligence/H2U 2022 FA__F01379.xlsx,PLACED,10 Technical & Diligence,False,moved,True
F01380,CaliCat (H2U),2022 H2U Data Room B2 (A+ Round)/Finance/Dec 2022/H2U Dec 2022 FS.xls,COMPANIES/CaliCat (H2U)/10_Technical_and_Diligence/H2U Dec 2022 FS.xls,PLACED,10 Technical & Diligence,False,moved,True
F01381,CaliCat (H2U),2022 H2U Data Room B2 (A+ Round)/Finance/Dec 2022/H2U Dec 2022 FS1.xls,COMPANIES/CaliCat (H2U)/10_Technical_and_Diligence/H2U Dec 2022 FS1.xls,PLACED,10 Technical & Diligence,False,moved,True
F01382,CaliCat (H2U),2022 H2U Data Room B2 (A+ Round)/Finance/Dec 2022/H2U Technologies - Brex Credit Card Transactions[157].xls,COMPANIES/CaliCat (H2U)/10_Technical_and_Diligence/H2U Technologies - Brex Credit Card Transactions[157].xls,PLACED,10 Technical & Diligence,False,moved,True
F01383,CaliCat (H2U),2022 H2U Data Room B2 (A+ Round)/Finance/Dec 2022/Lab Equipment/Evoqua 9606.PDF,COMPANIES/CaliCat (H2U)/10_Technical_and_Diligence/Evoqua 9606.PDF,PLACED,10 Technical & Diligence,False,moved,True
F01384,CaliCat (H2U),2022 H2U Data Room B2 (A+ Round)/Finance/Dec 2022/Lab Equipment/Inv_123234_from_MicroFab_Technologies_Inc_19096.pdf,COMPANIES/CaliCat (H2U)/10_Technical_and_Diligence/Inv_123234_from_MicroFab_Technologies_Inc_19096.pdf,PLACED,10 Technical & Diligence,False,moved,True
F01385,CaliCat (H2U),2022 H2U Data Room B2 (A+ Round)/Finance/Dec 2022/Sequoia/Estimate9537606-Rev.pdf,COMPANIES/CaliCat (H2U)/10_Technical_and_Diligence/Estimate9537606-Rev.pdf,PLACED,10 Technical & Diligence,False,moved,True
F01386,CaliCat (H2U),2022 H2U Data Room B2 (A+ Round)/Finance/Dec 2022/Sequoia/Inv_0112514_from_ABEN_Machine_Products_Inc._9144.pdf,COMPANIES/CaliCat (H2U)/10_Technical_and_Diligence/Inv_0112514_from_ABEN_Machine_Products_Inc._9144.pdf,PLACED,10 Technical & Diligence,False,moved,True
F01387,CaliCat (H2U),2022 H2U Data Room B2 (A+ Round)/Finance/Dec 2022/Sequoia/Inv_266019_from_EBusiness_International_Inc._48724.pdf,COMPANIES/CaliCat (H2U)/10_Technical_and_Diligence/Inv_266019_from_EBusiness_International_Inc._48724.pdf,PLACED,10 Technical & Diligence,False,moved,True
F01388,CaliCat (H2U),2022 H2U Data Room B2 (A+ Round)/Finance/Dec 2022/Sequoia/Quotation_12607099_H2U.pdf,COMPANIES/CaliCat (H2U)/10_Technical_and_Diligence/Quotation_12607099_H2U.pdf,PLACED,10 Technical & Diligence,False,moved,True
F01389,CaliCat (H2U),2022 H2U Data Room B2 (A+ Round)/Finance/Dec 2022/Sequoia/DM/CHUTCUS-SI000357.pdf,COMPANIES/CaliCat (H2U)/10_Technical_and_Diligence/CHUTCUS-SI000357.pdf,PLACED,10 Technical & Diligence,False,moved,True
F01390,CaliCat (H2U),2022 H2U Data Room B2 (A+ Round)/Finance/Dec 2022/Sequoia/DM/H2U Expenses end Nov 2022.xlsx,COMPANIES/CaliCat (H2U)/10_Technical_and_Diligence/H2U Expenses end Nov 2022.xlsx,PLACED,10 Technical & Diligence,False,moved,True
F01391,CaliCat (H2U),2022 H2U Data Room B2 (A+ Round)/Finance/Dec 2022/Sequoia/DM/Invoice and CC Receipt Silvex final.pdf,COMPANIES/CaliCat (H2U)/10_Technical_and_Diligence/Invoice and CC Receipt Silvex final.pdf,PLACED,10 Technical & Diligence,False,moved,True
F01392,CaliCat (H2U),2022 H2U Data Room B2 (A+ Round)/Finance/Dec 2022/Sequoia/DM/TFP Payment receipt.pdf,COMPANIES/CaliCat (H2U)/10_Technical_and_Diligence/TFP Payment receipt.pdf,PLACED,10 Technical & Diligence,False,moved,True
F01393,CaliCat (H2U),2022 H2U Data Room B2 (A+ Round)/Finance/Feb 2022/H2U Technologies - FS Feb 2022.xls,COMPANIES/CaliCat (H2U)/10_Technical_and_Diligence/H2U Technologies - FS Feb 2022.xls,PLACED,10 Technical & Diligence,False,moved,True
F01394,CaliCat (H2U),2022 H2U Data Room B2 (A+ Round)/Finance/Feb 2023/Brex_Transactions_2023-03-02_073344_PM.xlsx,COMPANIES/CaliCat (H2U)/10_Technical_and_Diligence/Brex_Transactions_2023-03-02_073344_PM.xlsx,PLACED,10 Technical & Diligence,False,moved,True
F01395,CaliCat (H2U),2022 H2U Data Room B2 (A+ Round)/Finance/Feb 2023/Cooley bill sum.xlsx,COMPANIES/CaliCat (H2U)/10_Technical_and_Diligence/Cooley bill sum.xlsx,PLACED,10 Technical & Diligence,False,moved,True
F01396,CaliCat (H2U),2022 H2U Data Room B2 (A+ Round)/Finance/Feb 2023/H2U 2023 FA.xlsx,COMPANIES/CaliCat (H2U)/10_Technical_and_Diligence/H2U 2023 FA.xlsx,PLACED,10 Technical & Diligence,False,moved,True
F01397,CaliCat (H2U),2022 H2U Data Room B2 (A+ Round)/Finance/Feb 2023/H2U Feb 2023 FS.xls,COMPANIES/CaliCat (H2U)/10_Technical_and_Diligence/H2U Feb 2023 FS.xls,PLACED,10 Technical & Diligence,False,moved,True
F01398,CaliCat (H2U),2022 H2U Data Room B2 (A+ Round)/Finance/Feb 2023/Lab Equipment & FA/H2U Purchase Order 092951.pdf,COMPANIES/CaliCat (H2U)/10_Technical_and_Diligence/H2U Purchase Order 092951.pdf,PLACED,10 Technical & Diligence,False,moved,True
F01399,CaliCat (H2U),2022 H2U Data Room B2 (A+ Round)/Finance/Feb 2023/Lab Equipment & FA/Inv_2010087_from_MICRO_SYSTEMS_CONCEPTS_8552.pdf,COMPANIES/CaliCat (H2U)/10_Technical_and_Diligence/Inv_2010087_from_MICRO_SYSTEMS_CONCEPTS_8552.pdf,PLACED,10 Technical & Diligence,False,moved,True
F01400,CaliCat (H2U),2022 H2U Data Room B2 (A+ Round)/Finance/Feb 2023/Lab Equipment & FA/SO #3670 SOA.pdf,COMPANIES/CaliCat (H2U)/10_Technical_and_Diligence/SO _3670 SOA.pdf,PLACED,10 Technical & Diligence,True,moved,True
F01401,CaliCat (H2U),2022 H2U Data Room B2 (A+ Round)/Finance/Feb 2023/Sequoia/FC12066.pdf,COMPANIES/CaliCat (H2U)/10_Technical_and_Diligence/FC12066.pdf,PLACED,10 Technical & Diligence,False,moved,True
F01402,CaliCat (H2U),2022 H2U Data Room B2 (A+ Round)/Finance/Feb 2023/Sequoia/Inv_266376_from_EBusiness_International_Inc._69136.pdf,COMPANIES/CaliCat (H2U)/10_Technical_and_Diligence/Inv_266376_from_EBusiness_International_Inc._69136.pdf,PLACED,10 Technical & Diligence,False,moved,True
F01403,CaliCat (H2U),2022 H2U Data Room B2 (A+ Round)/Finance/Feb 2023/Sequoia/Inv_266501_from_EBusiness_International_Inc._40440.pdf,COMPANIES/CaliCat (H2U)/10_Technical_and_Diligence/Inv_266501_from_EBusiness_International_Inc._40440.pdf,PLACED,10 Technical & Diligence,False,moved,True
F01404,CaliCat (H2U),2022 H2U Data Room B2 (A+ Round)/Finance/Feb 2023/Sequoia/PI - Volteq  022023D.xls,COMPANIES/CaliCat (H2U)/10_Technical_and_Diligence/PI - Volteq 022023D.xls,PLACED,10 Technical & Diligence,True,moved,True
F01405,CaliCat (H2U),2022 H2U Data Room B2 (A+ Round)/Finance/Feb 2023/TG/H2U Job19470 Inv8890.pdf,COMPANIES/CaliCat (H2U)/10_Technical_and_Diligence/H2U Job19470 Inv8890.pdf,PLACED,10 Technical & Diligence,False,moved,True
F01406,CaliCat (H2U),2022 H2U Data Room B2 (A+ Round)/Finance/Feb 2023/TG/Re_ Initial outline of costs that may be charged to Tokyo Gas account.msg,COMPANIES/CaliCat (H2U)/10_Technical_and_Diligence/Re_ Initial outline of costs that may be charged to Tokyo Gas account.msg,PLACED,10 Technical & Diligence,False,moved,True
F01407,CaliCat (H2U),2022 H2U Data Room B2 (A+ Round)/Finance/Feb 2023/TG/SO #3670 SOA.pdf,COMPANIES/CaliCat (H2U)/10_Technical_and_Diligence/SO _3670 SOA__F01407.pdf,PLACED,10 Technical & Diligence,True,moved,True
F01408,CaliCat (H2U),2022 H2U Data Room B2 (A+ Round)/Finance/Feb 2023/YS/H2U Purchase Order 092951.pdf,COMPANIES/CaliCat (H2U)/10_Technical_and_Diligence/H2U Purchase Order 092951__F01408.pdf,PLACED,10 Technical & Diligence,False,moved,True
F01409,CaliCat (H2U),2022 H2U Data Room B2 (A+ Round)/Finance/Jan 2022/2022 Jan FS.xls,COMPANIES/CaliCat (H2U)/10_Technical_and_Diligence/2022 Jan FS.xls,PLACED,10 Technical & Diligence,False,moved,True
F01410,CaliCat (H2U),2022 H2U Data Room B2 (A+ Round)/Finance/Jan 2022/H2U Technologies - Income Statement Jan 2022.xlsx,COMPANIES/CaliCat (H2U)/10_Technical_and_Diligence/H2U Technologies - Income Statement Jan 2022.xlsx,PLACED,10 Technical & Diligence,False,moved,True
F01411,CaliCat (H2U),2022 H2U Data Room B2 (A+ Round)/Finance/Jan 2023/Brex_Transactions_2023-02-02_064627_PM.xlsx,COMPANIES/CaliCat (H2U)/10_Technical_and_Diligence/Brex_Transactions_2023-02-02_064627_PM.xlsx,PLACED,10 Technical & Diligence,False,moved,True
F01412,CaliCat (H2U),2022 H2U Data Room B2 (A+ Round)/Finance/Jan 2023/H2U 2023 FA.xlsx,COMPANIES/CaliCat (H2U)/10_Technical_and_Diligence/H2U 2023 FA__F01412.xlsx,PLACED,10 Technical & Diligence,False,moved,True
F01413,CaliCat (H2U),2022 H2U Data Room B2 (A+ Round)/Finance/Jan 2023/H2U Jan 2023 FS.xls,COMPANIES/CaliCat (H2U)/10_Technical_and_Diligence/H2U Jan 2023 FS.xls,PLACED,10 Technical & Diligence,False,moved,True
F01414,CaliCat (H2U),2022 H2U Data Room B2 (A+ Round)/Finance/Jan 2023/H2U Technologies - Brex Credit Card Transactions Xero reconciled.xlsx,COMPANIES/CaliCat (H2U)/10_Technical_and_Diligence/H2U Technologies - Brex Credit Card Transactions Xero reconciled.xlsx,PLACED,10 Technical & Diligence,False,moved,True
F01415,CaliCat (H2U),2022 H2U Data Room B2 (A+ Round)/Finance/Jan 2023/Denali/H2U INVOICES (1) ck#1085.pdf,COMPANIES/CaliCat (H2U)/10_Technical_and_Diligence/H2U INVOICES (1) ck_1085.pdf,PLACED,10 Technical & Diligence,True,moved,True
F01416,CaliCat (H2U),2022 H2U Data Room B2 (A+ Round)/Finance/Jan 2023/Lab Equipment & FA/Evoqua 9606.PDF,COMPANIES/CaliCat (H2U)/10_Technical_and_Diligence/Evoqua 9606__F01416.PDF,PLACED,10 Technical & Diligence,False,moved,True
F01417,CaliCat (H2U),2022 H2U Data Room B2 (A+ Round)/Finance/Jan 2023/Lab Equipment & FA/Inv_123234_from_MicroFab_Technologies_Inc_19096.pdf,COMPANIES/CaliCat (H2U)/10_Technical_and_Diligence/Inv_123234_from_MicroFab_Technologies_Inc_19096__F01417.pdf,PLACED,10 Technical & Diligence,False,moved,True
F01418,CaliCat (H2U),2022 H2U Data Room B2 (A+ Round)/Finance/Jan 2023/Lab Equipment & FA/Inv_2010087_from_MICRO_SYSTEMS_CONCEPTS_8552 ck#1083.pdf,COMPANIES/CaliCat (H2U)/10_Technical_and_Diligence/Inv_2010087_from_MICRO_SYSTEMS_CONCEPTS_8552 ck_1083.pdf,PLACED,10 Technical & Diligence,True,moved,True
F01419,CaliCat (H2U),2022 H2U Data Room B2 (A+ Round)/Finance/Jan 2023/Sequoia/133111 ck#1080.pdf,COMPANIES/CaliCat (H2U)/10_Technical_and_Diligence/133111 ck_1080.pdf,PLACED,10 Technical & Diligence,True,moved,True
F01420,CaliCat (H2U),2022 H2U Data Room B2 (A+ Round)/Finance/Jan 2023/Sequoia/133111.pdf,COMPANIES/CaliCat (H2U)/10_Technical_and_Diligence/133111.pdf,PLACED,10 Technical & Diligence,False,moved,True
F01421,CaliCat (H2U),2022 H2U Data Room B2 (A+ Round)/Finance/Jan 2023/Sequoia/BOM 100200 Sequoia Containerized System 200kW.xlsx,COMPANIES/CaliCat (H2U)/10_Technical_and_Diligence/BOM 100200 Sequoia Containerized System 200kW.xlsx,PLACED,10 Technical & Diligence,False,moved,True
F01422,CaliCat (H2U),2022 H2U Data Room B2 (A+ Round)/Finance/Jan 2023/Sequoia/DB CK 1077.PDF,COMPANIES/CaliCat (H2U)/10_Technical_and_Diligence/DB CK 1077.PDF,PLACED,10 Technical & Diligence,False,moved,True
F01423,CaliCat (H2U),2022 H2U Data Room B2 (A+ Round)/Finance/Jan 2023/Sequoia/DB CK 1077A.PDF,COMPANIES/CaliCat (H2U)/10_Technical_and_Diligence/DB CK 1077A.PDF,PLACED,10 Technical & Diligence,False,moved,True
F01424,CaliCat (H2U),2022 H2U Data Room B2 (A+ Round)/Finance/Jan 2023/Sequoia/H2U INVOICES (1) ck#1085.pdf,COMPANIES/CaliCat (H2U)/10_Technical_and_Diligence/H2U INVOICES (1) ck_1085__F01424.pdf,PLACED,10 Technical & Diligence,True,moved,True
F01425,CaliCat (H2U),2022 H2U Data Room B2 (A+ Round)/Finance/Jan 2023/Sequoia/H2U Purchase Order 092943.pdf,COMPANIES/CaliCat (H2U)/10_Technical_and_Diligence/H2U Purchase Order 092943.pdf,PLACED,10 Technical & Diligence,False,moved,True
F01426,CaliCat (H2U),2022 H2U Data Room B2 (A+ Round)/Finance/Jan 2023/Sequoia/Inv_0112514_from_ABEN_Machine_Products_Inc._18228.pdf,COMPANIES/CaliCat (H2U)/10_Technical_and_Diligence/Inv_0112514_from_ABEN_Machine_Products_Inc._18228.pdf,PLACED,10 Technical & Diligence,False,moved,True
F01427,CaliCat (H2U),2022 H2U Data Room B2 (A+ Round)/Finance/Jan 2023/Sequoia/Inv_266056_from_EBusiness_International_Inc._40212.pdf,COMPANIES/CaliCat (H2U)/10_Technical_and_Diligence/Inv_266056_from_EBusiness_International_Inc._40212.pdf,PLACED,10 Technical & Diligence,False,moved,True
F01428,CaliCat (H2U),2022 H2U Data Room B2 (A+ Round)/Finance/Jan 2023/Sequoia/Inv_266139_from_EBusiness_International_Inc._49668.pdf,COMPANIES/CaliCat (H2U)/10_Technical_and_Diligence/Inv_266139_from_EBusiness_International_Inc._49668.pdf,PLACED,10 Technical & Diligence,False,moved,True
F01429,CaliCat (H2U),2022 H2U Data Room B2 (A+ Round)/Finance/Jan 2023/Sequoia/RE_ Budget 2023 working  documents.msg,COMPANIES/CaliCat (H2U)/10_Technical_and_Diligence/RE_ Budget 2023 working documents.msg,PLACED,10 Technical & Diligence,True,moved,True
F01430,CaliCat (H2U),2022 H2U Data Room B2 (A+ Round)/Finance/Jan 2023/Sequoia/SQ costs.xlsx,COMPANIES/CaliCat (H2U)/10_Technical_and_Diligence/SQ costs.xlsx,PLACED,10 Technical & Diligence,False,moved,True
F01431,CaliCat (H2U),2022 H2U Data Room B2 (A+ Round)/Finance/Jan 2023/Sequoia/Strategic Planning 2023 221221 B.pptx,COMPANIES/CaliCat (H2U)/10_Technical_and_Diligence/Strategic Planning 2023 221221 B.pptx,PLACED,10 Technical & Diligence,False,moved,True
F01432,CaliCat (H2U),2022 H2U Data Room B2 (A+ Round)/Finance/Jan 2023/Sequoia/Volteq  101322D.pdf,COMPANIES/CaliCat (H2U)/10_Technical_and_Diligence/Volteq 101322D.pdf,PLACED,10 Technical & Diligence,True,moved,True
F01433,CaliCat (H2U),2022 H2U Data Room B2 (A+ Round)/Finance/July 2022/Brex_Transactions_2022-08-04_104203_PM.xlsx,COMPANIES/CaliCat (H2U)/10_Technical_and_Diligence/Brex_Transactions_2022-08-04_104203_PM.xlsx,PLACED,10 Technical & Diligence,False,moved,True
F01434,CaliCat (H2U),2022 H2U Data Room B2 (A+ Round)/Finance/July 2022/H2U 2022 FA.xlsx,COMPANIES/CaliCat (H2U)/10_Technical_and_Diligence/H2U 2022 FA__F01434.xlsx,PLACED,10 Technical & Diligence,False,moved,True
F01435,CaliCat (H2U),2022 H2U Data Room B2 (A+ Round)/Finance/July 2022/H2U Technologies - July 2022 FS.xlsx,COMPANIES/CaliCat (H2U)/10_Technical_and_Diligence/H2U Technologies - July 2022 FS.xlsx,PLACED,10 Technical & Diligence,False,moved,True
F01436,CaliCat (H2U),2022 H2U Data Room B2 (A+ Round)/Finance/July 2022/POC July 2022.xlsx,COMPANIES/CaliCat (H2U)/10_Technical_and_Diligence/POC July 2022.xlsx,PLACED,10 Technical & Diligence,False,moved,True
F01437,CaliCat (H2U),2022 H2U Data Room B2 (A+ Round)/Finance/July 2022/Lab Equipment & IT/Fwd_ ✅ ORDER CONFIRMED_ Keithley 2002 8.5 Digit Calibration Mult....pdf,COMPANIES/CaliCat (H2U)/10_Technical_and_Diligence/Fwd_ ✅ ORDER CONFIRMED_ Keithley 2002 8.5 Digit Calibration Mult.pdf,PLACED,10 Technical & Diligence,True,moved,True
F01438,CaliCat (H2U),2022 H2U Data Room B2 (A+ Round)/Finance/July 2022/Lab Equipment & IT/Inv_123126_from_MicroFab_Technologies_Inc_657890_24844.pdf,COMPANIES/CaliCat (H2U)/10_Technical_and_Diligence/Inv_123126_from_MicroFab_Technologies_Inc_657890_24844.pdf,PLACED,10 Technical & Diligence,False,moved,True
F01439,CaliCat (H2U),2022 H2U Data Room B2 (A+ Round)/Finance/July 2022/Lab Equipment & IT/Inv_123127_from_MicroFab_Technologies_Inc_657902_24844.pdf,COMPANIES/CaliCat (H2U)/10_Technical_and_Diligence/Inv_123127_from_MicroFab_Technologies_Inc_657902_24844.pdf,PLACED,10 Technical & Diligence,False,moved,True
F01440,CaliCat (H2U),2022 H2U Data Room B2 (A+ Round)/Finance/July 2022/Lab Equipment & IT/Inv_123130_from_MicroFab_Technologies_Inc_16744.pdf,COMPANIES/CaliCat (H2U)/10_Technical_and_Diligence/Inv_123130_from_MicroFab_Technologies_Inc_16744.pdf,PLACED,10 Technical & Diligence,False,moved,True
F01441,CaliCat (H2U),2022 H2U Data Room B2 (A+ Round)/Finance/July 2022/Lab Equipment & IT/US01_US10_2022_6461452945_YBF2_6461452945_ZB36_00_0.PDF,COMPANIES/CaliCat (H2U)/10_Technical_and_Diligence/US01_US10_2022_6461452945_YBF2_6461452945_ZB36_00_0.PDF,PLACED,10 Technical & Diligence,False,moved,True
F01442,CaliCat (H2U),2022 H2U Data Room B2 (A+ Round)/Finance/July 2022/Sequoia/82772.pdf,COMPANIES/CaliCat (H2U)/10_Technical_and_Diligence/82772.pdf,PLACED,10 Technical & Diligence,False,moved,True
F01443,CaliCat (H2U),2022 H2U Data Room B2 (A+ Round)/Finance/June 2022/H2U Technologies - June 2022 FS 1.xlsx,COMPANIES/CaliCat (H2U)/10_Technical_and_Diligence/H2U Technologies - June 2022 FS 1.xlsx,PLACED,10 Technical & Diligence,False,moved,True
F01444,CaliCat (H2U),2022 H2U Data Room B2 (A+ Round)/Finance/Mar 2022/Brex_Transactions_2022-04-08_084130_PM.csv,COMPANIES/CaliCat (H2U)/10_Technical_and_Diligence/Brex_Transactions_2022-04-08_084130_PM.csv,PLACED,10 Technical & Diligence,False,moved,True
F01445,CaliCat (H2U),2022 H2U Data Room B2 (A+ Round)/Finance/Mar 2022/Fixed Assets.xls,COMPANIES/CaliCat (H2U)/10_Technical_and_Diligence/Fixed Assets.xls,PLACED,10 Technical & Diligence,False,moved,True
F01446,CaliCat (H2U),2022 H2U Data Room B2 (A+ Round)/Finance/Mar 2022/H2U Technologies - FS March 2022.xls,COMPANIES/CaliCat (H2U)/10_Technical_and_Diligence/H2U Technologies - FS March 2022.xls,PLACED,10 Technical & Diligence,False,moved,True
F01447,CaliCat (H2U),2022 H2U Data Room B2 (A+ Round)/Finance/Mar 2023/Lab Equipment & FA/Sequoia Water Chillers (2qty) Order # 100243847.pdf,COMPANIES/CaliCat (H2U)/10_Technical_and_Diligence/Sequoia Water Chillers (2qty) Order _ 100243847.pdf,PLACED,10 Technical & Diligence,True,moved,True
F01448,CaliCat (H2U),2022 H2U Data Room B2 (A+ Round)/Finance/Mar 2023/Sequoia/SalesInvoice.Report.pdf,COMPANIES/CaliCat (H2U)/10_Technical_and_Diligence/SalesInvoice.Report.pdf,PLACED,10 Technical & Diligence,False,moved,True
F01449,CaliCat (H2U),2022 H2U Data Room B2 (A+ Round)/Finance/May 2022/H2U Technologies - FS May 2022.xlsx,COMPANIES/CaliCat (H2U)/10_Technical_and_Diligence/H2U Technologies - FS May 2022.xlsx,PLACED,10 Technical & Diligence,False,moved,True
F01450,CaliCat (H2U),2022 H2U Data Room B2 (A+ Round)/Finance/Nov 2022/Brex_Transactions_2022-12-05_095632_PM.xlsx,COMPANIES/CaliCat (H2U)/10_Technical_and_Diligence/Brex_Transactions_2022-12-05_095632_PM.xlsx,PLACED,10 Technical & Diligence,False,moved,True
F01451,CaliCat (H2U),2022 H2U Data Room B2 (A+ Round)/Finance/Nov 2022/H2U 2022 FA.xlsx,COMPANIES/CaliCat (H2U)/10_Technical_and_Diligence/H2U 2022 FA__F01451.xlsx,PLACED,10 Technical & Diligence,False,moved,True
F01452,CaliCat (H2U),2022 H2U Data Room B2 (A+ Round)/Finance/Nov 2022/H2U Nov 2022 FS.xlsx,COMPANIES/CaliCat (H2U)/10_Technical_and_Diligence/H2U Nov 2022 FS.xlsx,PLACED,10 Technical & Diligence,False,moved,True
F01453,CaliCat (H2U),2022 H2U Data Room B2 (A+ Round)/Finance/Nov 2022/Xero Nov 22 Brex card balance.xls,COMPANIES/CaliCat (H2U)/10_Technical_and_Diligence/Xero Nov 22 Brex card balance.xls,PLACED,10 Technical & Diligence,False,moved,True
F01454,CaliCat (H2U),2022 H2U Data Room B2 (A+ Round)/Finance/Nov 2022/Lab Equipment/H2U Purchase Order 092122.pdf,COMPANIES/CaliCat (H2U)/10_Technical_and_Diligence/H2U Purchase Order 092122.pdf,PLACED,10 Technical & Diligence,False,moved,True
F01455,CaliCat (H2U),2022 H2U Data Room B2 (A+ Round)/Finance/Nov 2022/Sequoia/22-469 H2U Technologies.docx,COMPANIES/CaliCat (H2U)/10_Technical_and_Diligence/22-469 H2U Technologies.docx,PLACED,10 Technical & Diligence,False,moved,True
F01456,CaliCat (H2U),2022 H2U Data Room B2 (A+ Round)/Finance/Nov 2022/Sequoia/2937 Commercial Invoice.xlsx,COMPANIES/CaliCat (H2U)/10_Technical_and_Diligence/2937 Commercial Invoice.xlsx,PLACED,10 Technical & Diligence,False,moved,True
F01457,CaliCat (H2U),2022 H2U Data Room B2 (A+ Round)/Finance/Nov 2022/Sequoia/CHUTCUS-SI000357.pdf,COMPANIES/CaliCat (H2U)/10_Technical_and_Diligence/CHUTCUS-SI000357__F01457.pdf,PLACED,10 Technical & Diligence,False,moved,True
F01458,CaliCat (H2U),2022 H2U Data Room B2 (A+ Round)/Finance/Nov 2022/Sequoia/Checkout - Platypus Technologies.pdf,COMPANIES/CaliCat (H2U)/10_Technical_and_Diligence/Checkout - Platypus Technologies.pdf,PLACED,10 Technical & Diligence,False,moved,True
F01459,CaliCat (H2U),2022 H2U Data Room B2 (A+ Round)/Finance/Nov 2022/Sequoia/Fedex bill.pdf,COMPANIES/CaliCat (H2U)/10_Technical_and_Diligence/Fedex bill.pdf,PLACED,10 Technical & Diligence,False,moved,True
F01460,CaliCat (H2U),2022 H2U Data Room B2 (A+ Round)/Finance/Nov 2022/Sequoia/H2U Expenses Oct-Nov 2022 v1.xlsx,COMPANIES/CaliCat (H2U)/10_Technical_and_Diligence/H2U Expenses Oct-Nov 2022 v1.xlsx,PLACED,10 Technical & Diligence,False,moved,True
F01461,CaliCat (H2U),2022 H2U Data Room B2 (A+ Round)/Finance/Nov 2022/Sequoia/H2U Expenses Oct-Nov 2022.xlsx,COMPANIES/CaliCat (H2U)/14_Historical_Superseded/H2U Expenses Oct-Nov 2022.xlsx,SUPERSEDED,14 Historical / Superseded,False,moved,True
F01462,CaliCat (H2U),2022 H2U Data Room B2 (A+ Round)/Finance/Nov 2022/Sequoia/H2U Inv. # 01-12453 ck# 1073.pdf,COMPANIES/CaliCat (H2U)/10_Technical_and_Diligence/H2U Inv. _ 01-12453 ck_ 1073.pdf,PLACED,10 Technical & Diligence,True,moved,True
F01463,CaliCat (H2U),2022 H2U Data Room B2 (A+ Round)/Finance/Nov 2022/Sequoia/H2U PO 110422.pdf,COMPANIES/CaliCat (H2U)/10_Technical_and_Diligence/H2U PO 110422.pdf,PLACED,10 Technical & Diligence,False,moved,True
F01464,CaliCat (H2U),2022 H2U Data Room B2 (A+ Round)/Finance/Nov 2022/Sequoia/H2U PO 110522.pdf,COMPANIES/CaliCat (H2U)/10_Technical_and_Diligence/H2U PO 110522.pdf,PLACED,10 Technical & Diligence,False,moved,True
F01465,CaliCat (H2U),2022 H2U Data Room B2 (A+ Round)/Finance/Nov 2022/Sequoia/H2U Purchase Order 082422.pdf,COMPANIES/CaliCat (H2U)/10_Technical_and_Diligence/H2U Purchase Order 082422.pdf,PLACED,10 Technical & Diligence,False,moved,True
F01466,CaliCat (H2U),2022 H2U Data Room B2 (A+ Round)/Finance/Nov 2022/Sequoia/H2U Purchase Order 092932.pdf,COMPANIES/CaliCat (H2U)/10_Technical_and_Diligence/H2U Purchase Order 092932.pdf,PLACED,10 Technical & Diligence,False,moved,True
F01467,CaliCat (H2U),2022 H2U Data Room B2 (A+ Round)/Finance/Nov 2022/Sequoia/H2U Purchase Order 092936.pdf,COMPANIES/CaliCat (H2U)/10_Technical_and_Diligence/H2U Purchase Order 092936.pdf,PLACED,10 Technical & Diligence,False,moved,True
F01468,CaliCat (H2U),2022 H2U Data Room B2 (A+ Round)/Finance/Nov 2022/Sequoia/H2U TECHNOLOGIES_5530178379.pdf,COMPANIES/CaliCat (H2U)/10_Technical_and_Diligence/H2U TECHNOLOGIES_5530178379.pdf,PLACED,10 Technical & Diligence,False,moved,True
F01469,CaliCat (H2U),2022 H2U Data Room B2 (A+ Round)/Finance/Nov 2022/Sequoia/Inv_265788_from_EBusiness_International_Inc._24536.pdf,COMPANIES/CaliCat (H2U)/10_Technical_and_Diligence/Inv_265788_from_EBusiness_International_Inc._24536.pdf,PLACED,10 Technical & Diligence,False,moved,True
F01470,CaliCat (H2U),2022 H2U Data Room B2 (A+ Round)/Finance/Nov 2022/Sequoia/Invoice 301250296.pdf,COMPANIES/CaliCat (H2U)/10_Technical_and_Diligence/Invoice 301250296.pdf,PLACED,10 Technical & Diligence,False,moved,True
F01471,CaliCat (H2U),2022 H2U Data Room B2 (A+ Round)/Finance/Nov 2022/Sequoia/Invoice and CC Payment Receipt for Shipment 11-11-22.pdf,COMPANIES/CaliCat (H2U)/10_Technical_and_Diligence/Invoice and CC Payment Receipt for Shipment 11-11-22.pdf,PLACED,10 Technical & Diligence,False,moved,True
F01472,CaliCat (H2U),2022 H2U Data Room B2 (A+ Round)/Finance/Nov 2022/Sequoia/Invoice and CC Receipt for Shipment 11-23-22.pdf,COMPANIES/CaliCat (H2U)/10_Technical_and_Diligence/Invoice and CC Receipt for Shipment 11-23-22.pdf,PLACED,10 Technical & Diligence,False,moved,True
F01473,CaliCat (H2U),2022 H2U Data Room B2 (A+ Round)/Finance/Nov 2022/Sequoia/Metal chem ck#1068.pdf,COMPANIES/CaliCat (H2U)/10_Technical_and_Diligence/Metal chem ck_1068.pdf,PLACED,10 Technical & Diligence,True,moved,True
F01474,CaliCat (H2U),2022 H2U Data Room B2 (A+ Round)/Finance/Nov 2022/Sequoia/OrdAck3006187.pdf,COMPANIES/CaliCat (H2U)/10_Technical_and_Diligence/OrdAck3006187.pdf,PLACED,10 Technical & Diligence,False,moved,True
F01475,CaliCat (H2U),2022 H2U Data Room B2 (A+ Round)/Finance/Nov 2022/Sequoia/OrdAck3006257.pdf,COMPANIES/CaliCat (H2U)/10_Technical_and_Diligence/OrdAck3006257.pdf,PLACED,10 Technical & Diligence,False,moved,True
F01476,CaliCat (H2U),2022 H2U Data Room B2 (A+ Round)/Finance/Nov 2022/Sequoia/SScan22100714230.pdf,COMPANIES/CaliCat (H2U)/10_Technical_and_Diligence/SScan22100714230.pdf,PLACED,10 Technical & Diligence,False,moved,True
F01477,CaliCat (H2U),2022 H2U Data Room B2 (A+ Round)/Finance/Nov 2022/Sequoia/SalesOrd_615565_from_EBusiness_International_Inc._24536.pdf,COMPANIES/CaliCat (H2U)/10_Technical_and_Diligence/SalesOrd_615565_from_EBusiness_International_Inc._24536.pdf,PLACED,10 Technical & Diligence,False,moved,True
F01478,CaliCat (H2U),2022 H2U Data Room B2 (A+ Round)/Finance/Nov 2022/Sequoia/Valley Machinery ck#1069.pdf,COMPANIES/CaliCat (H2U)/10_Technical_and_Diligence/Valley Machinery ck_1069.pdf,PLACED,10 Technical & Diligence,True,moved,True
F01479,CaliCat (H2U),2022 H2U Data Room B2 (A+ Round)/Finance/Nov 2022/Sequoia/inline; filename=LISDEX.TRK.ID_34708375.pdf,COMPANIES/CaliCat (H2U)/10_Technical_and_Diligence/inline; filename=LISDEX.TRK.ID_34708375.pdf,PLACED,10 Technical & Diligence,False,moved,True
F01480,CaliCat (H2U),2022 H2U Data Room B2 (A+ Round)/Finance/Oct 2022/Brex_Transactions_2022-11-04_045104_PM.xlsx,COMPANIES/CaliCat (H2U)/10_Technical_and_Diligence/Brex_Transactions_2022-11-04_045104_PM.xlsx,PLACED,10 Technical & Diligence,False,moved,True
F01481,CaliCat (H2U),2022 H2U Data Room B2 (A+ Round)/Finance/Oct 2022/H2U 2022 FA.xlsx,COMPANIES/CaliCat (H2U)/10_Technical_and_Diligence/H2U 2022 FA__F01481.xlsx,PLACED,10 Technical & Diligence,False,moved,True
F01482,CaliCat (H2U),2022 H2U Data Room B2 (A+ Round)/Finance/Oct 2022/H2U Oct 2022 FS.xlsx,COMPANIES/CaliCat (H2U)/10_Technical_and_Diligence/H2U Oct 2022 FS.xlsx,PLACED,10 Technical & Diligence,False,moved,True
F01483,CaliCat (H2U),2022 H2U Data Room B2 (A+ Round)/Finance/Oct 2022/H2U Tech-5 cm2 Acid_Ex (003).pdf,COMPANIES/CaliCat (H2U)/10_Technical_and_Diligence/H2U Tech-5 cm2 Acid_Ex (003).pdf,PLACED,10 Technical & Diligence,False,moved,True
F01484,CaliCat (H2U),2022 H2U Data Room B2 (A+ Round)/Finance/Oct 2022/Lab Equipment/20220921-Equipment_Bill.pdf,COMPANIES/CaliCat (H2U)/10_Technical_and_Diligence/20220921-Equipment_Bill.pdf,PLACED,10 Technical & Diligence,False,moved,True
F01485,CaliCat (H2U),2022 H2U Data Room B2 (A+ Round)/Finance/Oct 2022/Lab Equipment/Bill of salls 2.pdf,COMPANIES/CaliCat (H2U)/10_Technical_and_Diligence/Bill of salls 2.pdf,PLACED,10 Technical & Diligence,False,moved,True
F01486,CaliCat (H2U),2022 H2U Data Room B2 (A+ Round)/Finance/Oct 2022/Lab Equipment/Grizzly_92442795_Shipment_1_Invoice.pdf,COMPANIES/CaliCat (H2U)/10_Technical_and_Diligence/Grizzly_92442795_Shipment_1_Invoice.pdf,PLACED,10 Technical & Diligence,False,moved,True
F01487,CaliCat (H2U),2022 H2U Data Room B2 (A+ Round)/Finance/Oct 2022/Lab Equipment/H2U Purchase Order 092122.pdf,COMPANIES/CaliCat (H2U)/10_Technical_and_Diligence/H2U Purchase Order 092122__F01487.pdf,PLACED,10 Technical & Diligence,False,moved,True
F01488,CaliCat (H2U),2022 H2U Data Room B2 (A+ Round)/Finance/Oct 2022/Lab Equipment/H2U Tech-5 cm2 Acid_Ex.pdf,COMPANIES/CaliCat (H2U)/10_Technical_and_Diligence/H2U Tech-5 cm2 Acid_Ex.pdf,PLACED,10 Technical & Diligence,False,moved,True
F01489,CaliCat (H2U),"2022 H2U Data Room B2 (A+ Round)/Finance/Oct 2022/Lab Equipment/H2U Technologies, Invoice 2022-282.pdf","COMPANIES/CaliCat (H2U)/10_Technical_and_Diligence/H2U Technologies, Invoice 2022-282.pdf",PLACED,10 Technical & Diligence,False,moved,True
F01490,CaliCat (H2U),2022 H2U Data Room B2 (A+ Round)/Finance/Oct 2022/Lab Equipment/STKQ28932 nex.pdf,COMPANIES/CaliCat (H2U)/10_Technical_and_Diligence/STKQ28932 nex.pdf,PLACED,10 Technical & Diligence,False,moved,True
F01491,CaliCat (H2U),2022 H2U Data Room B2 (A+ Round)/Finance/Oct 2022/Lab Equipment/Thank you for your Grizzly_com® purchase!.msg,COMPANIES/CaliCat (H2U)/10_Technical_and_Diligence/Thank you for your Grizzly_com® purchase!.msg,PLACED,10 Technical & Diligence,False,moved,True
F01492,CaliCat (H2U),2022 H2U Data Room B2 (A+ Round)/Finance/Oct 2022/Lab Equipment/h2u.pdf,COMPANIES/CaliCat (H2U)/10_Technical_and_Diligence/h2u__F01492.pdf,PLACED,10 Technical & Diligence,False,moved,True
F01493,CaliCat (H2U),2022 H2U Data Room B2 (A+ Round)/Finance/Oct 2022/Lab Equipment/wire info on blank letter head --- wire acct.pdf,COMPANIES/CaliCat (H2U)/10_Technical_and_Diligence/wire info on blank letter head --- wire acct.pdf,PLACED,10 Technical & Diligence,False,moved,True
F01494,CaliCat (H2U),2022 H2U Data Room B2 (A+ Round)/Finance/Oct 2022/Lab Equipment/Batch#2/ACH Instructions to Bio-Logic USA - Pinnacle.docx,COMPANIES/CaliCat (H2U)/10_Technical_and_Diligence/ACH Instructions to Bio-Logic USA - Pinnacle.docx,PLACED,10 Technical & Diligence,False,moved,True
F01495,CaliCat (H2U),2022 H2U Data Room B2 (A+ Round)/Finance/Oct 2022/Lab Equipment/Batch#2/Invoice_2022210247_1665691215067.pdf,COMPANIES/CaliCat (H2U)/10_Technical_and_Diligence/Invoice_2022210247_1665691215067.pdf,PLACED,10 Technical & Diligence,False,moved,True
F01496,CaliCat (H2U),2022 H2U Data Room B2 (A+ Round)/Finance/Oct 2022/Lab Equipment/Batch#2/Quote_22976_1664885374503.pdf,COMPANIES/CaliCat (H2U)/10_Technical_and_Diligence/Quote_22976_1664885374503.pdf,PLACED,10 Technical & Diligence,False,moved,True
F01497,CaliCat (H2U),2022 H2U Data Room B2 (A+ Round)/Finance/Oct 2022/Lab Equipment/Batch#2/Sales Invoice ARPOS22-1809.pdf,COMPANIES/CaliCat (H2U)/10_Technical_and_Diligence/Sales Invoice ARPOS22-1809.pdf,PLACED,10 Technical & Diligence,False,moved,True
F01498,CaliCat (H2U),2022 H2U Data Room B2 (A+ Round)/Finance/Oct 2022/Lab Equipment/Batch#2/Sales Invoice ARPOS22-1885.pdf,COMPANIES/CaliCat (H2U)/10_Technical_and_Diligence/Sales Invoice ARPOS22-1885.pdf,PLACED,10 Technical & Diligence,False,moved,True
F01499,CaliCat (H2U),2022 H2U Data Room B2 (A+ Round)/Finance/Oct 2022/Lab Equipment/Batch#2/SalesOrd_79677.pdf,COMPANIES/CaliCat (H2U)/10_Technical_and_Diligence/SalesOrd_79677.pdf,PLACED,10 Technical & Diligence,False,moved,True
F01500,CaliCat (H2U),2022 H2U Data Room B2 (A+ Round)/Finance/Oct 2022/Lab Upfit/22-0729_JN2202 ASR#1(v1.0 H2U Lab).pdf,COMPANIES/CaliCat (H2U)/10_Technical_and_Diligence/22-0729_JN2202 ASR_1(v1.0 H2U Lab)__F01500.pdf,PLACED,10 Technical & Diligence,True,moved,True
F01501,CaliCat (H2U),2022 H2U Data Room B2 (A+ Round)/Finance/Oct 2022/Lab Upfit/Inv_220206_from_GP_Architecture_Inc._23564.pdf,COMPANIES/CaliCat (H2U)/10_Technical_and_Diligence/Inv_220206_from_GP_Architecture_Inc._23564__F01501.pdf,PLACED,10 Technical & Diligence,False,moved,True
F01502,CaliCat (H2U),2022 H2U Data Room B2 (A+ Round)/Finance/Oct 2022/Sequoia/FC11501.pdf,COMPANIES/CaliCat (H2U)/10_Technical_and_Diligence/FC11501.pdf,PLACED,10 Technical & Diligence,False,moved,True
F01503,CaliCat (H2U),"2022 H2U Data Room B2 (A+ Round)/Finance/Oct 2022/Sequoia/GDE, Fuel cell store.pdf","COMPANIES/CaliCat (H2U)/10_Technical_and_Diligence/GDE, Fuel cell store.pdf",PLACED,10 Technical & Diligence,False,moved,True
F01504,CaliCat (H2U),2022 H2U Data Room B2 (A+ Round)/Finance/Oct 2022/Sequoia/H2U Technologies - CIP - Sequoia Transactions[158].xls,COMPANIES/CaliCat (H2U)/10_Technical_and_Diligence/H2U Technologies - CIP - Sequoia Transactions[158].xls,PLACED,10 Technical & Diligence,False,moved,True
F01505,CaliCat (H2U),2022 H2U Data Room B2 (A+ Round)/Finance/Oct 2022/Sequoia/Inv_265287_from_EBusiness_International_Inc._44480.pdf,COMPANIES/CaliCat (H2U)/10_Technical_and_Diligence/Inv_265287_from_EBusiness_International_Inc._44480.pdf,PLACED,10 Technical & Diligence,False,moved,True
F01506,CaliCat (H2U),2022 H2U Data Room B2 (A+ Round)/Finance/Oct 2022/Sequoia/Inv_265390_from_EBusiness_International_Inc._3044.pdf,COMPANIES/CaliCat (H2U)/10_Technical_and_Diligence/Inv_265390_from_EBusiness_International_Inc._3044.pdf,PLACED,10 Technical & Diligence,False,moved,True
F01507,CaliCat (H2U),2022 H2U Data Room B2 (A+ Round)/Finance/Oct 2022/Sequoia/Pavel Water Filtration ck#1061.PDF,COMPANIES/CaliCat (H2U)/10_Technical_and_Diligence/Pavel Water Filtration ck_1061.PDF,PLACED,10 Technical & Diligence,True,moved,True
F01508,CaliCat (H2U),2022 H2U Data Room B2 (A+ Round)/Finance/Oct 2022/Sequoia/Quote for GDE.pdf,COMPANIES/CaliCat (H2U)/10_Technical_and_Diligence/Quote for GDE.pdf,PLACED,10 Technical & Diligence,False,moved,True
F01509,CaliCat (H2U),2022 H2U Data Room B2 (A+ Round)/Finance/Oct 2022/Sequoia/Quote for PTFF.pdf,COMPANIES/CaliCat (H2U)/10_Technical_and_Diligence/Quote for PTFF.pdf,PLACED,10 Technical & Diligence,False,moved,True
F01510,CaliCat (H2U),2022 H2U Data Room B2 (A+ Round)/Finance/Oct 2022/Sequoia/Quote_8573_from_ION_POWER_INC.pdf,COMPANIES/CaliCat (H2U)/10_Technical_and_Diligence/Quote_8573_from_ION_POWER_INC.pdf,PLACED,10 Technical & Diligence,False,moved,True
F01511,CaliCat (H2U),2022 H2U Data Room B2 (A+ Round)/Finance/Oct 2022/Sequoia/SScan22100714230.pdf,COMPANIES/CaliCat (H2U)/10_Technical_and_Diligence/SScan22100714230__F01511.pdf,PLACED,10 Technical & Diligence,False,moved,True
F01512,CaliCat (H2U),2022 H2U Data Room B2 (A+ Round)/Finance/SVB/Bank Depositor Agreement.pdf,COMPANIES/CaliCat (H2U)/10_Technical_and_Diligence/Bank Depositor Agreement.pdf,PLACED,10 Technical & Diligence,False,moved,True
F01513,CaliCat (H2U),2022 H2U Data Room B2 (A+ Round)/Finance/SVB/Deposit Agreement and Disclosure Statement 5-31-20.pdf,COMPANIES/CaliCat (H2U)/10_Technical_and_Diligence/Deposit Agreement and Disclosure Statement 5-31-20.pdf,PLACED,10 Technical & Diligence,False,moved,True
F01514,CaliCat (H2U),2022 H2U Data Room B2 (A+ Round)/Finance/SVB/Depositor_Agreement_Business_2_page.pdf,COMPANIES/CaliCat (H2U)/10_Technical_and_Diligence/Depositor_Agreement_Business_2_page.pdf,PLACED,10 Technical & Diligence,False,moved,True
F01515,CaliCat (H2U),2022 H2U Data Room B2 (A+ Round)/Finance/SVB/Innovators Card Agreement.pdf,COMPANIES/CaliCat (H2U)/10_Technical_and_Diligence/Innovators Card Agreement.pdf,PLACED,10 Technical & Diligence,False,moved,True
F01516,CaliCat (H2U),2022 H2U Data Room B2 (A+ Round)/Finance/SVB/Innovators_Card_Application_Form.pdf,COMPANIES/CaliCat (H2U)/10_Technical_and_Diligence/Innovators_Card_Application_Form.pdf,PLACED,10 Technical & Diligence,False,moved,True
F01517,CaliCat (H2U),2022 H2U Data Room B2 (A+ Round)/Finance/SVB/Instructions For Signing DocuSign Forms.pdf,COMPANIES/CaliCat (H2U)/10_Technical_and_Diligence/Instructions For Signing DocuSign Forms.pdf,PLACED,10 Technical & Diligence,False,moved,True
F01518,CaliCat (H2U),2022 H2U Data Room B2 (A+ Round)/Finance/SVB/SVB - H2U TECHNOLOGIES_ INC_ - Welcome Call Follow Up.msg,COMPANIES/CaliCat (H2U)/10_Technical_and_Diligence/SVB - H2U TECHNOLOGIES_ INC_ - Welcome Call Follow Up.msg,PLACED,10 Technical & Diligence,False,moved,True
F01519,CaliCat (H2U),2022 H2U Data Room B2 (A+ Round)/Finance/SVB/SVB - H2U Technologies_ Inc_ - Account Inquires - Welcome Call .msg,COMPANIES/CaliCat (H2U)/10_Technical_and_Diligence/SVB - H2U Technologies_ Inc_ - Account Inquires - Welcome Call.msg,PLACED,10 Technical & Diligence,True,moved,True
F01520,CaliCat (H2U),2022 H2U Data Room B2 (A+ Round)/Finance/SVB/SVB_Go_Online_Banking_Enrollment.pdf,COMPANIES/CaliCat (H2U)/10_Technical_and_Diligence/SVB_Go_Online_Banking_Enrollment.pdf,PLACED,10 Technical & Diligence,False,moved,True
F01521,CaliCat (H2U),2022 H2U Data Room B2 (A+ Round)/Finance/SVB/StartUp_MMA (1).pdf,COMPANIES/CaliCat (H2U)/10_Technical_and_Diligence/StartUp_MMA (1).pdf,PLACED,10 Technical & Diligence,False,moved,True
F01522,CaliCat (H2U),2022 H2U Data Room B2 (A+ Round)/Finance/SVB/svb-startup-banking-overview.pdf,COMPANIES/CaliCat (H2U)/10_Technical_and_Diligence/svb-startup-banking-overview.pdf,PLACED,10 Technical & Diligence,False,moved,True
F01523,CaliCat (H2U),2022 H2U Data Room B2 (A+ Round)/Finance/Sep 2022/Brex_Transactions_2022-10-04_065104_PM.xlsx,COMPANIES/CaliCat (H2U)/10_Technical_and_Diligence/Brex_Transactions_2022-10-04_065104_PM.xlsx,PLACED,10 Technical & Diligence,False,moved,True
F01524,CaliCat (H2U),2022 H2U Data Room B2 (A+ Round)/Finance/Sep 2022/H2U 2022 FA.xlsx,COMPANIES/CaliCat (H2U)/10_Technical_and_Diligence/H2U 2022 FA__F01524.xlsx,PLACED,10 Technical & Diligence,False,moved,True
F01525,CaliCat (H2U),2022 H2U Data Room B2 (A+ Round)/Finance/Sep 2022/H2U Technologies - FS September 2022.xlsx,COMPANIES/CaliCat (H2U)/10_Technical_and_Diligence/H2U Technologies - FS September 2022.xlsx,PLACED,10 Technical & Diligence,False,moved,True
F01526,CaliCat (H2U),2022 H2U Data Room B2 (A+ Round)/Finance/Sep 2022/Lab Equipment/6652.pdf,COMPANIES/CaliCat (H2U)/10_Technical_and_Diligence/6652.pdf,PLACED,10 Technical & Diligence,False,moved,True
F01527,CaliCat (H2U),2022 H2U Data Room B2 (A+ Round)/Finance/Sep 2022/Lab Equipment/Inv_6637_from_PRECISION_WELDING__FABRICATION_72140.pdf,COMPANIES/CaliCat (H2U)/10_Technical_and_Diligence/Inv_6637_from_PRECISION_WELDING__FABRICATION_72140.pdf,PLACED,10 Technical & Diligence,False,moved,True
F01528,CaliCat (H2U),2022 H2U Data Room B2 (A+ Round)/Forms/2022-590 signed.pdf,COMPANIES/CaliCat (H2U)/10_Technical_and_Diligence/2022-590 signed.pdf,PLACED,10 Technical & Diligence,False,moved,True
F01529,CaliCat (H2U),2022 H2U Data Room B2 (A+ Round)/Forms/2022-590.pdf,COMPANIES/CaliCat (H2U)/14_Historical_Superseded/2022-590.pdf,SUPERSEDED,14 Historical / Superseded,False,moved,True
F01530,CaliCat (H2U),2022 H2U Data Room B2 (A+ Round)/Forms/211207 De Nora Invoice.xlsx,COMPANIES/CaliCat (H2U)/10_Technical_and_Diligence/211207 De Nora Invoice__F01530.xlsx,PLACED,10 Technical & Diligence,False,moved,True
F01531,CaliCat (H2U),2022 H2U Data Room B2 (A+ Round)/Forms/H2U Business Development tracker.xlsx,COMPANIES/CaliCat (H2U)/10_Technical_and_Diligence/H2U Business Development tracker.xlsx,PLACED,10 Technical & Diligence,False,moved,True
F01532,CaliCat (H2U),2022 H2U Data Room B2 (A+ Round)/Forms/H2U Consulting Agreement 030422.docx,COMPANIES/CaliCat (H2U)/10_Technical_and_Diligence/H2U Consulting Agreement 030422__F01532.docx,PLACED,10 Technical & Diligence,False,moved,True
F01533,CaliCat (H2U),2022 H2U Data Room B2 (A+ Round)/Forms/H2U Consulting Agreement Erik Severin.docx,COMPANIES/CaliCat (H2U)/10_Technical_and_Diligence/H2U Consulting Agreement Erik Severin__F01533.docx,PLACED,10 Technical & Diligence,False,moved,True
F01534,CaliCat (H2U),2022 H2U Data Room B2 (A+ Round)/Forms/H2U Exp Report.xlsx,COMPANIES/CaliCat (H2U)/10_Technical_and_Diligence/H2U Exp Report.xlsx,PLACED,10 Technical & Diligence,False,moved,True
F01535,CaliCat (H2U),2022 H2U Data Room B2 (A+ Round)/Forms/H2U Letterhead.docx,COMPANIES/CaliCat (H2U)/10_Technical_and_Diligence/H2U Letterhead.docx,PLACED,10 Technical & Diligence,False,moved,True
F01536,CaliCat (H2U),2022 H2U Data Room B2 (A+ Round)/Forms/H2U PO 100522.pdf,COMPANIES/CaliCat (H2U)/14_Historical_Superseded/H2U PO 100522.pdf,SUPERSEDED,14 Historical / Superseded,False,moved,True
F01537,CaliCat (H2U),2022 H2U Data Room B2 (A+ Round)/Forms/H2U PO 100522.xlsx,COMPANIES/CaliCat (H2U)/10_Technical_and_Diligence/H2U PO 100522.xlsx,PLACED,10 Technical & Diligence,False,moved,True
F01538,CaliCat (H2U),2022 H2U Data Room B2 (A+ Round)/Forms/H2U PO 100622.pdf,COMPANIES/CaliCat (H2U)/14_Historical_Superseded/H2U PO 100622.pdf,SUPERSEDED,14 Historical / Superseded,False,moved,True
F01539,CaliCat (H2U),2022 H2U Data Room B2 (A+ Round)/Forms/H2U PO 100622.xlsx,COMPANIES/CaliCat (H2U)/10_Technical_and_Diligence/H2U PO 100622.xlsx,PLACED,10 Technical & Diligence,False,moved,True
F01540,CaliCat (H2U),2022 H2U Data Room B2 (A+ Round)/Forms/H2U PO 121922.pdf,COMPANIES/CaliCat (H2U)/14_Historical_Superseded/H2U PO 121922.pdf,SUPERSEDED,14 Historical / Superseded,False,moved,True
F01541,CaliCat (H2U),2022 H2U Data Room B2 (A+ Round)/Forms/H2U PO 121922.xlsx,COMPANIES/CaliCat (H2U)/10_Technical_and_Diligence/H2U PO 121922.xlsx,PLACED,10 Technical & Diligence,False,moved,True
F01542,CaliCat (H2U),2022 H2U Data Room B2 (A+ Round)/Forms/H2U PO.xlsx,COMPANIES/CaliCat (H2U)/10_Technical_and_Diligence/H2U PO.xlsx,PLACED,10 Technical & Diligence,False,moved,True
F01543,CaliCat (H2U),2022 H2U Data Room B2 (A+ Round)/Forms/H2U Series B Contact list.xlsx,COMPANIES/CaliCat (H2U)/10_Technical_and_Diligence/H2U Series B Contact list.xlsx,PLACED,10 Technical & Diligence,False,moved,True
F01544,CaliCat (H2U),2022 H2U Data Room B2 (A+ Round)/Forms/Invoice Sam Stephen H2U 230131.xlsx,COMPANIES/CaliCat (H2U)/10_Technical_and_Diligence/Invoice Sam Stephen H2U 230131.xlsx,PLACED,10 Technical & Diligence,False,moved,True
F01545,CaliCat (H2U),2022 H2U Data Room B2 (A+ Round)/Forms/NDA (Form - One way).docx,COMPANIES/CaliCat (H2U)/10_Technical_and_Diligence/NDA (Form - One way).docx,PLACED,10 Technical & Diligence,False,moved,True
F01546,CaliCat (H2U),2022 H2U Data Room B2 (A+ Round)/Forms/NDA Enel-H2U CLEAN for signing.docx,COMPANIES/CaliCat (H2U)/10_Technical_and_Diligence/NDA Enel-H2U CLEAN for signing.docx,PLACED,10 Technical & Diligence,False,moved,True
F01547,CaliCat (H2U),2022 H2U Data Room B2 (A+ Round)/Forms/Offer Letter (form) 2021-02-08 v1 (employees - options).docx,COMPANIES/CaliCat (H2U)/10_Technical_and_Diligence/Offer Letter (form) 2021-02-08 v1 (employees - options).docx,PLACED,10 Technical & Diligence,False,moved,True
F01548,CaliCat (H2U),2022 H2U Data Room B2 (A+ Round)/Forms/Offer Letter - Att. A - Confidentiality Agt. 2020-10-05 v1 (Caltech).docx,COMPANIES/CaliCat (H2U)/10_Technical_and_Diligence/Offer Letter - Att. A - Confidentiality Agt. 2020-10-05 v1 (Caltech).docx,PLACED,10 Technical & Diligence,False,moved,True
F01549,CaliCat (H2U),2022 H2U Data Room B2 (A+ Round)/Forms/Offer Letter - Att. A - Confidentiality Agt. 2020-10-05 v1 (NON-Caltech).docx,COMPANIES/CaliCat (H2U)/10_Technical_and_Diligence/Offer Letter - Att. A - Confidentiality Agt. 2020-10-05 v1 (NON-Caltech).docx,PLACED,10 Technical & Diligence,False,moved,True
F01550,CaliCat (H2U),2022 H2U Data Room B2 (A+ Round)/Forms/Payment Authorization.pdf,COMPANIES/CaliCat (H2U)/10_Technical_and_Diligence/Payment Authorization.pdf,PLACED,10 Technical & Diligence,False,moved,True
F01551,CaliCat (H2U),2022 H2U Data Room B2 (A+ Round)/Forms/Short Form Consulting Agreement.doc,COMPANIES/CaliCat (H2U)/10_Technical_and_Diligence/Short Form Consulting Agreement.doc,PLACED,10 Technical & Diligence,False,moved,True
F01552,CaliCat (H2U),2022 H2U Data Room B2 (A+ Round)/Forms/fw9 H2U.pdf,COMPANIES/CaliCat (H2U)/10_Technical_and_Diligence/fw9 H2U.pdf,PLACED,10 Technical & Diligence,False,moved,True
F01553,CaliCat (H2U),2022 H2U Data Room B2 (A+ Round)/Forms/fw9 H2U1.pdf,COMPANIES/CaliCat (H2U)/10_Technical_and_Diligence/fw9 H2U1.pdf,PLACED,10 Technical & Diligence,False,moved,True
F01554,CaliCat (H2U),2022 H2U Data Room B2 (A+ Round)/Forms/fw9 H2U2.pdf,COMPANIES/CaliCat (H2U)/10_Technical_and_Diligence/fw9 H2U2__F01554.pdf,PLACED,10 Technical & Diligence,False,moved,True
F01555,CaliCat (H2U),2022 H2U Data Room B2 (A+ Round)/HR/2022 Paid Holiday Schedule.pptx,COMPANIES/CaliCat (H2U)/14_Historical_Superseded/2022 Paid Holiday Schedule.pptx,SUPERSEDED,14 Historical / Superseded,False,moved,True
F01556,CaliCat (H2U),2022 H2U Data Room B2 (A+ Round)/HR/2023 Paid Holiday Schedule.pptx,COMPANIES/CaliCat (H2U)/10_Technical_and_Diligence/2023 Paid Holiday Schedule.pptx,PLACED,10 Technical & Diligence,False,moved,True
F01557,CaliCat (H2U),2022 H2U Data Room B2 (A+ Round)/HR/Current employee and 1099 list.xlsx,COMPANIES/CaliCat (H2U)/10_Technical_and_Diligence/Current employee and 1099 list.xlsx,PLACED,10 Technical & Diligence,False,moved,True
F01558,CaliCat (H2U),2022 H2U Data Room B2 (A+ Round)/HR/Gusto employee and IC 2022-2023.xlsx,COMPANIES/CaliCat (H2U)/10_Technical_and_Diligence/Gusto employee and IC 2022-2023.xlsx,PLACED,10 Technical & Diligence,False,moved,True
F01559,CaliCat (H2U),2022 H2U Data Room B2 (A+ Round)/HR/Org Chart - 12-31-22.pptx,COMPANIES/CaliCat (H2U)/10_Technical_and_Diligence/Org Chart - 12-31-22.pptx,PLACED,10 Technical & Diligence,False,moved,True
F01560,CaliCat (H2U),2022 H2U Data Room B2 (A+ Round)/HR/Org Chart 5.20.22.pdf,COMPANIES/CaliCat (H2U)/10_Technical_and_Diligence/Org Chart 5.20.22.pdf,PLACED,10 Technical & Diligence,False,moved,True
F01561,CaliCat (H2U),2022 H2U Data Room B2 (A+ Round)/HR/Updated Approval Matrix.msg,COMPANIES/CaliCat (H2U)/10_Technical_and_Diligence/Updated Approval Matrix.msg,PLACED,10 Technical & Diligence,False,moved,True
F01562,CaliCat (H2U),2022 H2U Data Room B2 (A+ Round)/HR/payroll_data_export_h2u-technologies-inc_2022.xlsx,COMPANIES/CaliCat (H2U)/10_Technical_and_Diligence/payroll_data_export_h2u-technologies-inc_2022.xlsx,PLACED,10 Technical & Diligence,False,moved,True
F01563,CaliCat (H2U),2022 H2U Data Room B2 (A+ Round)/HR/signature authority.msg,COMPANIES/CaliCat (H2U)/10_Technical_and_Diligence/signature authority.msg,PLACED,10 Technical & Diligence,False,moved,True
F01564,CaliCat (H2U),2022 H2U Data Room B2 (A+ Round)/HR/2020-2021/83bs/83b election - signed and sent 2020  S Ryu.docx,COMPANIES/CaliCat (H2U)/10_Technical_and_Diligence/83b election - signed and sent 2020 S Ryu.docx,PLACED,10 Technical & Diligence,True,moved,True
F01565,CaliCat (H2U),2022 H2U Data Room B2 (A+ Round)/HR/2020-2021/83bs/83b election - signed and sent 2020.docx,COMPANIES/CaliCat (H2U)/10_Technical_and_Diligence/83b election - signed and sent 2020.docx,PLACED,10 Technical & Diligence,False,moved,True
F01566,CaliCat (H2U),2022 H2U Data Room B2 (A+ Round)/HR/2020-2021/83bs/DISANTO 83b submission H2U.jpg,COMPANIES/CaliCat (H2U)/10_Technical_and_Diligence/DISANTO 83b submission H2U.jpg,PLACED,10 Technical & Diligence,False,moved,True
F01567,CaliCat (H2U),2022 H2U Data Room B2 (A+ Round)/HR/2020-2021/83bs/DiSanto H2U 83b filing ack from IRS.jpg,COMPANIES/CaliCat (H2U)/10_Technical_and_Diligence/DiSanto H2U 83b filing ack from IRS.jpg,PLACED,10 Technical & Diligence,False,moved,True
F01568,CaliCat (H2U),2022 H2U Data Room B2 (A+ Round)/HR/2020-2021/83bs/H2U IRS Form 83b signed accepted 11-2020 LEWKE.pdf,COMPANIES/CaliCat (H2U)/10_Technical_and_Diligence/H2U IRS Form 83b signed accepted 11-2020 LEWKE.pdf,PLACED,10 Technical & Diligence,False,moved,True
F01569,CaliCat (H2U),2022 H2U Data Room B2 (A+ Round)/HR/2020-2021/83bs/H2U IRS Form 83b signed accepted 11-2020.pdf,COMPANIES/CaliCat (H2U)/10_Technical_and_Diligence/H2U IRS Form 83b signed accepted 11-2020.pdf,PLACED,10 Technical & Diligence,False,moved,True
F01570,CaliCat (H2U),2022 H2U Data Room B2 (A+ Round)/HR/2020-2021/83bs/LZhou_signed83b.pdf,COMPANIES/CaliCat (H2U)/10_Technical_and_Diligence/LZhou_signed83b.pdf,PLACED,10 Technical & Diligence,False,moved,True
F01571,CaliCat (H2U),2022 H2U Data Room B2 (A+ Round)/HR/2020-2021/83bs/MOTUS VENTURES H2U 83b submission.jpg,COMPANIES/CaliCat (H2U)/10_Technical_and_Diligence/MOTUS VENTURES H2U 83b submission.jpg,PLACED,10 Technical & Diligence,False,moved,True
F01572,CaliCat (H2U),2022 H2U Data Room B2 (A+ Round)/HR/2020-2021/83bs/duterme 83b (2).jpg,COMPANIES/CaliCat (H2U)/10_Technical_and_Diligence/duterme 83b (2).jpg,PLACED,10 Technical & Diligence,False,moved,True
F01573,CaliCat (H2U),2022 H2U Data Room B2 (A+ Round)/HR/2020-2021/83bs/duterme 83b.jpg,COMPANIES/CaliCat (H2U)/14_Historical_Superseded/duterme 83b.jpg,SUPERSEDED,14 Historical / Superseded,False,moved,True
F01574,CaliCat (H2U),2022 H2U Data Room B2 (A+ Round)/HR/2020-2021/83bs/h2u - 83b election - irs confirmation Nitin Vaish.pdf,COMPANIES/CaliCat (H2U)/10_Technical_and_Diligence/h2u - 83b election - irs confirmation Nitin Vaish.pdf,PLACED,10 Technical & Diligence,False,moved,True
F01575,CaliCat (H2U),2022 H2U Data Room B2 (A+ Round)/HR/2020-2021/83bs/jianjin-83b-p1.jpg,COMPANIES/CaliCat (H2U)/10_Technical_and_Diligence/jianjin-83b-p1.jpg,PLACED,10 Technical & Diligence,False,moved,True
F01576,CaliCat (H2U),2022 H2U Data Room B2 (A+ Round)/HR/2020-2021/83bs/jianjin-83b-p2.jpg,COMPANIES/CaliCat (H2U)/10_Technical_and_Diligence/jianjin-83b-p2.jpg,PLACED,10 Technical & Diligence,False,moved,True
F01577,CaliCat (H2U),2022 H2U Data Room B2 (A+ Round)/HR/2020-2021/83bs/nates83belectionform.zip,COMPANIES/CaliCat (H2U)/10_Technical_and_Diligence/nates83belectionform.zip,PLACED,10 Technical & Diligence,False,moved,True
F01578,CaliCat (H2U),2022 H2U Data Room B2 (A+ Round)/HR/2020-2021/Advisors/H2U Advisory Board Member Agreement - CLEAN.docx,COMPANIES/CaliCat (H2U)/10_Technical_and_Diligence/H2U Advisory Board Member Agreement - CLEAN.docx,PLACED,10 Technical & Diligence,False,moved,True
F01579,CaliCat (H2U),2022 H2U Data Room B2 (A+ Round)/HR/2020-2021/Advisors/H2U Advisory Board Member Agreement v2 RED.docx,COMPANIES/CaliCat (H2U)/10_Technical_and_Diligence/H2U Advisory Board Member Agreement v2 RED.docx,PLACED,10 Technical & Diligence,False,moved,True
F01580,CaliCat (H2U),2022 H2U Data Room B2 (A+ Round)/HR/2020-2021/Advisors/Sean Ryu/83b election H2U Willow.docx,COMPANIES/CaliCat (H2U)/10_Technical_and_Diligence/83b election H2U Willow.docx,PLACED,10 Technical & Diligence,False,moved,True
F01581,CaliCat (H2U),2022 H2U Data Room B2 (A+ Round)/HR/2020-2021/Advisors/Sean Ryu/H2U Advisory Board Member Agreement - CLEAN.docx,COMPANIES/CaliCat (H2U)/10_Technical_and_Diligence/H2U Advisory Board Member Agreement - CLEAN__F01581.docx,PLACED,10 Technical & Diligence,False,moved,True
F01582,CaliCat (H2U),2022 H2U Data Room B2 (A+ Round)/HR/2020-2021/Advisors/Sean Ryu/H2U Board Advisory Agreement_Signed.pdf,COMPANIES/CaliCat (H2U)/10_Technical_and_Diligence/H2U Board Advisory Agreement_Signed.pdf,PLACED,10 Technical & Diligence,False,moved,True
F01583,CaliCat (H2U),2022 H2U Data Room B2 (A+ Round)/HR/2020-2021/Advisors/Sean Ryu/H2U RSPA Willow Ventures LLC CLEAN.docx,COMPANIES/CaliCat (H2U)/14_Historical_Superseded/H2U RSPA Willow Ventures LLC CLEAN.docx,SUPERSEDED,14 Historical / Superseded,False,moved,True
F01584,CaliCat (H2U),2022 H2U Data Room B2 (A+ Round)/HR/2020-2021/Advisors/Sean Ryu/H2U RSPA Willow Ventures LLC CLEAN.pdf,COMPANIES/CaliCat (H2U)/10_Technical_and_Diligence/H2U RSPA Willow Ventures LLC CLEAN.pdf,PLACED,10 Technical & Diligence,False,moved,True
F01585,CaliCat (H2U),2022 H2U Data Room B2 (A+ Round)/HR/2020-2021/Advisors/Sean Ryu/Ltr to IRS 83b election.docx,COMPANIES/CaliCat (H2U)/10_Technical_and_Diligence/Ltr to IRS 83b election.docx,PLACED,10 Technical & Diligence,False,moved,True
F01586,CaliCat (H2U),2022 H2U Data Room B2 (A+ Round)/HR/2020-2021/Advisors/Sean Ryu/Scan_SPA_SignaturePages Willow RSPA.pdf,COMPANIES/CaliCat (H2U)/10_Technical_and_Diligence/Scan_SPA_SignaturePages Willow RSPA.pdf,PLACED,10 Technical & Diligence,False,moved,True
F01587,CaliCat (H2U),2022 H2U Data Room B2 (A+ Round)/HR/2020-2021/Advisors/Sean Ryu/Scan_SPA_SignaturePages.pdf,COMPANIES/CaliCat (H2U)/10_Technical_and_Diligence/Scan_SPA_SignaturePages.pdf,PLACED,10 Technical & Diligence,False,moved,True
F01588,CaliCat (H2U),2022 H2U Data Room B2 (A+ Round)/HR/2020-2021/Advisors/Sean Ryu/Sean Ryu full advisor agreement w signatures.pdf,COMPANIES/CaliCat (H2U)/10_Technical_and_Diligence/Sean Ryu full advisor agreement w signatures.pdf,PLACED,10 Technical & Diligence,False,moved,True
F01589,CaliCat (H2U),2022 H2U Data Room B2 (A+ Round)/HR/2020-2021/Board members/Tom Werner/Board Appt Letter T Werner - signed.pdf,COMPANIES/CaliCat (H2U)/06_Board_and_Governance/Board Appt Letter T Werner - signed__F01589.pdf,PLACED,06 Board & Governance,False,moved,True
F01590,CaliCat (H2U),2022 H2U Data Room B2 (A+ Round)/HR/2020-2021/Board members/Tom Werner/H2U Board Appointment Letter_Tom Werner (1).doc,COMPANIES/CaliCat (H2U)/06_Board_and_Governance/H2U Board Appointment Letter_Tom Werner (1)__F01590.doc,PLACED,06 Board & Governance,False,moved,True
F01591,CaliCat (H2U),2022 H2U Data Room B2 (A+ Round)/HR/2020-2021/Board members/Tom Werner/H2U Board Appointment Letter_Tom Werner.DOC,COMPANIES/CaliCat (H2U)/14_Historical_Superseded/H2U Board Appointment Letter_Tom Werner__F01591.DOC,SUPERSEDED,14 Historical / Superseded,False,moved,True
F01592,CaliCat (H2U),2022 H2U Data Room B2 (A+ Round)/HR/2020-2021/Board members/Tom Werner/H2U Board Appointment Letter_Tom Werner.pdf,COMPANIES/CaliCat (H2U)/14_Historical_Superseded/H2U Board Appointment Letter_Tom Werner__F01592.pdf,SUPERSEDED,14 Historical / Superseded,False,moved,True
F01593,CaliCat (H2U),2022 H2U Data Room B2 (A+ Round)/HR/2020-2021/Board members/Tom Werner/H2U RSPA - Tom Werner (Cooley Comments 6-15-2021) (1).docx,COMPANIES/CaliCat (H2U)/14_Historical_Superseded/H2U RSPA - Tom Werner (Cooley Comments 6-15-2021) (1)__F01593.docx,SUPERSEDED,14 Historical / Superseded,False,moved,True
F01594,CaliCat (H2U),2022 H2U Data Room B2 (A+ Round)/HR/2020-2021/Board members/Tom Werner/H2U RSPA - Tom Werner (Cooley Comments 6-15-2021) v2 (Redline).pdf,COMPANIES/CaliCat (H2U)/06_Board_and_Governance/H2U RSPA - Tom Werner (Cooley Comments 6-15-2021) v2 (Redline)__F01594.pdf,PLACED,06 Board & Governance,False,moved,True
F01595,CaliCat (H2U),2022 H2U Data Room B2 (A+ Round)/HR/2020-2021/Board members/Tom Werner/H2U RSPA - Tom Werner (Cooley Comments 6-15-2021).docx,COMPANIES/CaliCat (H2U)/14_Historical_Superseded/H2U RSPA - Tom Werner (Cooley Comments 6-15-2021)__F01595.docx,SUPERSEDED,14 Historical / Superseded,False,moved,True
F01596,CaliCat (H2U),2022 H2U Data Room B2 (A+ Round)/HR/2020-2021/Board members/Tom Werner/H2U RSPA - Tom Werner Final.pdf,COMPANIES/CaliCat (H2U)/06_Board_and_Governance/H2U RSPA - Tom Werner Final__F01596.pdf,PLACED,06 Board & Governance,False,moved,True
F01597,CaliCat (H2U),2022 H2U Data Room B2 (A+ Round)/HR/2020-2021/Board members/Tom Werner/Indemnification Agreement.doc,COMPANIES/CaliCat (H2U)/14_Historical_Superseded/Indemnification Agreement__F01597.doc,SUPERSEDED,14 Historical / Superseded,False,moved,True
F01598,CaliCat (H2U),2022 H2U Data Room B2 (A+ Round)/HR/2020-2021/Board members/Tom Werner/Indemnification Agreement.pdf,COMPANIES/CaliCat (H2U)/06_Board_and_Governance/Indemnification Agreement__F01598.pdf,PLACED,06 Board & Governance,False,moved,True
F01599,CaliCat (H2U),2022 H2U Data Room B2 (A+ Round)/HR/2020-2021/Board members/Tom Werner/SOP 2 -  Stock Option Grant Notice 2021 June Tom Werner.docx,COMPANIES/CaliCat (H2U)/06_Board_and_Governance/SOP 2 - Stock Option Grant Notice 2021 June Tom Werner__F01599.docx,PLACED,06 Board & Governance,True,moved,True
F01600,CaliCat (H2U),2022 H2U Data Room B2 (A+ Round)/HR/2020-2021/Board members/Tom Werner/SOP 5 - Exercise Notice 2021-02-01 v1 Tom Werner.docx,COMPANIES/CaliCat (H2U)/06_Board_and_Governance/SOP 5 - Exercise Notice 2021-02-01 v1 Tom Werner__F01600.docx,PLACED,06 Board & Governance,False,moved,True
F01601,CaliCat (H2U),2022 H2U Data Room B2 (A+ Round)/HR/2020-2021/Board members/Tom Werner/SOP 6 - SH Consent 2020-11-20  (option plan) v1-signed.pdf,COMPANIES/CaliCat (H2U)/06_Board_and_Governance/SOP 6 - SH Consent 2020-11-20 (option plan) v1-signed__F01601.pdf,PLACED,06 Board & Governance,True,moved,True
F01602,CaliCat (H2U),2022 H2U Data Room B2 (A+ Round)/HR/2020-2021/Board members/Tom Werner/SOP 7 - Board Consent 2021 June Tom Werner Restricted Share Grant.docx,COMPANIES/CaliCat (H2U)/14_Historical_Superseded/SOP 7 - Board Consent 2021 June Tom Werner Restricted Share Grant__F01602.docx,SUPERSEDED,14 Historical / Superseded,False,moved,True
F01603,CaliCat (H2U),2022 H2U Data Room B2 (A+ Round)/HR/2020-2021/Board members/Tom Werner/SOP 7 - Board Consent 2021 June Tom Werner Restricted Share Grant.pdf,COMPANIES/CaliCat (H2U)/06_Board_and_Governance/SOP 7 - Board Consent 2021 June Tom Werner Restricted Share Grant__F01603.pdf,PLACED,06 Board & Governance,False,moved,True
F01604,CaliCat (H2U),2022 H2U Data Room B2 (A+ Round)/HR/2020-2021/Board members/Tom Werner/Stock Option Agreement Tom Werner.docx,COMPANIES/CaliCat (H2U)/06_Board_and_Governance/Stock Option Agreement Tom Werner__F01604.docx,PLACED,06 Board & Governance,False,moved,True
F01605,CaliCat (H2U),2022 H2U Data Room B2 (A+ Round)/HR/2020-2021/Board members/Tom Werner/pymt receipt for 75K RSUs.pdf,COMPANIES/CaliCat (H2U)/06_Board_and_Governance/pymt receipt for 75K RSUs.pdf,PLACED,06 Board & Governance,False,moved,True
F01606,CaliCat (H2U),2022 H2U Data Room B2 (A+ Round)/HR/2020-2021/Board members/Tom Werner/signed docs/Board Appt Letter T Werner - signed.pdf,COMPANIES/CaliCat (H2U)/06_Board_and_Governance/Board Appt Letter T Werner - signed__F01606.pdf,PLACED,06 Board & Governance,False,moved,True
F01607,CaliCat (H2U),2022 H2U Data Room B2 (A+ Round)/HR/2020-2021/Board members/Tom Werner/signed docs/H2U Appt Ltr Tom Werner - signed.jpg,COMPANIES/CaliCat (H2U)/06_Board_and_Governance/H2U Appt Ltr Tom Werner - signed__F01607.jpg,PLACED,06 Board & Governance,False,moved,True
F01608,CaliCat (H2U),2022 H2U Data Room B2 (A+ Round)/HR/2020-2021/Board members/Tom Werner/signed docs/H2U EXHIBIT A VOID.jpeg,COMPANIES/CaliCat (H2U)/06_Board_and_Governance/H2U EXHIBIT A VOID__F01608.jpeg,PLACED,06 Board & Governance,False,moved,True
F01609,CaliCat (H2U),2022 H2U Data Room B2 (A+ Round)/HR/2020-2021/Board members/Tom Werner/signed docs/H2U EXHIBIT A.jpeg,COMPANIES/CaliCat (H2U)/06_Board_and_Governance/H2U EXHIBIT A__F01609.jpeg,PLACED,06 Board & Governance,False,moved,True
F01610,CaliCat (H2U),2022 H2U Data Room B2 (A+ Round)/HR/2020-2021/Board members/Tom Werner/signed docs/H2U Idemnification pg 1.jpeg,COMPANIES/CaliCat (H2U)/06_Board_and_Governance/H2U Idemnification pg 1__F01610.jpeg,PLACED,06 Board & Governance,False,moved,True
F01611,CaliCat (H2U),2022 H2U Data Room B2 (A+ Round)/HR/2020-2021/Board members/Tom Werner/signed docs/H2U Idemnification pg.2.jpeg,COMPANIES/CaliCat (H2U)/06_Board_and_Governance/H2U Idemnification pg.2__F01611.jpeg,PLACED,06 Board & Governance,False,moved,True
F01612,CaliCat (H2U),2022 H2U Data Room B2 (A+ Round)/HR/2020-2021/Board members/Tom Werner/signed docs/H2U OFFER COVER.jpeg,COMPANIES/CaliCat (H2U)/06_Board_and_Governance/H2U OFFER COVER__F01612.jpeg,PLACED,06 Board & Governance,False,moved,True
F01613,CaliCat (H2U),2022 H2U Data Room B2 (A+ Round)/HR/2020-2021/Board members/Tom Werner/signed docs/H2U OFFER SIGNATURE.jpeg,COMPANIES/CaliCat (H2U)/06_Board_and_Governance/H2U OFFER SIGNATURE__F01613.jpeg,PLACED,06 Board & Governance,False,moved,True
F01614,CaliCat (H2U),"2022 H2U Data Room B2 (A+ Round)/HR/2020-2021/Board members/Tom Werner/signed docs/H2U RSPA - Tom Werner (Partially Executed) (June 16, 2021).pdf","COMPANIES/CaliCat (H2U)/06_Board_and_Governance/H2U RSPA - Tom Werner (Partially Executed) (June 16, 2021)__F01614.pdf",PLACED,06 Board & Governance,False,moved,True
F01615,CaliCat (H2U),2022 H2U Data Room B2 (A+ Round)/HR/2020-2021/Board members/Tom Werner/signed docs/H2U RSPA Tom Werner signature pages.pdf,COMPANIES/CaliCat (H2U)/06_Board_and_Governance/H2U RSPA Tom Werner signature pages__F01615.pdf,PLACED,06 Board & Governance,False,moved,True
F01616,CaliCat (H2U),2022 H2U Data Room B2 (A+ Round)/HR/2020-2021/Board members/Tom Werner/signed docs/H2U RSPA pg 12.jpeg,COMPANIES/CaliCat (H2U)/06_Board_and_Governance/H2U RSPA pg 12__F01616.jpeg,PLACED,06 Board & Governance,False,moved,True
F01617,CaliCat (H2U),"2022 H2U Data Room B2 (A+ Round)/HR/2020-2021/Board members/Tom Werner/signed docs/Indemnification Agreement ( Executed) (June 16, 2021).pdf","COMPANIES/CaliCat (H2U)/06_Board_and_Governance/Indemnification Agreement ( Executed) (June 16, 2021).pdf",PLACED,06 Board & Governance,False,moved,True
F01618,CaliCat (H2U),2022 H2U Data Room B2 (A+ Round)/HR/2020-2021/Board members/Tom Werner/signed docs/Indemnification pg 1 werner.pdf,COMPANIES/CaliCat (H2U)/06_Board_and_Governance/Indemnification pg 1 werner__F01618.pdf,PLACED,06 Board & Governance,False,moved,True
F01619,CaliCat (H2U),2022 H2U Data Room B2 (A+ Round)/HR/2020-2021/Board members/Tom Werner/signed docs/Indemnification pg 2 werner.pdf,COMPANIES/CaliCat (H2U)/06_Board_and_Governance/Indemnification pg 2 werner__F01619.pdf,PLACED,06 Board & Governance,False,moved,True
F01620,CaliCat (H2U),2022 H2U Data Room B2 (A+ Round)/HR/2020-2021/Board members/Tom Werner/signed docs/werner rspa.zip,COMPANIES/CaliCat (H2U)/06_Board_and_Governance/werner rspa__F01620.zip,PLACED,06 Board & Governance,False,moved,True
F01621,CaliCat (H2U),2022 H2U Data Room B2 (A+ Round)/HR/2020-2021/Consultants/Duterme/H2U Consulting Agreement - Duterme Nov 2020.docx,COMPANIES/CaliCat (H2U)/10_Technical_and_Diligence/H2U Consulting Agreement - Duterme Nov 2020.docx,PLACED,10 Technical & Diligence,False,moved,True
F01622,CaliCat (H2U),2022 H2U Data Room B2 (A+ Round)/HR/2020-2021/Consultants/Duterme/H2U RSPA Duterme.docx,COMPANIES/CaliCat (H2U)/10_Technical_and_Diligence/H2U RSPA Duterme.docx,PLACED,10 Technical & Diligence,False,moved,True
F01623,CaliCat (H2U),2022 H2U Data Room B2 (A+ Round)/HR/2020-2021/Consultants/Duterme/Offer Letter Tom Duterme.docx,COMPANIES/CaliCat (H2U)/14_Historical_Superseded/Offer Letter Tom Duterme.docx,SUPERSEDED,14 Historical / Superseded,False,moved,True
F01624,CaliCat (H2U),2022 H2U Data Room B2 (A+ Round)/HR/2020-2021/Consultants/Duterme/Offer Letter Tom Duterme.pdf,COMPANIES/CaliCat (H2U)/10_Technical_and_Diligence/Offer Letter Tom Duterme__F01624.pdf,PLACED,10 Technical & Diligence,False,moved,True
F01625,CaliCat (H2U),2022 H2U Data Room B2 (A+ Round)/HR/2020-2021/Consultants/Earl/H2U - Earl Cornell consulting agmt signed.pdf,COMPANIES/CaliCat (H2U)/10_Technical_and_Diligence/H2U - Earl Cornell consulting agmt signed.pdf,PLACED,10 Technical & Diligence,False,moved,True
F01626,CaliCat (H2U),2022 H2U Data Room B2 (A+ Round)/HR/2020-2021/Consultants/Earl/H2U Consulting Agreement - Earl cornell.docx,COMPANIES/CaliCat (H2U)/10_Technical_and_Diligence/H2U Consulting Agreement - Earl cornell.docx,PLACED,10 Technical & Diligence,False,moved,True
F01627,CaliCat (H2U),2022 H2U Data Room B2 (A+ Round)/HR/2020-2021/Consultants/Earl/H2U Consulting Agreement - Earl w highlight.docx,COMPANIES/CaliCat (H2U)/10_Technical_and_Diligence/H2U Consulting Agreement - Earl w highlight.docx,PLACED,10 Technical & Diligence,False,moved,True
F01628,CaliCat (H2U),2022 H2U Data Room B2 (A+ Round)/HR/2020-2021/Consultants/Interim CFO/H2U Consulting Agreement - CFO - Google Docs.pdf,COMPANIES/CaliCat (H2U)/10_Technical_and_Diligence/H2U Consulting Agreement - CFO - Google Docs__F01628.pdf,PLACED,10 Technical & Diligence,False,moved,True
F01629,CaliCat (H2U),2022 H2U Data Room B2 (A+ Round)/HR/2020-2021/Consultants/Interim CFO/H2U Consulting Agreement - CFO.docx,COMPANIES/CaliCat (H2U)/10_Technical_and_Diligence/H2U Consulting Agreement - CFO.docx,PLACED,10 Technical & Diligence,False,moved,True
F01630,CaliCat (H2U),2022 H2U Data Room B2 (A+ Round)/HR/2020-2021/Consultants/Interim CFO/H2U RSPA CFO.docx,COMPANIES/CaliCat (H2U)/10_Technical_and_Diligence/H2U RSPA CFO.docx,PLACED,10 Technical & Diligence,False,moved,True
F01631,CaliCat (H2U),2022 H2U Data Room B2 (A+ Round)/HR/2020-2021/Consultants/Interim CFO/H2U RSPA Weintraut - signed.pdf,COMPANIES/CaliCat (H2U)/10_Technical_and_Diligence/H2U RSPA Weintraut - signed__F01631.pdf,PLACED,10 Technical & Diligence,False,moved,True
F01632,CaliCat (H2U),2022 H2U Data Room B2 (A+ Round)/HR/2020-2021/Consultants/Interim CFO/Neil H2U purchase of shares 5USD.jpg,COMPANIES/CaliCat (H2U)/10_Technical_and_Diligence/Neil H2U purchase of shares 5USD__F01632.jpg,PLACED,10 Technical & Diligence,False,moved,True
F01633,CaliCat (H2U),2022 H2U Data Room B2 (A+ Round)/HR/2020-2021/Consultants/J Gregoire/H2U Consulting Agreement - J Gregoire.docx,COMPANIES/CaliCat (H2U)/10_Technical_and_Diligence/H2U Consulting Agreement - J Gregoire.docx,PLACED,10 Technical & Diligence,False,moved,True
F01634,CaliCat (H2U),2022 H2U Data Room B2 (A+ Round)/HR/2020-2021/Consultants/J Gregoire/H2U Consulting Agreement - J Gregoire_JMGsigned.docx,COMPANIES/CaliCat (H2U)/14_Historical_Superseded/H2U Consulting Agreement - J Gregoire_JMGsigned__F01634.docx,SUPERSEDED,14 Historical / Superseded,False,moved,True
F01635,CaliCat (H2U),2022 H2U Data Room B2 (A+ Round)/HR/2020-2021/Consultants/J Gregoire/H2U Consulting Agreement - J Gregoire_JMGsigned.pdf,COMPANIES/CaliCat (H2U)/10_Technical_and_Diligence/H2U Consulting Agreement - J Gregoire_JMGsigned__F01635.pdf,PLACED,10 Technical & Diligence,False,moved,True
F01636,CaliCat (H2U),2022 H2U Data Room B2 (A+ Round)/HR/2020-2021/Consultants/J Gregoire/H2U Consulting Agreement - J Gregoire_tracked edits.docx,COMPANIES/CaliCat (H2U)/10_Technical_and_Diligence/H2U Consulting Agreement - J Gregoire_tracked edits.docx,PLACED,10 Technical & Diligence,False,moved,True
F01637,CaliCat (H2U),2022 H2U Data Room B2 (A+ Round)/HR/2020-2021/Consultants/Katie Chen/2021-10-22 (1).jpeg,COMPANIES/CaliCat (H2U)/10_Technical_and_Diligence/2021-10-22 (1).jpeg,PLACED,10 Technical & Diligence,False,moved,True
F01638,CaliCat (H2U),2022 H2U Data Room B2 (A+ Round)/HR/2020-2021/Consultants/Katie Chen/2021-10-22.jpeg,COMPANIES/CaliCat (H2U)/14_Historical_Superseded/2021-10-22.jpeg,SUPERSEDED,14 Historical / Superseded,False,moved,True
F01639,CaliCat (H2U),2022 H2U Data Room B2 (A+ Round)/HR/2020-2021/Consultants/Katie Chen/H2U Consulting Agreement-Katie Chen sig pg 1.docx,COMPANIES/CaliCat (H2U)/14_Historical_Superseded/H2U Consulting Agreement-Katie Chen sig pg 1.docx,SUPERSEDED,14 Historical / Superseded,False,moved,True
F01640,CaliCat (H2U),2022 H2U Data Room B2 (A+ Round)/HR/2020-2021/Consultants/Katie Chen/H2U Consulting Agreement-Katie Chen sig pg 1.pdf,COMPANIES/CaliCat (H2U)/10_Technical_and_Diligence/H2U Consulting Agreement-Katie Chen sig pg 1.pdf,PLACED,10 Technical & Diligence,False,moved,True
F01641,CaliCat (H2U),2022 H2U Data Room B2 (A+ Round)/HR/2020-2021/Consultants/Katie Chen/H2U Consulting Agreement-Katie Chen.docx,COMPANIES/CaliCat (H2U)/10_Technical_and_Diligence/H2U Consulting Agreement-Katie Chen.docx,PLACED,10 Technical & Diligence,False,moved,True
F01642,CaliCat (H2U),2022 H2U Data Room B2 (A+ Round)/HR/2020-2021/Consultants/Katie Chen/katie chen sig pg 2.JPG,COMPANIES/CaliCat (H2U)/10_Technical_and_Diligence/katie chen sig pg 2.JPG,PLACED,10 Technical & Diligence,False,moved,True
F01643,CaliCat (H2U),2022 H2U Data Room B2 (A+ Round)/HR/2020-2021/Consultants/Reynold Lewke/H2E Consulting Agreement - Reynold Lewke 11-2020 v2 RED.docx,COMPANIES/CaliCat (H2U)/10_Technical_and_Diligence/H2E Consulting Agreement - Reynold Lewke 11-2020 v2 RED.docx,PLACED,10 Technical & Diligence,False,moved,True
F01644,CaliCat (H2U),2022 H2U Data Room B2 (A+ Round)/HR/2020-2021/Consultants/Reynold Lewke/H2U Consulting Agreement - ReynoldLewkecom LLC Nov2020 highlighted.docx,COMPANIES/CaliCat (H2U)/10_Technical_and_Diligence/H2U Consulting Agreement - ReynoldLewkecom LLC Nov2020 highlighted.docx,PLACED,10 Technical & Diligence,False,moved,True
F01645,CaliCat (H2U),2022 H2U Data Room B2 (A+ Round)/HR/2020-2021/Consultants/Reynold Lewke/H2U Consulting Agreement - ReynoldLewkecom LLC Nov2020.pdf,COMPANIES/CaliCat (H2U)/10_Technical_and_Diligence/H2U Consulting Agreement - ReynoldLewkecom LLC Nov2020.pdf,PLACED,10 Technical & Diligence,False,moved,True
F01646,CaliCat (H2U),2022 H2U Data Room B2 (A+ Round)/HR/2020-2021/Consultants/Reynold Lewke/H2U RSPA Duterme.docx,COMPANIES/CaliCat (H2U)/10_Technical_and_Diligence/H2U RSPA Duterme__F01646.docx,PLACED,10 Technical & Diligence,False,moved,True
F01647,CaliCat (H2U),2022 H2U Data Room B2 (A+ Round)/HR/2020-2021/Consultants/Reynold Lewke/H2U RSPA Lewke.docx,COMPANIES/CaliCat (H2U)/10_Technical_and_Diligence/H2U RSPA Lewke.docx,PLACED,10 Technical & Diligence,False,moved,True
F01648,CaliCat (H2U),2022 H2U Data Room B2 (A+ Round)/HR/2020-2021/Consultants/Reynold Lewke/H2U-ReynoldLewkecomLLC RSPA signed 11-2020A.pdf,COMPANIES/CaliCat (H2U)/10_Technical_and_Diligence/H2U-ReynoldLewkecomLLC RSPA signed 11-2020A__F01648.pdf,PLACED,10 Technical & Diligence,False,moved,True
F01649,CaliCat (H2U),2022 H2U Data Room B2 (A+ Round)/HR/2020-2021/Consultants/Reynold Lewke/H2U-ReynoldLewkecomLLC consulting signed 11-16-2020 final.pdf,COMPANIES/CaliCat (H2U)/10_Technical_and_Diligence/H2U-ReynoldLewkecomLLC consulting signed 11-16-2020 final__F01649.pdf,PLACED,10 Technical & Diligence,False,moved,True
F01650,CaliCat (H2U),2022 H2U Data Room B2 (A+ Round)/HR/2020-2021/Consultants/Reynold Lewke/H2U-ReynoldLewkecomLLCs Consulting Agreement signed 11-18-2020.pdf,COMPANIES/CaliCat (H2U)/10_Technical_and_Diligence/H2U-ReynoldLewkecomLLCs Consulting Agreement signed 11-18-2020__F01650.pdf,PLACED,10 Technical & Diligence,False,moved,True
F01651,CaliCat (H2U),2022 H2U Data Room B2 (A+ Round)/HR/2020-2021/Consultants/Reynold Lewke/H2u Consulting Agreement - generic.docx,COMPANIES/CaliCat (H2U)/10_Technical_and_Diligence/H2u Consulting Agreement - generic.docx,PLACED,10 Technical & Diligence,False,moved,True
F01652,CaliCat (H2U),2022 H2U Data Room B2 (A+ Round)/HR/2020-2021/Consultants/Reynold Lewke/IRS 83b election signed 11-18-2020.pdf,COMPANIES/CaliCat (H2U)/10_Technical_and_Diligence/IRS 83b election signed 11-18-2020__F01652.pdf,PLACED,10 Technical & Diligence,False,moved,True
F01653,CaliCat (H2U),2022 H2U Data Room B2 (A+ Round)/HR/2020-2021/Consultants/Reynold Lewke/Motus Ventures Mail - Re_ Lewke bills needing your approval.pdf,COMPANIES/CaliCat (H2U)/10_Technical_and_Diligence/Motus Ventures Mail - Re_ Lewke bills needing your approval.pdf,PLACED,10 Technical & Diligence,False,moved,True
F01654,CaliCat (H2U),2022 H2U Data Room B2 (A+ Round)/HR/2020-2021/Consultants/Ryan Jones/H2U Consulting Agreement - Ryan Jones - FINAL with rate.pdf,COMPANIES/CaliCat (H2U)/10_Technical_and_Diligence/H2U Consulting Agreement - Ryan Jones - FINAL with rate.pdf,PLACED,10 Technical & Diligence,False,moved,True
F01655,CaliCat (H2U),2022 H2U Data Room B2 (A+ Round)/HR/2020-2021/Consultants/Ryan Jones/H2U Consulting Agreement - Ryan Jones SCOPE FINAL.pdf,COMPANIES/CaliCat (H2U)/10_Technical_and_Diligence/H2U Consulting Agreement - Ryan Jones SCOPE FINAL__F01655.pdf,PLACED,10 Technical & Diligence,False,moved,True
F01656,CaliCat (H2U),2022 H2U Data Room B2 (A+ Round)/HR/2020-2021/Consultants/Weintraut - Interim CFO/H2U Consulting Agreement - CFO - Google Docs.pdf,COMPANIES/CaliCat (H2U)/10_Technical_and_Diligence/H2U Consulting Agreement - CFO - Google Docs__F01656.pdf,PLACED,10 Technical & Diligence,False,moved,True
F01657,CaliCat (H2U),2022 H2U Data Room B2 (A+ Round)/HR/2020-2021/Consultants/Weintraut - Interim CFO/H2U Consulting Agreement - CFO.docx,COMPANIES/CaliCat (H2U)/10_Technical_and_Diligence/H2U Consulting Agreement - CFO__F01657.docx,PLACED,10 Technical & Diligence,False,moved,True
F01658,CaliCat (H2U),2022 H2U Data Room B2 (A+ Round)/HR/2020-2021/Consultants/Weintraut - Interim CFO/H2U RSPA CFO.docx,COMPANIES/CaliCat (H2U)/10_Technical_and_Diligence/H2U RSPA CFO__F01658.docx,PLACED,10 Technical & Diligence,False,moved,True
F01659,CaliCat (H2U),2022 H2U Data Room B2 (A+ Round)/HR/2020-2021/Consultants/Weintraut - Interim CFO/H2U RSPA Weintraut - signed.pdf,COMPANIES/CaliCat (H2U)/10_Technical_and_Diligence/H2U RSPA Weintraut - signed__F01659.pdf,PLACED,10 Technical & Diligence,False,moved,True
F01660,CaliCat (H2U),2022 H2U Data Room B2 (A+ Round)/HR/2020-2021/Consultants/Weintraut - Interim CFO/Neil H2U purchase of shares 5USD.jpg,COMPANIES/CaliCat (H2U)/10_Technical_and_Diligence/Neil H2U purchase of shares 5USD__F01660.jpg,PLACED,10 Technical & Diligence,False,moved,True
F01661,CaliCat (H2U),"2022 H2U Data Room B2 (A+ Round)/HR/2020-2021/Incubation, Founders Agreements/Motus JimD/Advisory and Consulting Agreement 5-6-20-signed.pdf",COMPANIES/CaliCat (H2U)/10_Technical_and_Diligence/Advisory and Consulting Agreement 5-6-20-signed.pdf,PLACED,10 Technical & Diligence,False,moved,True
F01662,CaliCat (H2U),"2022 H2U Data Room B2 (A+ Round)/HR/2020-2021/Incubation, Founders Agreements/Motus JimD/Advisory and Consulting Agreement Final CLEAN 5-6-20.docx",COMPANIES/CaliCat (H2U)/14_Historical_Superseded/Advisory and Consulting Agreement Final CLEAN 5-6-20.docx,SUPERSEDED,14 Historical / Superseded,False,moved,True
F01663,CaliCat (H2U),"2022 H2U Data Room B2 (A+ Round)/HR/2020-2021/Incubation, Founders Agreements/Motus JimD/Advisory and Consulting Agreement Final CLEAN 5-6-20.pdf",COMPANIES/CaliCat (H2U)/14_Historical_Superseded/Advisory and Consulting Agreement Final CLEAN 5-6-20.pdf,SUPERSEDED,14 Historical / Superseded,False,moved,True
F01664,CaliCat (H2U),"2022 H2U Data Room B2 (A+ Round)/HR/2020-2021/Incubation, Founders Agreements/Motus JimD/Advisory and Consulting Agreement Final REDLINE 5-6-20 -2.docx",COMPANIES/CaliCat (H2U)/10_Technical_and_Diligence/Advisory and Consulting Agreement Final REDLINE 5-6-20 -2.docx,PLACED,10 Technical & Diligence,False,moved,True
F01665,CaliCat (H2U),"2022 H2U Data Room B2 (A+ Round)/HR/2020-2021/Incubation, Founders Agreements/Motus JimD/Advisory and Consulting Agreement Final REDLINE 5-6-20.docx",COMPANIES/CaliCat (H2U)/14_Historical_Superseded/Advisory and Consulting Agreement Final REDLINE 5-6-20.docx,SUPERSEDED,14 Historical / Superseded,False,moved,True
F01666,CaliCat (H2U),"2022 H2U Data Room B2 (A+ Round)/HR/2020-2021/Incubation, Founders Agreements/Motus JimD/Certificate CS-4 for James DiSanto.pdf",COMPANIES/CaliCat (H2U)/10_Technical_and_Diligence/Certificate CS-4 for James DiSanto.pdf,PLACED,10 Technical & Diligence,False,moved,True
F01667,CaliCat (H2U),"2022 H2U Data Room B2 (A+ Round)/HR/2020-2021/Incubation, Founders Agreements/Motus JimD/DISANTO 83b submission H2U.jpg",COMPANIES/CaliCat (H2U)/10_Technical_and_Diligence/DISANTO 83b submission H2U__F01667.jpg,PLACED,10 Technical & Diligence,False,moved,True
F01668,CaliCat (H2U),"2022 H2U Data Room B2 (A+ Round)/HR/2020-2021/Incubation, Founders Agreements/Motus JimD/DISANTO pymt for H2U shares.jpg",COMPANIES/CaliCat (H2U)/10_Technical_and_Diligence/DISANTO pymt for H2U shares.jpg,PLACED,10 Technical & Diligence,False,moved,True
F01669,CaliCat (H2U),"2022 H2U Data Room B2 (A+ Round)/HR/2020-2021/Incubation, Founders Agreements/Motus JimD/DiSanto H2U 83b filing ack from IRS.jpg",COMPANIES/CaliCat (H2U)/10_Technical_and_Diligence/DiSanto H2U 83b filing ack from IRS__F01669.jpg,PLACED,10 Technical & Diligence,False,moved,True
F01670,CaliCat (H2U),"2022 H2U Data Room B2 (A+ Round)/HR/2020-2021/Incubation, Founders Agreements/Motus JimD/H2E RSPA Clean - Motus V GP.docx",COMPANIES/CaliCat (H2U)/10_Technical_and_Diligence/H2E RSPA Clean - Motus V GP.docx,PLACED,10 Technical & Diligence,False,moved,True
F01671,CaliCat (H2U),"2022 H2U Data Room B2 (A+ Round)/HR/2020-2021/Incubation, Founders Agreements/Motus JimD/H2U RSPA JimD CLEAN for signing.pdf",COMPANIES/CaliCat (H2U)/10_Technical_and_Diligence/H2U RSPA JimD CLEAN for signing.pdf,PLACED,10 Technical & Diligence,False,moved,True
F01672,CaliCat (H2U),"2022 H2U Data Room B2 (A+ Round)/HR/2020-2021/Incubation, Founders Agreements/Motus JimD/H2U RSPA JimD CLEAN.docx",COMPANIES/CaliCat (H2U)/14_Historical_Superseded/H2U RSPA JimD CLEAN.docx,SUPERSEDED,14 Historical / Superseded,False,moved,True
F01673,CaliCat (H2U),"2022 H2U Data Room B2 (A+ Round)/HR/2020-2021/Incubation, Founders Agreements/Motus JimD/H2U RSPA JimD signed.pdf",COMPANIES/CaliCat (H2U)/10_Technical_and_Diligence/H2U RSPA JimD signed.pdf,PLACED,10 Technical & Diligence,False,moved,True
F01674,CaliCat (H2U),"2022 H2U Data Room B2 (A+ Round)/HR/2020-2021/Incubation, Founders Agreements/Motus JimD/H2U RSPA JimD v2 RED.docx",COMPANIES/CaliCat (H2U)/10_Technical_and_Diligence/H2U RSPA JimD v2 RED.docx,PLACED,10 Technical & Diligence,False,moved,True
F01675,CaliCat (H2U),"2022 H2U Data Room B2 (A+ Round)/HR/2020-2021/Incubation, Founders Agreements/Motus JimD/H2U RSPA JimD.docx",COMPANIES/CaliCat (H2U)/14_Historical_Superseded/H2U RSPA JimD.docx,SUPERSEDED,14 Historical / Superseded,False,moved,True
F01676,CaliCat (H2U),"2022 H2U Data Room B2 (A+ Round)/HR/2020-2021/Incubation, Founders Agreements/Motus JimD/H2U RSPA Motus Ventures GP LLC CLEAN.docx",COMPANIES/CaliCat (H2U)/14_Historical_Superseded/H2U RSPA Motus Ventures GP LLC CLEAN.docx,SUPERSEDED,14 Historical / Superseded,False,moved,True
F01677,CaliCat (H2U),"2022 H2U Data Room B2 (A+ Round)/HR/2020-2021/Incubation, Founders Agreements/Motus JimD/H2U RSPA Motus Ventures GP LLC signed.pdf",COMPANIES/CaliCat (H2U)/10_Technical_and_Diligence/H2U RSPA Motus Ventures GP LLC signed.pdf,PLACED,10 Technical & Diligence,False,moved,True
F01678,CaliCat (H2U),"2022 H2U Data Room B2 (A+ Round)/HR/2020-2021/Incubation, Founders Agreements/Motus JimD/H2U RSPA Motus Ventures GP LLC v2 RED.docx",COMPANIES/CaliCat (H2U)/10_Technical_and_Diligence/H2U RSPA Motus Ventures GP LLC v2 RED.docx,PLACED,10 Technical & Diligence,False,moved,True
F01679,CaliCat (H2U),"2022 H2U Data Room B2 (A+ Round)/HR/2020-2021/Incubation, Founders Agreements/Motus JimD/H2U RSPA Motus Ventures GP LLC.docx",COMPANIES/CaliCat (H2U)/14_Historical_Superseded/H2U RSPA Motus Ventures GP LLC.docx,SUPERSEDED,14 Historical / Superseded,False,moved,True
F01680,CaliCat (H2U),"2022 H2U Data Room B2 (A+ Round)/HR/2020-2021/Incubation, Founders Agreements/Motus JimD/MOTUS VENTURES H2U 83b submission.jpg",COMPANIES/CaliCat (H2U)/10_Technical_and_Diligence/MOTUS VENTURES H2U 83b submission__F01680.jpg,PLACED,10 Technical & Diligence,False,moved,True
F01681,CaliCat (H2U),"2022 H2U Data Room B2 (A+ Round)/HR/2020-2021/Incubation, Founders Agreements/Motus JimD/MOTUS VENTURES pymt for H2U shares.jpg",COMPANIES/CaliCat (H2U)/10_Technical_and_Diligence/MOTUS VENTURES pymt for H2U shares.jpg,PLACED,10 Technical & Diligence,False,moved,True
F01682,CaliCat (H2U),"2022 H2U Data Room B2 (A+ Round)/HR/2020-2021/Incubation, Founders Agreements/Motus JimD/SIGNED/1st amendment to Motus Advisory Agreement.pdf",COMPANIES/CaliCat (H2U)/10_Technical_and_Diligence/1st amendment to Motus Advisory Agreement.pdf,PLACED,10 Technical & Diligence,False,moved,True
F01683,CaliCat (H2U),"2022 H2U Data Room B2 (A+ Round)/HR/2020-2021/Incubation, Founders Agreements/Motus JimD/SIGNED/Advisory and Consulting Agreement 5-6-20-signed.pdf",COMPANIES/CaliCat (H2U)/10_Technical_and_Diligence/Advisory and Consulting Agreement 5-6-20-signed__F01683.pdf,PLACED,10 Technical & Diligence,False,moved,True
F01684,CaliCat (H2U),"2022 H2U Data Room B2 (A+ Round)/HR/2020-2021/Incubation, Founders Agreements/Motus JimD/SIGNED/H2U RSPA JimD signed-signed (2).pdf",COMPANIES/CaliCat (H2U)/10_Technical_and_Diligence/H2U RSPA JimD signed-signed (2).pdf,PLACED,10 Technical & Diligence,False,moved,True
F01685,CaliCat (H2U),"2022 H2U Data Room B2 (A+ Round)/HR/2020-2021/Incubation, Founders Agreements/Motus JimD/SIGNED/H2U RSPA JimD signed.pdf",COMPANIES/CaliCat (H2U)/14_Historical_Superseded/H2U RSPA JimD signed.pdf,SUPERSEDED,14 Historical / Superseded,False,moved,True
F01686,CaliCat (H2U),"2022 H2U Data Room B2 (A+ Round)/HR/2020-2021/Incubation, Founders Agreements/Motus JimD/SIGNED/H2U RSPA Motus Ventures GP LLC  signed-signed.pdf",COMPANIES/CaliCat (H2U)/14_Historical_Superseded/H2U RSPA Motus Ventures GP LLC signed-signed.pdf,SUPERSEDED,14 Historical / Superseded,True,moved,True
F01687,CaliCat (H2U),"2022 H2U Data Room B2 (A+ Round)/HR/2020-2021/Incubation, Founders Agreements/Motus JimD/SIGNED/H2U RSPA Motus Ventures GP LLC signed.pdf",COMPANIES/CaliCat (H2U)/10_Technical_and_Diligence/H2U RSPA Motus Ventures GP LLC signed__F01687.pdf,PLACED,10 Technical & Diligence,False,moved,True
F01688,CaliCat (H2U),"2022 H2U Data Room B2 (A+ Round)/HR/2020-2021/Incubation, Founders Agreements/Nate Lewis/Amendment to RSPA (N. Lewis) (Cooley Comments 7-13-2021) v1.docx",COMPANIES/CaliCat (H2U)/10_Technical_and_Diligence/Amendment to RSPA (N. Lewis) (Cooley Comments 7-13-2021) v1.docx,PLACED,10 Technical & Diligence,False,moved,True
F01689,CaliCat (H2U),"2022 H2U Data Room B2 (A+ Round)/HR/2020-2021/Incubation, Founders Agreements/Nate Lewis/Consulting Agreeement - Nate 03232020.doc",COMPANIES/CaliCat (H2U)/10_Technical_and_Diligence/Consulting Agreeement - Nate 03232020.doc,PLACED,10 Technical & Diligence,False,moved,True
F01690,CaliCat (H2U),"2022 H2U Data Room B2 (A+ Round)/HR/2020-2021/Incubation, Founders Agreements/Nate Lewis/H2U 344147-100 assignment for  excution-signed.pdf",COMPANIES/CaliCat (H2U)/10_Technical_and_Diligence/H2U 344147-100 assignment for excution-signed.pdf,PLACED,10 Technical & Diligence,True,moved,True
F01691,CaliCat (H2U),"2022 H2U Data Room B2 (A+ Round)/HR/2020-2021/Incubation, Founders Agreements/Nate Lewis/H2U RSPA N Lewis CLEAN.docx",COMPANIES/CaliCat (H2U)/10_Technical_and_Diligence/H2U RSPA N Lewis CLEAN.docx,PLACED,10 Technical & Diligence,False,moved,True
F01692,CaliCat (H2U),"2022 H2U Data Room B2 (A+ Round)/HR/2020-2021/Incubation, Founders Agreements/Nate Lewis/H2U RSPA N Lewis REDLINE.docx",COMPANIES/CaliCat (H2U)/14_Historical_Superseded/H2U RSPA N Lewis REDLINE.docx,SUPERSEDED,14 Historical / Superseded,False,moved,True
F01693,CaliCat (H2U),"2022 H2U Data Room B2 (A+ Round)/HR/2020-2021/Incubation, Founders Agreements/Nate Lewis/H2U RSPA N Lewis v2 RED.docx",COMPANIES/CaliCat (H2U)/10_Technical_and_Diligence/H2U RSPA N Lewis v2 RED.docx,PLACED,10 Technical & Diligence,False,moved,True
F01694,CaliCat (H2U),"2022 H2U Data Room B2 (A+ Round)/HR/2020-2021/Incubation, Founders Agreements/Nate Lewis/NSL Consulting Agreeement Final 4-26 REDLINE.doc",COMPANIES/CaliCat (H2U)/10_Technical_and_Diligence/NSL Consulting Agreeement Final 4-26 REDLINE.doc,PLACED,10 Technical & Diligence,False,moved,True
F01695,CaliCat (H2U),"2022 H2U Data Room B2 (A+ Round)/HR/2020-2021/Incubation, Founders Agreements/Nate Lewis/NSL Consulting Agreeement Final CLEAN 5-6-2020.doc",COMPANIES/CaliCat (H2U)/14_Historical_Superseded/NSL Consulting Agreeement Final CLEAN 5-6-2020.doc,SUPERSEDED,14 Historical / Superseded,False,moved,True
F01696,CaliCat (H2U),"2022 H2U Data Room B2 (A+ Round)/HR/2020-2021/Incubation, Founders Agreements/Nate Lewis/NSL Consulting Agreeement Final CLEAN 5-6-2020.docx",COMPANIES/CaliCat (H2U)/14_Historical_Superseded/NSL Consulting Agreeement Final CLEAN 5-6-2020.docx,SUPERSEDED,14 Historical / Superseded,False,moved,True
F01697,CaliCat (H2U),"2022 H2U Data Room B2 (A+ Round)/HR/2020-2021/Incubation, Founders Agreements/Nate Lewis/NSL Consulting Agreeement Final REDLINE 5-5-2020.doc",COMPANIES/CaliCat (H2U)/10_Technical_and_Diligence/NSL Consulting Agreeement Final REDLINE 5-5-2020.doc,PLACED,10 Technical & Diligence,False,moved,True
F01698,CaliCat (H2U),"2022 H2U Data Room B2 (A+ Round)/HR/2020-2021/Incubation, Founders Agreements/Nate Lewis/NSL Consulting Agreeement Final REDLINE 5-6-2020.doc",COMPANIES/CaliCat (H2U)/10_Technical_and_Diligence/NSL Consulting Agreeement Final REDLINE 5-6-2020__F01698.doc,PLACED,10 Technical & Diligence,False,moved,True
F01699,CaliCat (H2U),"2022 H2U Data Room B2 (A+ Round)/HR/2020-2021/Incubation, Founders Agreements/Nate Lewis/NSL Consulting agreement typos and errors.pdf",COMPANIES/CaliCat (H2U)/10_Technical_and_Diligence/NSL Consulting agreement typos and errors.pdf,PLACED,10 Technical & Diligence,False,moved,True
F01700,CaliCat (H2U),"2022 H2U Data Room B2 (A+ Round)/HR/2020-2021/Incubation, Founders Agreements/Nate Lewis/Non Compete Agreement - Nate H2E, revised.doc","COMPANIES/CaliCat (H2U)/10_Technical_and_Diligence/Non Compete Agreement - Nate H2E, revised.doc",PLACED,10 Technical & Diligence,False,moved,True
F01701,CaliCat (H2U),"2022 H2U Data Room B2 (A+ Round)/HR/2020-2021/Incubation, Founders Agreements/Nate Lewis/Non-Compete Agreement Final 5-5 REDLINE.doc",COMPANIES/CaliCat (H2U)/10_Technical_and_Diligence/Non-Compete Agreement Final 5-5 REDLINE__F01701.doc,PLACED,10 Technical & Diligence,False,moved,True
F01702,CaliCat (H2U),"2022 H2U Data Room B2 (A+ Round)/HR/2020-2021/Incubation, Founders Agreements/Nate Lewis/Non-Compete and Assignment Agreement - changes.docx",COMPANIES/CaliCat (H2U)/10_Technical_and_Diligence/Non-Compete and Assignment Agreement - changes.docx,PLACED,10 Technical & Diligence,False,moved,True
F01703,CaliCat (H2U),"2022 H2U Data Room B2 (A+ Round)/HR/2020-2021/Incubation, Founders Agreements/Nate Lewis/nates83belectionform.zip",COMPANIES/CaliCat (H2U)/10_Technical_and_Diligence/nates83belectionform__F01703.zip,PLACED,10 Technical & Diligence,False,moved,True
F01704,CaliCat (H2U),2022 H2U Data Room B2 (A+ Round)/HR/2020-2021/employees/Anita/Anita M signed offer letter.pdf,COMPANIES/CaliCat (H2U)/10_Technical_and_Diligence/Anita M signed offer letter.pdf,PLACED,10 Technical & Diligence,False,moved,True
F01705,CaliCat (H2U),2022 H2U Data Room B2 (A+ Round)/HR/2020-2021/employees/Arvin S/Arvin Sookezian Offer Letter 2021-09-07-SIGNED.pdf,COMPANIES/CaliCat (H2U)/10_Technical_and_Diligence/Arvin Sookezian Offer Letter 2021-09-07-SIGNED.pdf,PLACED,10 Technical & Diligence,False,moved,True
F01706,CaliCat (H2U),2022 H2U Data Room B2 (A+ Round)/HR/2020-2021/employees/Arvin S/Offer Letter - Att. A - Confidentiality Agt-signed.pdf,COMPANIES/CaliCat (H2U)/10_Technical_and_Diligence/Offer Letter - Att. A - Confidentiality Agt-signed.pdf,PLACED,10 Technical & Diligence,False,moved,True
F01707,CaliCat (H2U),2022 H2U Data Room B2 (A+ Round)/HR/2020-2021/employees/Arvin S/SIGNED - Offer Letter - Att. A - Confidentiality Agt. 2020-10-05 v1-SIGNED (Caltech).pdf,COMPANIES/CaliCat (H2U)/10_Technical_and_Diligence/SIGNED - Offer Letter - Att. A - Confidentiality Agt. 2020-10-05 v1-SIGNED (Caltech).pdf,PLACED,10 Technical & Diligence,False,moved,True
F01708,CaliCat (H2U),2022 H2U Data Room B2 (A+ Round)/HR/2020-2021/employees/CEO/Employment Contract for Mark McGough (Cooley Comments 10-19) v11 (Redline).pdf,COMPANIES/CaliCat (H2U)/10_Technical_and_Diligence/Employment Contract for Mark McGough (Cooley Comments 10-19) v11 (Redline).pdf,PLACED,10 Technical & Diligence,False,moved,True
F01709,CaliCat (H2U),2022 H2U Data Room B2 (A+ Round)/HR/2020-2021/employees/CEO/Employment Contract for Mark McGough (Cooley Comments 10-19).docx,COMPANIES/CaliCat (H2U)/14_Historical_Superseded/Employment Contract for Mark McGough (Cooley Comments 10-19).docx,SUPERSEDED,14 Historical / Superseded,False,moved,True
F01710,CaliCat (H2U),2022 H2U Data Room B2 (A+ Round)/HR/2020-2021/employees/CEO/Employment Contract for Mark McGough - Cooley Redline 10-16.docx,COMPANIES/CaliCat (H2U)/14_Historical_Superseded/Employment Contract for Mark McGough - Cooley Redline 10-16.docx,SUPERSEDED,14 Historical / Superseded,False,moved,True
F01711,CaliCat (H2U),2022 H2U Data Room B2 (A+ Round)/HR/2020-2021/employees/CEO/Employment Contract for Mark McGough - Cooley Redline 10-16.pdf,COMPANIES/CaliCat (H2U)/10_Technical_and_Diligence/Employment Contract for Mark McGough - Cooley Redline 10-16.pdf,PLACED,10 Technical & Diligence,False,moved,True
F01712,CaliCat (H2U),2022 H2U Data Room B2 (A+ Round)/HR/2020-2021/employees/CEO/Employment Contract for Mark McGough Oct 12 rhl bobby clean.docx,COMPANIES/CaliCat (H2U)/10_Technical_and_Diligence/Employment Contract for Mark McGough Oct 12 rhl bobby clean.docx,PLACED,10 Technical & Diligence,False,moved,True
F01713,CaliCat (H2U),2022 H2U Data Room B2 (A+ Round)/HR/2020-2021/employees/CEO/Employment Contract for Mark McGough Oct 12.docx,COMPANIES/CaliCat (H2U)/10_Technical_and_Diligence/Employment Contract for Mark McGough Oct 12.docx,PLACED,10 Technical & Diligence,False,moved,True
F01714,CaliCat (H2U),2022 H2U Data Room B2 (A+ Round)/HR/2020-2021/employees/CEO/Employment Contract for Mark McGough Oct 14 Redline.docx,COMPANIES/CaliCat (H2U)/10_Technical_and_Diligence/Employment Contract for Mark McGough Oct 14 Redline.docx,PLACED,10 Technical & Diligence,False,moved,True
F01715,CaliCat (H2U),2022 H2U Data Room B2 (A+ Round)/HR/2020-2021/employees/CEO/Employment Contract for Mark McGough.pdf,COMPANIES/CaliCat (H2U)/10_Technical_and_Diligence/Employment Contract for Mark McGough.pdf,PLACED,10 Technical & Diligence,False,moved,True
F01716,CaliCat (H2U),2022 H2U Data Room B2 (A+ Round)/HR/2020-2021/employees/CEO/Executive Employment Offer Letter Template (w CIC Severance Option).docx,COMPANIES/CaliCat (H2U)/10_Technical_and_Diligence/Executive Employment Offer Letter Template (w CIC Severance Option).docx,PLACED,10 Technical & Diligence,False,moved,True
F01717,CaliCat (H2U),2022 H2U Data Room B2 (A+ Round)/HR/2020-2021/employees/CEO/H2U Employment Agreement for Mark McGough - 10.14.21 (MEM and Cooley Comments  10-18-2021).docx,COMPANIES/CaliCat (H2U)/10_Technical_and_Diligence/H2U Employment Agreement for Mark McGough - 10.14.21 (MEM and Cooley Comments 10-18-2021).docx,PLACED,10 Technical & Diligence,True,moved,True
F01718,CaliCat (H2U),"2022 H2U Data Room B2 (A+ Round)/HR/2020-2021/employees/CEO/H2U Employment Contract MEM w Cooley, MEM and JimD comments in green as of 10-17.docx","COMPANIES/CaliCat (H2U)/10_Technical_and_Diligence/H2U Employment Contract MEM w Cooley, MEM and JimD comments in green as of 10-17.docx",PLACED,10 Technical & Diligence,False,moved,True
F01719,CaliCat (H2U),2022 H2U Data Room B2 (A+ Round)/HR/2020-2021/employees/CEO/H2U Employment Contract for Mark - MEM comments on Cooley comments.docx,COMPANIES/CaliCat (H2U)/10_Technical_and_Diligence/H2U Employment Contract for Mark - MEM comments on Cooley comments.docx,PLACED,10 Technical & Diligence,False,moved,True
F01720,CaliCat (H2U),2022 H2U Data Room B2 (A+ Round)/HR/2020-2021/employees/CEO/H2U Employment Contract for Mark McGough with Mark's orig edits AND JIM HIGHLIGHT.docx,COMPANIES/CaliCat (H2U)/10_Technical_and_Diligence/H2U Employment Contract for Mark McGough with Mark's orig edits AND JIM HIGHLIGHT.docx,PLACED,10 Technical & Diligence,False,moved,True
F01721,CaliCat (H2U),2022 H2U Data Room B2 (A+ Round)/HR/2020-2021/employees/CEO/H2U Employment Contract for Mark McGough with Mark's orig edits.docx,COMPANIES/CaliCat (H2U)/10_Technical_and_Diligence/H2U Employment Contract for Mark McGough with Mark's orig edits.docx,PLACED,10 Technical & Diligence,False,moved,True
F01722,CaliCat (H2U),"2022 H2U Data Room B2 (A+ Round)/HR/2020-2021/employees/CEO/H2U Employment Contract for Mark McGough, r1 - 10.14.21 jim+tom edits.docx","COMPANIES/CaliCat (H2U)/10_Technical_and_Diligence/H2U Employment Contract for Mark McGough, r1 - 10.14.21 jim+tom edits.docx",PLACED,10 Technical & Diligence,False,moved,True
F01723,CaliCat (H2U),2022 H2U Data Room B2 (A+ Round)/HR/2020-2021/employees/CEO/H2U Non-Binding Employment Terms for Mark McGough Oct 8-2021.docx,COMPANIES/CaliCat (H2U)/14_Historical_Superseded/H2U Non-Binding Employment Terms for Mark McGough Oct 8-2021.docx,SUPERSEDED,14 Historical / Superseded,False,moved,True
F01724,CaliCat (H2U),2022 H2U Data Room B2 (A+ Round)/HR/2020-2021/employees/CEO/H2U Non-Binding Employment Terms for Mark McGough Oct 8-2021.pdf,COMPANIES/CaliCat (H2U)/10_Technical_and_Diligence/H2U Non-Binding Employment Terms for Mark McGough Oct 8-2021.pdf,PLACED,10 Technical & Diligence,False,moved,True
F01725,CaliCat (H2U),2022 H2U Data Room B2 (A+ Round)/HR/2020-2021/employees/CEO/H2U pg. 1.jpeg,COMPANIES/CaliCat (H2U)/10_Technical_and_Diligence/H2U pg. 1.jpeg,PLACED,10 Technical & Diligence,False,moved,True
F01726,CaliCat (H2U),2022 H2U Data Room B2 (A+ Round)/HR/2020-2021/employees/CEO/Mark M contract pg 2.jpeg,COMPANIES/CaliCat (H2U)/10_Technical_and_Diligence/Mark M contract pg 2.jpeg,PLACED,10 Technical & Diligence,False,moved,True
F01727,CaliCat (H2U),2022 H2U Data Room B2 (A+ Round)/HR/2020-2021/employees/CEO/Mark M contract.jpeg,COMPANIES/CaliCat (H2U)/10_Technical_and_Diligence/Mark M contract.jpeg,PLACED,10 Technical & Diligence,False,moved,True
F01728,CaliCat (H2U),2022 H2U Data Room B2 (A+ Round)/HR/2020-2021/employees/CEO/Mark Mc signature term sheet.jpg,COMPANIES/CaliCat (H2U)/10_Technical_and_Diligence/Mark Mc signature term sheet.jpg,PLACED,10 Technical & Diligence,False,moved,True
F01729,CaliCat (H2U),2022 H2U Data Room B2 (A+ Round)/HR/2020-2021/employees/CEO/Mark McGough conformed signed Oct 11-2021 H2U Non-Binding Employment Terms.docx,COMPANIES/CaliCat (H2U)/10_Technical_and_Diligence/Mark McGough conformed signed Oct 11-2021 H2U Non-Binding Employment Terms.docx,PLACED,10 Technical & Diligence,False,moved,True
F01730,CaliCat (H2U),2022 H2U Data Room B2 (A+ Round)/HR/2020-2021/employees/CEO/cobra benefits.docx,COMPANIES/CaliCat (H2U)/10_Technical_and_Diligence/cobra benefits.docx,PLACED,10 Technical & Diligence,False,moved,True
F01731,CaliCat (H2U),2022 H2U Data Room B2 (A+ Round)/HR/2020-2021/employees/Duterme/H2U Consulting Agreement - Duterme Nov 2020 final.pdf,COMPANIES/CaliCat (H2U)/10_Technical_and_Diligence/H2U Consulting Agreement - Duterme Nov 2020 final.pdf,PLACED,10 Technical & Diligence,False,moved,True
F01732,CaliCat (H2U),2022 H2U Data Room B2 (A+ Round)/HR/2020-2021/employees/Duterme/H2U Consulting Agreement - Duterme Nov 2020.docx,COMPANIES/CaliCat (H2U)/14_Historical_Superseded/H2U Consulting Agreement - Duterme Nov 2020.docx,SUPERSEDED,14 Historical / Superseded,False,moved,True
F01733,CaliCat (H2U),2022 H2U Data Room B2 (A+ Round)/HR/2020-2021/employees/Duterme/H2U RSPA Duterme.docx,COMPANIES/CaliCat (H2U)/14_Historical_Superseded/H2U RSPA Duterme.docx,SUPERSEDED,14 Historical / Superseded,False,moved,True
F01734,CaliCat (H2U),2022 H2U Data Room B2 (A+ Round)/HR/2020-2021/employees/Duterme/H2U RSPA Duterme.pdf,COMPANIES/CaliCat (H2U)/10_Technical_and_Diligence/H2U RSPA Duterme.pdf,PLACED,10 Technical & Diligence,False,moved,True
F01735,CaliCat (H2U),2022 H2U Data Room B2 (A+ Round)/HR/2020-2021/employees/Duterme/H2U RSPA Duterme_29_Nov_2020-225412.pdf,COMPANIES/CaliCat (H2U)/10_Technical_and_Diligence/H2U RSPA Duterme_29_Nov_2020-225412__F01735.pdf,PLACED,10 Technical & Diligence,False,moved,True
F01736,CaliCat (H2U),2022 H2U Data Room B2 (A+ Round)/HR/2020-2021/employees/Duterme/duterme 83b.jpg,COMPANIES/CaliCat (H2U)/10_Technical_and_Diligence/duterme 83b.jpg,PLACED,10 Technical & Diligence,False,moved,True
F01737,CaliCat (H2U),2022 H2U Data Room B2 (A+ Round)/HR/2020-2021/employees/Jian Jin/20201127_223601.jpg,COMPANIES/CaliCat (H2U)/10_Technical_and_Diligence/20201127_223601.jpg,PLACED,10 Technical & Diligence,False,moved,True
F01738,CaliCat (H2U),2022 H2U Data Room B2 (A+ Round)/HR/2020-2021/employees/Jian Jin/20201127_223605.jpg,COMPANIES/CaliCat (H2U)/10_Technical_and_Diligence/20201127_223605.jpg,PLACED,10 Technical & Diligence,False,moved,True
F01739,CaliCat (H2U),2022 H2U Data Room B2 (A+ Round)/HR/2020-2021/employees/Jian Jin/H2U RSPA Jian Jin.docx,COMPANIES/CaliCat (H2U)/14_Historical_Superseded/H2U RSPA Jian Jin.docx,SUPERSEDED,14 Historical / Superseded,False,moved,True
F01740,CaliCat (H2U),2022 H2U Data Room B2 (A+ Round)/HR/2020-2021/employees/Jian Jin/H2U RSPA Jian Jin.pdf,COMPANIES/CaliCat (H2U)/10_Technical_and_Diligence/H2U RSPA Jian Jin.pdf,PLACED,10 Technical & Diligence,False,moved,True
F01741,CaliCat (H2U),2022 H2U Data Room B2 (A+ Round)/HR/2020-2021/employees/Jian Jin/Jian - bonus and promotion aug2021.pdf,COMPANIES/CaliCat (H2U)/10_Technical_and_Diligence/Jian - bonus and promotion aug2021.pdf,PLACED,10 Technical & Diligence,False,moved,True
F01742,CaliCat (H2U),2022 H2U Data Room B2 (A+ Round)/HR/2020-2021/employees/Jian Jin/Jian Jin - promotion and bonus Aug2021.docx,COMPANIES/CaliCat (H2U)/10_Technical_and_Diligence/Jian Jin - promotion and bonus Aug2021.docx,PLACED,10 Technical & Diligence,False,moved,True
F01743,CaliCat (H2U),2022 H2U Data Room B2 (A+ Round)/HR/2020-2021/employees/Jian Jin/Jian Jin payment for shares.jpeg,COMPANIES/CaliCat (H2U)/10_Technical_and_Diligence/Jian Jin payment for shares.jpeg,PLACED,10 Technical & Diligence,False,moved,True
F01744,CaliCat (H2U),2022 H2U Data Room B2 (A+ Round)/HR/2020-2021/employees/Jian Jin/Jian bonus and VP title.pdf,COMPANIES/CaliCat (H2U)/10_Technical_and_Diligence/Jian bonus and VP title.pdf,PLACED,10 Technical & Diligence,False,moved,True
F01745,CaliCat (H2U),2022 H2U Data Room B2 (A+ Round)/HR/2020-2021/employees/Jian Jin/Mutual Agreement to Commence Work - Jin.pdf,COMPANIES/CaliCat (H2U)/10_Technical_and_Diligence/Mutual Agreement to Commence Work - Jin.pdf,PLACED,10 Technical & Diligence,False,moved,True
F01746,CaliCat (H2U),2022 H2U Data Room B2 (A+ Round)/HR/2020-2021/employees/Jian Jin/Mutual Agreement to Commence Work.docx,COMPANIES/CaliCat (H2U)/10_Technical_and_Diligence/Mutual Agreement to Commence Work.docx,PLACED,10 Technical & Diligence,False,moved,True
F01747,CaliCat (H2U),2022 H2U Data Room B2 (A+ Round)/HR/2020-2021/employees/Jian Jin/Offer Letter (form) 2020-10-20 v4 Jian Jin.docx,COMPANIES/CaliCat (H2U)/14_Historical_Superseded/Offer Letter (form) 2020-10-20 v4 Jian Jin__F01747.docx,SUPERSEDED,14 Historical / Superseded,False,moved,True
F01748,CaliCat (H2U),2022 H2U Data Room B2 (A+ Round)/HR/2020-2021/employees/Jian Jin/Offer Letter (form) 2020-10-20 v4 Jian Jin.pdf,COMPANIES/CaliCat (H2U)/14_Historical_Superseded/Offer Letter (form) 2020-10-20 v4 Jian Jin__F01748.pdf,SUPERSEDED,14 Historical / Superseded,False,moved,True
F01749,CaliCat (H2U),2022 H2U Data Room B2 (A+ Round)/HR/2020-2021/employees/Jian Jin/Offer Letter (form) 2020-10-28 v4 Jian Jin.pdf,COMPANIES/CaliCat (H2U)/10_Technical_and_Diligence/Offer Letter (form) 2020-10-28 v4 Jian Jin__F01749.pdf,PLACED,10 Technical & Diligence,False,moved,True
F01750,CaliCat (H2U),2022 H2U Data Room B2 (A+ Round)/HR/2020-2021/employees/Jian Jin/Offer Letter - Att. A - Confidentiality Agt. 2020-10-05 v1 (Caltech).pdf,COMPANIES/CaliCat (H2U)/10_Technical_and_Diligence/Offer Letter - Att. A - Confidentiality Agt. 2020-10-05 v1 (Caltech)__F01750.pdf,PLACED,10 Technical & Diligence,False,moved,True
F01751,CaliCat (H2U),2022 H2U Data Room B2 (A+ Round)/HR/2020-2021/employees/Jian Jin/Offer Letter - Att. A - Exh A for signing.pdf,COMPANIES/CaliCat (H2U)/10_Technical_and_Diligence/Offer Letter - Att. A - Exh A for signing__F01751.pdf,PLACED,10 Technical & Diligence,False,moved,True
F01752,CaliCat (H2U),2022 H2U Data Room B2 (A+ Round)/HR/2020-2021/employees/Jian Jin/Signature pages - checklist.txt,COMPANIES/CaliCat (H2U)/10_Technical_and_Diligence/Signature pages - checklist.txt,PLACED,10 Technical & Diligence,False,moved,True
F01753,CaliCat (H2U),"2022 H2U Data Room B2 (A+ Round)/HR/2020-2021/employees/Jian Jin/comp incr, promotion to VP.pdf","COMPANIES/CaliCat (H2U)/10_Technical_and_Diligence/comp incr, promotion to VP__F01753.pdf",PLACED,10 Technical & Diligence,False,moved,True
F01754,CaliCat (H2U),2022 H2U Data Room B2 (A+ Round)/HR/2020-2021/employees/Jian Jin/h2u-jianjin - signed.pdf,COMPANIES/CaliCat (H2U)/10_Technical_and_Diligence/h2u-jianjin - signed.pdf,PLACED,10 Technical & Diligence,False,moved,True
F01755,CaliCat (H2U),2022 H2U Data Room B2 (A+ Round)/HR/2020-2021/employees/Jian Jin/jian jin Att A Exh A signed.pdf,COMPANIES/CaliCat (H2U)/10_Technical_and_Diligence/jian jin Att A Exh A signed__F01755.pdf,PLACED,10 Technical & Diligence,False,moved,True
F01756,CaliCat (H2U),2022 H2U Data Room B2 (A+ Round)/HR/2020-2021/employees/Jian Jin/jian jin Att A page-12 signed.pdf,COMPANIES/CaliCat (H2U)/10_Technical_and_Diligence/jian jin Att A page-12 signed__F01756.pdf,PLACED,10 Technical & Diligence,False,moved,True
F01757,CaliCat (H2U),2022 H2U Data Room B2 (A+ Round)/HR/2020-2021/employees/Jian Jin/jian jin NDA page-1 2.pdf,COMPANIES/CaliCat (H2U)/10_Technical_and_Diligence/jian jin NDA page-1 2__F01757.pdf,PLACED,10 Technical & Diligence,False,moved,True
F01758,CaliCat (H2U),2022 H2U Data Room B2 (A+ Round)/HR/2020-2021/employees/Jian Jin/jian jin NDA page-1.pdf,COMPANIES/CaliCat (H2U)/10_Technical_and_Diligence/jian jin NDA page-1__F01758.pdf,PLACED,10 Technical & Diligence,False,moved,True
F01759,CaliCat (H2U),2022 H2U Data Room B2 (A+ Round)/HR/2020-2021/employees/Jian Jin/jian jin NDA page-3 2 signed JD and JJ.pdf,COMPANIES/CaliCat (H2U)/10_Technical_and_Diligence/jian jin NDA page-3 2 signed JD and JJ__F01759.pdf,PLACED,10 Technical & Diligence,False,moved,True
F01760,CaliCat (H2U),2022 H2U Data Room B2 (A+ Round)/HR/2020-2021/employees/Jian Jin/jian jin NDA page-3.pdf,COMPANIES/CaliCat (H2U)/10_Technical_and_Diligence/jian jin NDA page-3.pdf,PLACED,10 Technical & Diligence,False,moved,True
F01761,CaliCat (H2U),2022 H2U Data Room B2 (A+ Round)/HR/2020-2021/employees/Jian Jin/jian jin RSPA exhibit B signed.pdf,COMPANIES/CaliCat (H2U)/10_Technical_and_Diligence/jian jin RSPA exhibit B signed.pdf,PLACED,10 Technical & Diligence,False,moved,True
F01762,CaliCat (H2U),2022 H2U Data Room B2 (A+ Round)/HR/2020-2021/employees/Jian Jin/jian jin RSPA exhibit C signed.pdf,COMPANIES/CaliCat (H2U)/10_Technical_and_Diligence/jian jin RSPA exhibit C signed.pdf,PLACED,10 Technical & Diligence,False,moved,True
F01763,CaliCat (H2U),2022 H2U Data Room B2 (A+ Round)/HR/2020-2021/employees/Jian Jin/jian jin RSPA exhibit-A signed.pdf,COMPANIES/CaliCat (H2U)/10_Technical_and_Diligence/jian jin RSPA exhibit-A signed.pdf,PLACED,10 Technical & Diligence,False,moved,True
F01764,CaliCat (H2U),2022 H2U Data Room B2 (A+ Round)/HR/2020-2021/employees/Jian Jin/jian jin RSPA page-11 signed by JJ and JD.pdf,COMPANIES/CaliCat (H2U)/10_Technical_and_Diligence/jian jin RSPA page-11 signed by JJ and JD.pdf,PLACED,10 Technical & Diligence,False,moved,True
F01765,CaliCat (H2U),2022 H2U Data Room B2 (A+ Round)/HR/2020-2021/employees/Jian Jin/jian jin offer letter signed by JD and JJ.pdf,COMPANIES/CaliCat (H2U)/10_Technical_and_Diligence/jian jin offer letter signed by JD and JJ__F01765.pdf,PLACED,10 Technical & Diligence,False,moved,True
F01766,CaliCat (H2U),2022 H2U Data Room B2 (A+ Round)/HR/2020-2021/employees/Jun Wang/Jun Wang Offer Letter 2021-08-18.docx,COMPANIES/CaliCat (H2U)/10_Technical_and_Diligence/Jun Wang Offer Letter 2021-08-18.docx,PLACED,10 Technical & Diligence,False,moved,True
F01767,CaliCat (H2U),2022 H2U Data Room B2 (A+ Round)/HR/2020-2021/employees/Jun Wang/Jun Wang Offer Letter_signed.pdf,COMPANIES/CaliCat (H2U)/10_Technical_and_Diligence/Jun Wang Offer Letter_signed__F01767.pdf,PLACED,10 Technical & Diligence,False,moved,True
F01768,CaliCat (H2U),2022 H2U Data Room B2 (A+ Round)/HR/2020-2021/employees/K Rinaldi/H2U Offer Letter - Att. A - Confidentiality Agt - KZR signed.pdf,COMPANIES/CaliCat (H2U)/10_Technical_and_Diligence/H2U Offer Letter - Att. A - Confidentiality Agt - KZR signed.pdf,PLACED,10 Technical & Diligence,False,moved,True
F01769,CaliCat (H2U),2022 H2U Data Room B2 (A+ Round)/HR/2020-2021/employees/K Rinaldi/Katherine Rinaldi Signed Offer Letter.pdf,COMPANIES/CaliCat (H2U)/10_Technical_and_Diligence/Katherine Rinaldi Signed Offer Letter.pdf,PLACED,10 Technical & Diligence,False,moved,True
F01770,CaliCat (H2U),2022 H2U Data Room B2 (A+ Round)/HR/2020-2021/employees/Mike Mazza/MFM_Signed_H2U Offer Letter - Att. A - Confidentiality Agt.pdf,COMPANIES/CaliCat (H2U)/10_Technical_and_Diligence/MFM_Signed_H2U Offer Letter - Att. A - Confidentiality Agt.pdf,PLACED,10 Technical & Diligence,False,moved,True
F01771,CaliCat (H2U),2022 H2U Data Room B2 (A+ Round)/HR/2020-2021/employees/Mike Mazza/MFM_Signed_Michael Mazza Offer Letter 2021-08-27.pdf,COMPANIES/CaliCat (H2U)/10_Technical_and_Diligence/MFM_Signed_Michael Mazza Offer Letter 2021-08-27.pdf,PLACED,10 Technical & Diligence,False,moved,True
F01772,CaliCat (H2U),2022 H2U Data Room B2 (A+ Round)/HR/2020-2021/employees/Steve Wollenberg/H2U Mutual NDA - Steve W signed.pdf,COMPANIES/CaliCat (H2U)/10_Technical_and_Diligence/H2U Mutual NDA - Steve W signed.pdf,PLACED,10 Technical & Diligence,False,moved,True
F01773,CaliCat (H2U),2022 H2U Data Room B2 (A+ Round)/HR/2020-2021/employees/Steve Wollenberg/H2U Mutual NDA - generic.pdf,COMPANIES/CaliCat (H2U)/10_Technical_and_Diligence/H2U Mutual NDA - generic__F01773.pdf,PLACED,10 Technical & Diligence,False,moved,True
F01774,CaliCat (H2U),2022 H2U Data Room B2 (A+ Round)/HR/2020-2021/employees/Steve Wollenberg/H2U RSPA Wollenberg (2).docx,COMPANIES/CaliCat (H2U)/10_Technical_and_Diligence/H2U RSPA Wollenberg (2).docx,PLACED,10 Technical & Diligence,False,moved,True
F01775,CaliCat (H2U),2022 H2U Data Room B2 (A+ Round)/HR/2020-2021/employees/Steve Wollenberg/H2U RSPA Wollenberg 1 Nov 2020 signed.pdf,COMPANIES/CaliCat (H2U)/10_Technical_and_Diligence/H2U RSPA Wollenberg 1 Nov 2020 signed.pdf,PLACED,10 Technical & Diligence,False,moved,True
F01776,CaliCat (H2U),2022 H2U Data Room B2 (A+ Round)/HR/2020-2021/employees/Steve Wollenberg/H2U RSPA Wollenberg 1 Nov 2020.pdf,COMPANIES/CaliCat (H2U)/14_Historical_Superseded/H2U RSPA Wollenberg 1 Nov 2020.pdf,SUPERSEDED,14 Historical / Superseded,False,moved,True
F01777,CaliCat (H2U),2022 H2U Data Room B2 (A+ Round)/HR/2020-2021/employees/Steve Wollenberg/H2U RSPA Wollenberg final for signing.pdf,COMPANIES/CaliCat (H2U)/10_Technical_and_Diligence/H2U RSPA Wollenberg final for signing.pdf,PLACED,10 Technical & Diligence,False,moved,True
F01778,CaliCat (H2U),2022 H2U Data Room B2 (A+ Round)/HR/2020-2021/employees/Steve Wollenberg/H2U RSPA Wollenberg v2 RED.docx,COMPANIES/CaliCat (H2U)/10_Technical_and_Diligence/H2U RSPA Wollenberg v2 RED.docx,PLACED,10 Technical & Diligence,False,moved,True
F01779,CaliCat (H2U),2022 H2U Data Room B2 (A+ Round)/HR/2020-2021/employees/Steve Wollenberg/H2U RSPA Wollenberg.docx,COMPANIES/CaliCat (H2U)/14_Historical_Superseded/H2U RSPA Wollenberg.docx,SUPERSEDED,14 Historical / Superseded,False,moved,True
F01780,CaliCat (H2U),2022 H2U Data Room B2 (A+ Round)/HR/2020-2021/employees/Steve Wollenberg/H2U RSPA Wollenberg.pdf,COMPANIES/CaliCat (H2U)/14_Historical_Superseded/H2U RSPA Wollenberg.pdf,SUPERSEDED,14 Historical / Superseded,False,moved,True
F01781,CaliCat (H2U),2022 H2U Data Room B2 (A+ Round)/HR/2020-2021/employees/Steve Wollenberg/H2U Technologies - 1st Amendment to Offer Letter Wollenberg.docx,COMPANIES/CaliCat (H2U)/10_Technical_and_Diligence/H2U Technologies - 1st Amendment to Offer Letter Wollenberg.docx,PLACED,10 Technical & Diligence,False,moved,True
F01782,CaliCat (H2U),2022 H2U Data Room B2 (A+ Round)/HR/2020-2021/employees/Steve Wollenberg/H2U Technologies - S Wollenberg 1st Amendment to Offer Letter.docx,COMPANIES/CaliCat (H2U)/10_Technical_and_Diligence/H2U Technologies - S Wollenberg 1st Amendment to Offer Letter.docx,PLACED,10 Technical & Diligence,False,moved,True
F01783,CaliCat (H2U),2022 H2U Data Room B2 (A+ Round)/HR/2020-2021/employees/Steve Wollenberg/Mutual Agreement to Commence Work - Steve W.pdf,COMPANIES/CaliCat (H2U)/10_Technical_and_Diligence/Mutual Agreement to Commence Work - Steve W.pdf,PLACED,10 Technical & Diligence,False,moved,True
F01784,CaliCat (H2U),2022 H2U Data Room B2 (A+ Round)/HR/2020-2021/employees/Steve Wollenberg/Mutual Agreement to Commence Work.docx,COMPANIES/CaliCat (H2U)/10_Technical_and_Diligence/Mutual Agreement to Commence Work__F01784.docx,PLACED,10 Technical & Diligence,False,moved,True
F01785,CaliCat (H2U),2022 H2U Data Room B2 (A+ Round)/HR/2020-2021/employees/Steve Wollenberg/Offer Letter (form) 2020-10-28 v4 Steve Wollenberg.docx,COMPANIES/CaliCat (H2U)/14_Historical_Superseded/Offer Letter (form) 2020-10-28 v4 Steve Wollenberg.docx,SUPERSEDED,14 Historical / Superseded,False,moved,True
F01786,CaliCat (H2U),2022 H2U Data Room B2 (A+ Round)/HR/2020-2021/employees/Steve Wollenberg/Offer Letter (form) 2020-10-28 v4 Steve Wollenberg.pdf,COMPANIES/CaliCat (H2U)/10_Technical_and_Diligence/Offer Letter (form) 2020-10-28 v4 Steve Wollenberg.pdf,PLACED,10 Technical & Diligence,False,moved,True
F01787,CaliCat (H2U),2022 H2U Data Room B2 (A+ Round)/HR/2020-2021/employees/Steve Wollenberg/Offer Letter (form) 2Nov2020 Steve Wollenberg for signing.pdf,COMPANIES/CaliCat (H2U)/10_Technical_and_Diligence/Offer Letter (form) 2Nov2020 Steve Wollenberg for signing.pdf,PLACED,10 Technical & Diligence,False,moved,True
F01788,CaliCat (H2U),2022 H2U Data Room B2 (A+ Round)/HR/2020-2021/employees/Steve Wollenberg/Offer Letter - Att. A - Confidentiality Agt. 2020-10-05 v1 (Caltech).pdf,COMPANIES/CaliCat (H2U)/10_Technical_and_Diligence/Offer Letter - Att. A - Confidentiality Agt. 2020-10-05 v1 (Caltech)__F01788.pdf,PLACED,10 Technical & Diligence,False,moved,True
F01789,CaliCat (H2U),2022 H2U Data Room B2 (A+ Round)/HR/2020-2021/employees/Steve Wollenberg/Offer Letter - Att. A - Confidentiality Agt. 2020-10-05 v1 Wollenberg signed.pdf,COMPANIES/CaliCat (H2U)/10_Technical_and_Diligence/Offer Letter - Att. A - Confidentiality Agt. 2020-10-05 v1 Wollenberg signed.pdf,PLACED,10 Technical & Diligence,False,moved,True
F01790,CaliCat (H2U),2022 H2U Data Room B2 (A+ Round)/HR/2020-2021/employees/Steve Wollenberg/Offer Letter 1 Nov 2020 Steve Wollenberg signed.pdf,COMPANIES/CaliCat (H2U)/10_Technical_and_Diligence/Offer Letter 1 Nov 2020 Steve Wollenberg signed.pdf,PLACED,10 Technical & Diligence,False,moved,True
F01791,CaliCat (H2U),2022 H2U Data Room B2 (A+ Round)/HR/2020-2021/employees/Steve Wollenberg/Offer Letter 1 Nov 2020 Steve Wollenberg.pdf,COMPANIES/CaliCat (H2U)/14_Historical_Superseded/Offer Letter 1 Nov 2020 Steve Wollenberg.pdf,SUPERSEDED,14 Historical / Superseded,False,moved,True
F01792,CaliCat (H2U),2022 H2U Data Room B2 (A+ Round)/HR/2020-2021/employees/Steve Wollenberg/Signature pages - checklist.txt,COMPANIES/CaliCat (H2U)/10_Technical_and_Diligence/Signature pages - checklist__F01792.txt,PLACED,10 Technical & Diligence,False,moved,True
F01793,CaliCat (H2U),2022 H2U Data Room B2 (A+ Round)/HR/2020-2021/employees/Steve Wollenberg/Wollenberg payment for shares.jpg,COMPANIES/CaliCat (H2U)/10_Technical_and_Diligence/Wollenberg payment for shares.jpg,PLACED,10 Technical & Diligence,False,moved,True
F01794,CaliCat (H2U),2022 H2U Data Room B2 (A+ Round)/HR/2020-2021/employees/Steven J Lewis/H2U Offer Letter - Att. A - Confidentiality Agt.pdf,COMPANIES/CaliCat (H2U)/10_Technical_and_Diligence/H2U Offer Letter - Att. A - Confidentiality Agt.pdf,PLACED,10 Technical & Diligence,False,moved,True
F01795,CaliCat (H2U),2022 H2U Data Room B2 (A+ Round)/HR/2020-2021/employees/Steven J Lewis/Steven Jaffe-Lewis Offer Letter 2021-09-27.pdf,COMPANIES/CaliCat (H2U)/10_Technical_and_Diligence/Steven Jaffe-Lewis Offer Letter 2021-09-27.pdf,PLACED,10 Technical & Diligence,False,moved,True
F01796,CaliCat (H2U),2022 H2U Data Room B2 (A+ Round)/HR/2020-2021/employees/lichterman/Michael Lichterman Offer Letter 2021-09-08.docx,COMPANIES/CaliCat (H2U)/14_Historical_Superseded/Michael Lichterman Offer Letter 2021-09-08.docx,SUPERSEDED,14 Historical / Superseded,False,moved,True
F01797,CaliCat (H2U),2022 H2U Data Room B2 (A+ Round)/HR/2020-2021/employees/lichterman/Michael Lichterman Offer Letter 2021-09-08.pdf,COMPANIES/CaliCat (H2U)/10_Technical_and_Diligence/Michael Lichterman Offer Letter 2021-09-08.pdf,PLACED,10 Technical & Diligence,False,moved,True
F01798,CaliCat (H2U),2022 H2U Data Room B2 (A+ Round)/HR/2020-2021/employees/lichterman/Michael lichterman H2U Offer Letter - Att. A - Confidentiality Agt signed.docx,COMPANIES/CaliCat (H2U)/10_Technical_and_Diligence/Michael lichterman H2U Offer Letter - Att. A - Confidentiality Agt signed.docx,PLACED,10 Technical & Diligence,False,moved,True
F01799,CaliCat (H2U),2022 H2U Data Room B2 (A+ Round)/HR/2020-2021/employees/lichterman/steves notes.pdf,COMPANIES/CaliCat (H2U)/10_Technical_and_Diligence/steves notes.pdf,PLACED,10 Technical & Diligence,False,moved,True
F01800,CaliCat (H2U),2023 H2U Data Room A-2 Round/H2U A-2 for 2024 v3 $1.8M.xlsx,COMPANIES/CaliCat (H2U)/10_Technical_and_Diligence/H2U A-2 for 2024 v3 $1.8M.xlsx,PLACED,10 Technical & Diligence,False,moved,True
F01801,CaliCat (H2U),"2023 H2U Data Room A-2 Round/H2U DRAFT Term Sheet Series A2, MM input (2).pdf","COMPANIES/CaliCat (H2U)/10_Technical_and_Diligence/H2U DRAFT Term Sheet Series A2, MM input (2).pdf",PLACED,10 Technical & Diligence,False,moved,True
F01802,CaliCat (H2U),2023 H2U Data Room A-2 Round/H2U IDN RDSA Final edits 11-18_rev.docx,COMPANIES/CaliCat (H2U)/10_Technical_and_Diligence/H2U IDN RDSA Final edits 11-18_rev.docx,PLACED,10 Technical & Diligence,False,moved,True
F01803,CaliCat (H2U),2023 H2U Data Room A-2 Round/H2U Series A2 status & $1.8M Plan .pptx,COMPANIES/CaliCat (H2U)/10_Technical_and_Diligence/H2U Series A2 status & $1.8M Plan.pptx,PLACED,10 Technical & Diligence,True,moved,True
F01804,CaliCat (H2U),2024 Series A-2/Acario - Side Letter (H2U investment) - 5966965_v1.docx,COMPANIES/CaliCat (H2U)/02_Financing_and_Legal/Acario - Side Letter (H2U investment) - 5966965_v1.docx,PLACED,02 Financing & Legal,False,moved,True
F01805,CaliCat (H2U),"2024 Series A-2/H2U Technologies Inc. - Series A-2 - Amendment No. 1 to Stock Purchase Agreement (May 7, 2024) (Executed).pdf","COMPANIES/CaliCat (H2U)/02_Financing_and_Legal/H2U Technologies Inc. - Series A-2 - Amendment No. 1 to Stock Purchase Agreement (May 7, 2024) (Executed).pdf",PLACED,02 Financing & Legal,False,moved,True
F01806,CaliCat (H2U),"2024 Series A-2/H2U Technologies Inc. - Series A-2 - Board Consent (SPA Amendment No. 1) (May 7, 2024) (Executed).pdf","COMPANIES/CaliCat (H2U)/02_Financing_and_Legal/H2U Technologies Inc. - Series A-2 - Board Consent (SPA Amendment No. 1) (May 7, 2024) (Executed).pdf",PLACED,02 Financing & Legal,False,moved,True
F01807,CaliCat (H2U),2025 H2U Data Room A-3 Round/OneDrive_2025-04-14.zip,COMPANIES/CaliCat (H2U)/10_Technical_and_Diligence/OneDrive_2025-04-14.zip,PLACED,10 Technical & Diligence,False,moved,True
F01808,CaliCat (H2U),"B- Round 2022/H2U SERIES B, FINALa [Autosaved].pdf","COMPANIES/CaliCat (H2U)/15_Unclassified_Pending_Review/H2U SERIES B, FINALa [Autosaved].pdf",PENDING,15 Unclassified / Pending Review,False,moved,True
F01809,CaliCat (H2U),B- Round 2022/VoLo Earth Ventures Mail - Questions for B Round.pdf,COMPANIES/CaliCat (H2U)/15_Unclassified_Pending_Review/VoLo Earth Ventures Mail - Questions for B Round.pdf,PENDING,15 Unclassified / Pending Review,False,moved,True
F01810,CaliCat (H2U),B- Round 2022/Volo Questions_Market.pptx,COMPANIES/CaliCat (H2U)/15_Unclassified_Pending_Review/Volo Questions_Market.pptx,PENDING,15 Unclassified / Pending Review,False,moved,True
F01811,CaliCat (H2U),Board Meeting/5551685cPDF.pdf,COMPANIES/CaliCat (H2U)/06_Board_and_Governance/5551685cPDF.pdf,PLACED,06 Board & Governance,False,moved,True
F01812,CaliCat (H2U),Board Meeting/Calicat raises $3M for hydrogen materials.pdf,COMPANIES/CaliCat (H2U)/06_Board_and_Governance/Calicat raises $3M for hydrogen materials.pdf,PLACED,06 Board & Governance,False,moved,True
F01813,CaliCat (H2U),Board Meeting/CalicatBoD_2025-10-08_j2.pptx,COMPANIES/CaliCat (H2U)/06_Board_and_Governance/CalicatBoD_2025-10-08_j2.pptx,PLACED,06 Board & Governance,False,moved,True
F01814,CaliCat (H2U),Board Meeting/Feb7BoD_3.pptx,COMPANIES/CaliCat (H2U)/06_Board_and_Governance/Feb7BoD_3.pptx,PLACED,06 Board & Governance,False,moved,True
F01815,CaliCat (H2U),Board Meeting/H2U Feb 2024 Board Finance slides.pptx,COMPANIES/CaliCat (H2U)/06_Board_and_Governance/H2U Feb 2024 Board Finance slides.pptx,PLACED,06 Board & Governance,False,moved,True
F01816,CaliCat (H2U),Board Meeting/H2U Fundraising Deck v1.pdf,COMPANIES/CaliCat (H2U)/06_Board_and_Governance/H2U Fundraising Deck v1.pdf,PLACED,06 Board & Governance,False,moved,True
F01817,CaliCat (H2U),Board Meeting/H2U Technologies April 2024 Board Minutes.docx,COMPANIES/CaliCat (H2U)/06_Board_and_Governance/H2U Technologies April 2024 Board Minutes.docx,PLACED,06 Board & Governance,False,moved,True
F01818,CaliCat (H2U),Board Meeting/H2U Technologies Feb 2024 Board Minutes.docx,COMPANIES/CaliCat (H2U)/06_Board_and_Governance/H2U Technologies Feb 2024 Board Minutes.docx,PLACED,06 Board & Governance,False,moved,True
F01819,CaliCat (H2U),Board Meeting/H2U Technologies Jan 2024 Board Minutes v2.docx,COMPANIES/CaliCat (H2U)/06_Board_and_Governance/H2U Technologies Jan 2024 Board Minutes v2.docx,PLACED,06 Board & Governance,False,moved,True
F01820,CaliCat (H2U),Board Meeting/H2U Technologies Mar 2024 Board Minutes.docx,COMPANIES/CaliCat (H2U)/06_Board_and_Governance/H2U Technologies Mar 2024 Board Minutes.docx,PLACED,06 Board & Governance,False,moved,True
F01821,CaliCat (H2U),Board Meeting/H2U Technologies May 2024 Board Minutes.docx,COMPANIES/CaliCat (H2U)/06_Board_and_Governance/H2U Technologies May 2024 Board Minutes.docx,PLACED,06 Board & Governance,False,moved,True
F01822,CaliCat (H2U),Board Meeting/H2USUPERCRITICAL OFFER MEMO.pdf,COMPANIES/CaliCat (H2U)/06_Board_and_Governance/H2USUPERCRITICAL OFFER MEMO.pdf,PLACED,06 Board & Governance,False,moved,True
F01823,CaliCat (H2U),Board Meeting/H2UtechHighlights031324.pptx,COMPANIES/CaliCat (H2U)/06_Board_and_Governance/H2UtechHighlights031324.pptx,PLACED,06 Board & Governance,False,moved,True
F01824,CaliCat (H2U),Board Meeting/Jan16BoD_r2.pptx,COMPANIES/CaliCat (H2U)/06_Board_and_Governance/Jan16BoD_r2.pptx,PLACED,06 Board & Governance,False,moved,True
F01825,CaliCat (H2U),Board Meeting/Mar13BoD_2.pptx,COMPANIES/CaliCat (H2U)/06_Board_and_Governance/Mar13BoD_2.pptx,PLACED,06 Board & Governance,False,moved,True
F01826,CaliCat (H2U),Board Meeting/Oct 2024 board deck .pptx,COMPANIES/CaliCat (H2U)/06_Board_and_Governance/Oct 2024 board deck.pptx,PLACED,06 Board & Governance,True,moved,True
F01827,CaliCat (H2U),Board Meeting/Preview attachment Apr10BoD_3.pptxApr10BoD_3.pptx12 MB.url,COMPANIES/CaliCat (H2U)/06_Board_and_Governance/Preview attachment Apr10BoD_3.pptxApr10BoD_3.pptx12 MB.url,PLACED,06 Board & Governance,False,moved,True
F01828,CaliCat (H2U),Board Meeting/Preview attachment Jul10BoD_1.pptxJul10BoD_1.pptx16 MB.url,COMPANIES/CaliCat (H2U)/06_Board_and_Governance/Preview attachment Jul10BoD_1.pptxJul10BoD_1.pptx16 MB.url,PLACED,06 Board & Governance,False,moved,True
F01829,CaliCat (H2U),Board Meeting/Preview attachment Mar12BoD_1.pptxMar12BoD_1.pptx4.8 MB.url,COMPANIES/CaliCat (H2U)/06_Board_and_Governance/Preview attachment Mar12BoD_1.pptxMar12BoD_1.pptx4.8 MB.url,PLACED,06 Board & Governance,False,moved,True
F01830,CaliCat (H2U),Board Meeting/h2u-technologies-inc_2023-06-22_valuation_issued_2023-06-27_watermarked.pdf,COMPANIES/CaliCat (H2U)/06_Board_and_Governance/h2u-technologies-inc_2023-06-22_valuation_issued_2023-06-27_watermarked.pdf,PLACED,06 Board & Governance,False,moved,True
F01831,CaliCat (H2U),Board Meeting/h2u-technologies-inc_2024-10-09_summary_cap_intermediate_cap_detailed_cap_ledgers.xlsx,COMPANIES/CaliCat (H2U)/06_Board_and_Governance/h2u-technologies-inc_2024-10-09_summary_cap_intermediate_cap_detailed_cap_ledgers.xlsx,PLACED,06 Board & Governance,False,moved,True
F01832,CaliCat (H2U),Board Meeting/2022/Apr 2022/220516  Proposed Option Grants .pdf,COMPANIES/CaliCat (H2U)/06_Board_and_Governance/220516 Proposed Option Grants.pdf,PLACED,06 Board & Governance,True,moved,True
F01833,CaliCat (H2U),Board Meeting/2022/Apr 2022/H2U May BoD mtg.pptx,COMPANIES/CaliCat (H2U)/06_Board_and_Governance/H2U May BoD mtg__F01833.pptx,PLACED,06 Board & Governance,False,moved,True
F01834,CaliCat (H2U),Board Meeting/2022/Apr 2022/H2U Technologies - Proposed Board Resolutions (Draft for 4.14.22 meeting).docx,COMPANIES/CaliCat (H2U)/06_Board_and_Governance/H2U Technologies - Proposed Board Resolutions (Draft for 4.14.22 meeting)__F01834.docx,PLACED,06 Board & Governance,False,moved,True
F01835,CaliCat (H2U),Board Meeting/2022/Apr 2022/H2U Technologies APR 2022 Board Minutes.doc,COMPANIES/CaliCat (H2U)/06_Board_and_Governance/H2U Technologies APR 2022 Board Minutes__F01835.doc,PLACED,06 Board & Governance,False,moved,True
F01836,CaliCat (H2U),Board Meeting/2022/Apr 2022/h2u-technologies-inc_2022-05-11_intermediate_cap.pdf,COMPANIES/CaliCat (H2U)/06_Board_and_Governance/h2u-technologies-inc_2022-05-11_intermediate_cap.pdf,PLACED,06 Board & Governance,False,moved,True
F01837,CaliCat (H2U),Board Meeting/2022/Aug 2022/CEO Highlights - Jul+Aug 2022.pptx,COMPANIES/CaliCat (H2U)/06_Board_and_Governance/CEO Highlights - Jul+Aug 2022.pptx,PLACED,06 Board & Governance,False,moved,True
F01838,CaliCat (H2U),Board Meeting/2022/Aug 2022/H2U IRA Summary Memo.pdf,COMPANIES/CaliCat (H2U)/06_Board_and_Governance/H2U IRA Summary Memo.pdf,PLACED,06 Board & Governance,False,moved,True
F01839,CaliCat (H2U),Board Meeting/2022/Dec. 2022/H2U Dec '22 BoD Report.pdf,COMPANIES/CaliCat (H2U)/06_Board_and_Governance/H2U Dec '22 BoD Report__F01839.pdf,PLACED,06 Board & Governance,False,moved,True
F01840,CaliCat (H2U),Board Meeting/2022/July 2022/Board Meeting 7.11.22.jpg,COMPANIES/CaliCat (H2U)/06_Board_and_Governance/Board Meeting 7.11.22.jpg,PLACED,06 Board & Governance,False,moved,True
F01841,CaliCat (H2U),Board Meeting/2022/July 2022/CDE Diagnostic Tools-elemental screen shots.pptx,COMPANIES/CaliCat (H2U)/06_Board_and_Governance/CDE Diagnostic Tools-elemental screen shots.pptx,PLACED,06 Board & Governance,False,moved,True
F01842,CaliCat (H2U),Board Meeting/2022/July 2022/H2U July BoD mtg.pdf,COMPANIES/CaliCat (H2U)/06_Board_and_Governance/H2U July BoD mtg__F01842.pdf,PLACED,06 Board & Governance,False,moved,True
F01843,CaliCat (H2U),Board Meeting/2022/June 2022/H2U June BoD mtg.pdf,COMPANIES/CaliCat (H2U)/06_Board_and_Governance/H2U June BoD mtg__F01843.pdf,PLACED,06 Board & Governance,False,moved,True
F01844,CaliCat (H2U),Board Meeting/2022/Mar 2022/H2U Technologies - Board Consent (401K Approval).docx,COMPANIES/CaliCat (H2U)/06_Board_and_Governance/H2U Technologies - Board Consent (401K Approval).docx,PLACED,06 Board & Governance,False,moved,True
F01845,CaliCat (H2U),Board Meeting/2022/Mar 2022/H2U Technologies March 2022 Board Minutes.doc,COMPANIES/CaliCat (H2U)/06_Board_and_Governance/H2U Technologies March 2022 Board Minutes__F01845.doc,PLACED,06 Board & Governance,False,moved,True
F01846,CaliCat (H2U),Board Meeting/2022/May 2022/H2U May BoD mtg.pptx,COMPANIES/CaliCat (H2U)/06_Board_and_Governance/H2U May BoD mtg__F01846.pptx,PLACED,06 Board & Governance,False,moved,True
F01847,CaliCat (H2U),Board Meeting/2022/May 2022/H2U Press Release - New Chairman Tom Werner_Final.docx,COMPANIES/CaliCat (H2U)/06_Board_and_Governance/H2U Press Release - New Chairman Tom Werner_Final.docx,PLACED,06 Board & Governance,False,moved,True
F01848,CaliCat (H2U),Board Meeting/2022/May 2022/H2U Technologies - Board Consent (Director Removal and Appointment - DiSanto to Werner).docx.pdf,COMPANIES/CaliCat (H2U)/06_Board_and_Governance/H2U Technologies - Board Consent (Director Removal and Appointment - DiSanto to Werner).docx.pdf,PLACED,06 Board & Governance,False,moved,True
F01849,CaliCat (H2U),Board Meeting/2022/May 2022/H2U Technologies APR 2022 Board Minutes.doc,COMPANIES/CaliCat (H2U)/06_Board_and_Governance/H2U Technologies APR 2022 Board Minutes__F01849.doc,PLACED,06 Board & Governance,False,moved,True
F01850,CaliCat (H2U),Board Meeting/2022/May 2022/H2U investor presentation May2022.pdf,COMPANIES/CaliCat (H2U)/06_Board_and_Governance/H2U investor presentation May2022.pdf,PLACED,06 Board & Governance,False,moved,True
F01851,CaliCat (H2U),Board Meeting/2022/May 2022/Summary.pdf,COMPANIES/CaliCat (H2U)/06_Board_and_Governance/Summary.pdf,PLACED,06 Board & Governance,False,moved,True
F01852,CaliCat (H2U),Board Meeting/2022/Nov 2022/221117  Proposed Option Grants.pdf,COMPANIES/CaliCat (H2U)/06_Board_and_Governance/221117 Proposed Option Grants__F01852.pdf,PLACED,06 Board & Governance,True,moved,True
F01853,CaliCat (H2U),Board Meeting/2022/Nov 2022/H2U Nov '22 BoD Report.pdf,COMPANIES/CaliCat (H2U)/06_Board_and_Governance/H2U Nov '22 BoD Report__F01853.pdf,PLACED,06 Board & Governance,False,moved,True
F01854,CaliCat (H2U),Board Meeting/2022/Nov 2022/h2u-technologies-inc_2022-11-16_summary_cap_intermediate_cap_detailed_cap.pdf,COMPANIES/CaliCat (H2U)/06_Board_and_Governance/h2u-technologies-inc_2022-11-16_summary_cap_intermediate_cap_detailed_cap.pdf,PLACED,06 Board & Governance,False,moved,True
F01855,CaliCat (H2U),Board Meeting/2022/Oct 2022/H2U Jul '23 BoD Report.pdf,COMPANIES/CaliCat (H2U)/06_Board_and_Governance/H2U Jul '23 BoD Report.pdf,PLACED,06 Board & Governance,False,moved,True
F01856,CaliCat (H2U),Board Meeting/2022/Oct 2022/H2U Jun '23 BoD Report - ES (1).pdf,COMPANIES/CaliCat (H2U)/06_Board_and_Governance/H2U Jun '23 BoD Report - ES (1).pdf,PLACED,06 Board & Governance,False,moved,True
F01857,CaliCat (H2U),Board Meeting/2022/Oct 2022/H2U Oct '22 BoD Report.pptx,COMPANIES/CaliCat (H2U)/06_Board_and_Governance/H2U Oct '22 BoD Report__F01857.pptx,PLACED,06 Board & Governance,False,moved,True
F01858,CaliCat (H2U),Board Meeting/2022/Sept 2022/220915  Proposed Option Grants.pdf,COMPANIES/CaliCat (H2U)/06_Board_and_Governance/220915 Proposed Option Grants__F01858.pdf,PLACED,06 Board & Governance,True,moved,True
F01859,CaliCat (H2U),Board Meeting/2022/Sept 2022/H2U  Sep BoD mtg.pdf,COMPANIES/CaliCat (H2U)/06_Board_and_Governance/H2U Sep BoD mtg__F01859.pdf,PLACED,06 Board & Governance,True,moved,True
F01860,CaliCat (H2U),Board Meeting/2022/Sept 2022/Jan16BoD_r2.pptx,COMPANIES/CaliCat (H2U)/06_Board_and_Governance/Jan16BoD_r2__F01860.pptx,PLACED,06 Board & Governance,False,moved,True
F01861,CaliCat (H2U),Board Meeting/2022/Sept 2022/h2u-technologies-inc_2022-09-12_intermediate_cap.pdf,COMPANIES/CaliCat (H2U)/06_Board_and_Governance/h2u-technologies-inc_2022-09-12_intermediate_cap.pdf,PLACED,06 Board & Governance,False,moved,True
F01862,CaliCat (H2U),Board Meeting/2023/H2U Jan '23 BoD Report.pdf,COMPANIES/CaliCat (H2U)/06_Board_and_Governance/H2U Jan '23 BoD Report__F01862.pdf,PLACED,06 Board & Governance,False,moved,True
F01863,CaliCat (H2U),Board Meeting/2023/H2U Jul '23 BoD Report.pdf,COMPANIES/CaliCat (H2U)/06_Board_and_Governance/H2U Jul '23 BoD Report__F01863.pdf,PLACED,06 Board & Governance,False,moved,True
F01864,CaliCat (H2U),Board Meeting/2023/H2U Jun '23 BoD Report (Business Development).png,COMPANIES/CaliCat (H2U)/06_Board_and_Governance/H2U Jun '23 BoD Report (Business Development).png,PLACED,06 Board & Governance,False,moved,True
F01865,CaliCat (H2U),Board Meeting/2023/H2U Jun '23 BoD Report - ES.pdf,COMPANIES/CaliCat (H2U)/06_Board_and_Governance/H2U Jun '23 BoD Report - ES.pdf,PLACED,06 Board & Governance,False,moved,True
F01866,CaliCat (H2U),Board Meeting/2023/H2U Nov '23 BoD Report.pdf,COMPANIES/CaliCat (H2U)/06_Board_and_Governance/H2U Nov '23 BoD Report.pdf,PLACED,06 Board & Governance,False,moved,True
F01867,CaliCat (H2U),Board Meeting/2023/H2U Oct '23 BoD Report.pdf,COMPANIES/CaliCat (H2U)/06_Board_and_Governance/H2U Oct '23 BoD Report.pdf,PLACED,06 Board & Governance,False,moved,True
F01868,CaliCat (H2U),Board Meeting/2023/H2U Sep '23 BoD Report.pdf,COMPANIES/CaliCat (H2U)/06_Board_and_Governance/H2U Sep '23 BoD Report.pdf,PLACED,06 Board & Governance,False,moved,True
F01869,CaliCat (H2U),Board Meeting/2023/H2U Technologies 12.27.2023 Board Minutes.docx,COMPANIES/CaliCat (H2U)/06_Board_and_Governance/H2U Technologies 12.27.2023 Board Minutes.docx,PLACED,06 Board & Governance,False,moved,True
F01870,CaliCat (H2U),Board Meeting/2023/H2U Technologies Sep 2023 Board Minutes.docx,COMPANIES/CaliCat (H2U)/06_Board_and_Governance/H2U Technologies Sep 2023 Board Minutes.docx,PLACED,06 Board & Governance,False,moved,True
F01871,CaliCat (H2U),Board Meeting/2023/Apr 2023/04132023 Debrief .gdoc,COMPANIES/CaliCat (H2U)/06_Board_and_Governance/04132023 Debrief.gdoc,PLACED,06 Board & Governance,True,moved,True
F01872,CaliCat (H2U),Board Meeting/2023/Apr 2023/H2U Apr '23 BoD Report.pdf,COMPANIES/CaliCat (H2U)/06_Board_and_Governance/H2U Apr '23 BoD Report.pdf,PLACED,06 Board & Governance,False,moved,True
F01873,CaliCat (H2U),Board Meeting/2023/Apr 2023/H2U Screenshot 2023-04-12 180131.png,COMPANIES/CaliCat (H2U)/06_Board_and_Governance/H2U Screenshot 2023-04-12 180131.png,PLACED,06 Board & Governance,False,moved,True
F01874,CaliCat (H2U),Board Meeting/2023/Apr 2023/H2U Screenshot 2023-04-12 180424.png,COMPANIES/CaliCat (H2U)/06_Board_and_Governance/H2U Screenshot 2023-04-12 180424.png,PLACED,06 Board & Governance,False,moved,True
F01875,CaliCat (H2U),Board Meeting/2025/CalicatBoDJul2.pdf,COMPANIES/CaliCat (H2U)/06_Board_and_Governance/CalicatBoDJul2.pdf,PLACED,06 Board & Governance,False,moved,True
F01876,CaliCat (H2U),Board Meeting/2026/CalicatBoD_2026-01-14_rev2.pptx,COMPANIES/CaliCat (H2U)/06_Board_and_Governance/CalicatBoD_2026-01-14_rev2.pptx,PLACED,06 Board & Governance,False,moved,True
F01877,CaliCat (H2U),Board Meeting/2026/CalicatBoD_2026-06-17.pptx,COMPANIES/CaliCat (H2U)/06_Board_and_Governance/CalicatBoD_2026-06-17.pptx,PLACED,06 Board & Governance,False,moved,True
F01878,CaliCat (H2U),Finance Committee/2024 H2U employee pay and equity_revJ1.xlsx,COMPANIES/CaliCat (H2U)/06_Board_and_Governance/2024 H2U employee pay and equity_revJ1.xlsx,PLACED,06 Board & Governance,False,moved,True
F01879,CaliCat (H2U),Finance Committee/A5665-A1 H2U First Amendment Draft 20241002.docx,COMPANIES/CaliCat (H2U)/06_Board_and_Governance/A5665-A1 H2U First Amendment Draft 20241002.docx,PLACED,06 Board & Governance,False,moved,True
F01880,CaliCat (H2U),Finance Committee/H2U Oct 2024 Board Finance slides.pptx,COMPANIES/CaliCat (H2U)/06_Board_and_Governance/H2U Oct 2024 Board Finance slides.pptx,PLACED,06 Board & Governance,False,moved,True
F01881,CaliCat (H2U),Finance Committee/H2U Technologies July 2024 Board Minutes.docx,COMPANIES/CaliCat (H2U)/06_Board_and_Governance/H2U Technologies July 2024 Board Minutes.docx,PLACED,06 Board & Governance,False,moved,True
F01882,CaliCat (H2U),"Finance Committee/H2U Technologies, Inc. - License Agreement - CalTech (Executed 07.23.2021)[1].pdf","COMPANIES/CaliCat (H2U)/06_Board_and_Governance/H2U Technologies, Inc. - License Agreement - CalTech (Executed 07.23.2021)[1].pdf",PLACED,06 Board & Governance,False,moved,True
F01883,CaliCat (H2U),"Finance Committee/H2U finance committee meeting - August 30, 2024.docx","COMPANIES/CaliCat (H2U)/06_Board_and_Governance/H2U finance committee meeting - August 30, 2024.docx",PLACED,06 Board & Governance,False,moved,True
F01884,CaliCat (H2U),Finance Committee/Trimmed Patent Portfolio 2024-09-16.xlsx,COMPANIES/CaliCat (H2U)/06_Board_and_Governance/Trimmed Patent Portfolio 2024-09-16.xlsx,PLACED,06 Board & Governance,False,moved,True
F01885,CaliCat (H2U),Finance Committee/VoLo Earth Ventures Mail - oct 2024 check-in.pdf,COMPANIES/CaliCat (H2U)/06_Board_and_Governance/VoLo Earth Ventures Mail - oct 2024 check-in.pdf,PLACED,06 Board & Governance,False,moved,True
