file_id,company,from_rel,to_rel,disposition,bucket,renamed,reason,ok
F00001,Cambium,Biweekly Finance Update 2:7:25.pdf,COMPANIES/Cambium/15_Unclassified_Pending_Review/Biweekly Finance Update 2_7_25.pdf,PENDING,15 Unclassified / Pending Review,True,moved,True
F00002,Cambium,VoLo - Cambium Series A Term Sheet (Execution Copy) 10.29.24 - signed.pdf,COMPANIES/Cambium/02_Financing_and_Legal/VoLo - Cambium Series A Term Sheet (Execution Copy) 10.29.24 - signed.pdf,PLACED,02 Financing & Legal,False,moved,True
F00003,Cambium,volo_non-reliance_letter_2.4.25_re_cambium.pdf,COMPANIES/Cambium/15_Unclassified_Pending_Review/volo_non-reliance_letter_2.4.25_re_cambium.pdf,PENDING,15 Unclassified / Pending Review,False,moved,True
F00004,Cambium,Amazon Contract/GAZ5 (Formerally ATLz) 06 1718 (Glulam) and 06 1719 (CLT) - AECOM - R1.docx,COMPANIES/Cambium/09_Commercial_and_Customers/GAZ5 (Formerally ATLz) 06 1718 (Glulam) and 06 1719 (CLT) - AECOM - R1.docx,PLACED,09 Commercial & Customers,False,moved,True
F00005,Cambium,Amazon Contract/Maverick - TXZ5 - Carbon Smart Wood.pdf,COMPANIES/Cambium/09_Commercial_and_Customers/Maverick - TXZ5 - Carbon Smart Wood.pdf,PLACED,09 Commercial & Customers,False,moved,True
F00006,Cambium,Board Meetings/1.23.26 Board Meeting Deck.pdf,COMPANIES/Cambium/06_Board_and_Governance/1.23.26 Board Meeting Deck.pdf,PLACED,06 Board & Governance,False,moved,True
F00007,Cambium,Board Meetings/1.23.26 Cambium Board Meeting Deck.pdf,COMPANIES/Cambium/06_Board_and_Governance/1.23.26 Cambium Board Meeting Deck.pdf,PLACED,06 Board & Governance,False,moved,True
F00008,Cambium,Board Meetings/1.29.25 Board Meeting Deck.pdf,COMPANIES/Cambium/06_Board_and_Governance/1.29.25 Board Meeting Deck.pdf,PLACED,06 Board & Governance,False,moved,True
F00009,Cambium,Board Meetings/1.29.25 Cambium Board Meeting,COMPANIES/Cambium/06_Board_and_Governance/1.29.25 Cambium Board Meeting,PLACED,06 Board & Governance,False,moved,True
F00010,Cambium,Board Meetings/1.29.25 Cambium Board Meeting Pre-Reads,COMPANIES/Cambium/06_Board_and_Governance/1.29.25 Cambium Board Meeting Pre-Reads,PLACED,06 Board & Governance,False,moved,True
F00011,Cambium,Board Meetings/10.30.25 Board Meeting Deck.pdf,COMPANIES/Cambium/06_Board_and_Governance/10.30.25 Board Meeting Deck.pdf,PLACED,06 Board & Governance,False,moved,True
F00012,Cambium,Board Meetings/4.30.25 Cambium Board Meeting,COMPANIES/Cambium/06_Board_and_Governance/4.30.25 Cambium Board Meeting,PLACED,06 Board & Governance,False,moved,True
F00013,Cambium,Board Meetings/7.30.25 Cambium Board Deck.pdf,COMPANIES/Cambium/06_Board_and_Governance/7.30.25 Cambium Board Deck.pdf,PLACED,06 Board & Governance,False,moved,True
F00014,Cambium,Board Meetings/Baltimore Expansion.gdoc,COMPANIES/Cambium/06_Board_and_Governance/Baltimore Expansion.gdoc,PLACED,06 Board & Governance,False,moved,True
F00015,Cambium,Board Meetings/Cambium Q3 Board Meeting Minutes 10.23.24.pdf,COMPANIES/Cambium/06_Board_and_Governance/Cambium Q3 Board Meeting Minutes 10.23.24.pdf,PLACED,06 Board & Governance,False,moved,True
F00016,Cambium,Board Meetings/December 2024 Draft Financials.pdf,COMPANIES/Cambium/06_Board_and_Governance/December 2024 Draft Financials.pdf,PLACED,06 Board & Governance,False,moved,True
F00017,Cambium,Board Meetings/April 2026/4.27.26 Cambium Quarterly Board Meeting.pdf,COMPANIES/Cambium/06_Board_and_Governance/4.27.26 Cambium Quarterly Board Meeting.pdf,PLACED,06 Board & Governance,False,moved,True
F00018,Cambium,Board Meetings/April 2026/Board meeting _ Brand Presentation _ 4_27_26.pdf,COMPANIES/Cambium/06_Board_and_Governance/Board meeting _ Brand Presentation _ 4_27_26.pdf,PLACED,06 Board & Governance,False,moved,True
F00019,Cambium,Board Meetings/April 2026/Cambium_Consolidated_Financial_Statements_Q1_2026 (1).pdf,COMPANIES/Cambium/06_Board_and_Governance/Cambium_Consolidated_Financial_Statements_Q1_2026 (1).pdf,PLACED,06 Board & Governance,False,moved,True
F00020,Cambium,Convertible Note March 2026/Cambium Carbon - 2026 Note Financing - Board Consent.docx.pdf,COMPANIES/Cambium/02_Financing_and_Legal/Cambium Carbon - 2026 Note Financing - Board Consent.docx.pdf,PLACED,02 Financing & Legal,False,moved,True
F00021,Cambium,Convertible Note March 2026/Cambium Carbon - Convertible Promissory Note [Final].docx,COMPANIES/Cambium/02_Financing_and_Legal/Cambium Carbon - Convertible Promissory Note [Final].docx,PLACED,02 Financing & Legal,False,moved,True
F00022,Cambium,Convertible Note March 2026/Cambium Carbon - Secondary - Board Consent.pdf,COMPANIES/Cambium/02_Financing_and_Legal/Cambium Carbon - Secondary - Board Consent.pdf,PLACED,02 Financing & Legal,False,moved,True
F00023,Cambium,Convertible Note March 2026/Cambium Carbon PBC - 2026 Note Financing - Stockholder Consent.docx,COMPANIES/Cambium/02_Financing_and_Legal/Cambium Carbon PBC - 2026 Note Financing - Stockholder Consent.docx,PLACED,02 Financing & Legal,False,moved,True
F00024,Cambium,Convertible Note March 2026/Cambium Carbon PBC - Note - Disclosure Schedule [Final].docx,COMPANIES/Cambium/02_Financing_and_Legal/Cambium Carbon PBC - Note - Disclosure Schedule [Final].docx,PLACED,02 Financing & Legal,False,moved,True
F00025,Cambium,Convertible Note March 2026/Pages from Cambium Carbon PBC - 2026 Note Financing - Stockholder Consent(VE).pdf,COMPANIES/Cambium/02_Financing_and_Legal/Pages from Cambium Carbon PBC - 2026 Note Financing - Stockholder Consent(VE).pdf,PLACED,02 Financing & Legal,False,moved,True
F00026,Cambium,Convertible Note March 2026/Summary.pdf,COMPANIES/Cambium/02_Financing_and_Legal/Summary.pdf,PLACED,02 Financing & Legal,False,moved,True
F00027,Cambium,Diligence/Core Decks/Cambium Carbon Series A V7.1.pdf,COMPANIES/Cambium/12_Company_Materials/Cambium Carbon Series A V7.1.pdf,PLACED,12 Company Materials,False,moved,True
F00028,Cambium,Diligence/Core Decks/Cambium+Pitch+Deck (3).pdf,COMPANIES/Cambium/12_Company_Materials/Cambium+Pitch+Deck (3).pdf,PLACED,12 Company Materials,False,moved,True
F00029,Cambium,Diligence/Cost Parity/Cambium+CLT+Parity+Plan (1).pdf,COMPANIES/Cambium/10_Technical_and_Diligence/Cambium+CLT+Parity+Plan (1).pdf,PLACED,10 Technical & Diligence,False,moved,True
F00030,Cambium,Diligence/Cost Parity/Cambium+CLT+Parity+Plan.pdf,COMPANIES/Cambium/14_Historical_Superseded/Cambium+CLT+Parity+Plan.pdf,SUPERSEDED,14 Historical / Superseded,False,moved,True
F00031,Cambium,Diligence/Cost Parity/Carbon Smart Wood  Path to Parity (1).pdf,COMPANIES/Cambium/10_Technical_and_Diligence/Carbon Smart Wood Path to Parity (1).pdf,PLACED,10 Technical & Diligence,True,moved,True
F00032,Cambium,Diligence/Cost Parity/Cambium Data Room 2024 _ Supplemental Documentation 2/HR (Supplementary Docs)/2024 Cambium Benefits Guide.pdf,COMPANIES/Cambium/10_Technical_and_Diligence/2024 Cambium Benefits Guide.pdf,PLACED,10 Technical & Diligence,False,moved,True
F00033,Cambium,Diligence/Cost Parity/Cambium Data Room 2024 _ Supplemental Documentation 2/HR (Supplementary Docs)/Cambium Employee Handbook.pdf,COMPANIES/Cambium/10_Technical_and_Diligence/Cambium Employee Handbook.pdf,PLACED,10 Technical & Diligence,False,moved,True
F00034,Cambium,Diligence/Cost Parity/Cambium Data Room 2024 _ Supplemental Documentation 2/Impact (Supplementary Docs)/Cambium Impact Overview.pdf,COMPANIES/Cambium/11_Impact_and_Climate/Cambium Impact Overview.pdf,PLACED,11 Impact & Climate,False,moved,True
F00035,Cambium,Diligence/Cost Parity/Cambium Data Room 2024 _ Supplemental Documentation 2/Impact (Supplementary Docs)/Reforestation Hubs Concept Note.pdf,COMPANIES/Cambium/11_Impact_and_Climate/Reforestation Hubs Concept Note.pdf,PLACED,11 Impact & Climate,False,moved,True
F00036,Cambium,Diligence/Cost Parity/Cambium Data Room 2024 _ Supplemental Documentation 2/Impact (Supplementary Docs)/Certifications/Declare Label/Declare  Manufacturer_s Guide.pdf,COMPANIES/Cambium/11_Impact_and_Climate/Declare Manufacturer_s Guide.pdf,PLACED,11 Impact & Climate,True,moved,True
F00037,Cambium,Diligence/Cost Parity/Cambium Data Room 2024 _ Supplemental Documentation 2/Impact (Supplementary Docs)/Certifications/Declare Label/Declare Label_Carbon Smart Wood.docx,COMPANIES/Cambium/11_Impact_and_Climate/Declare Label_Carbon Smart Wood.docx,PLACED,11 Impact & Climate,False,moved,True
F00038,Cambium,Diligence/Cost Parity/Cambium Data Room 2024 _ Supplemental Documentation 2/Impact (Supplementary Docs)/Certifications/Declare Label/Declare Label_Carbon Smart Wood.jpg,COMPANIES/Cambium/14_Historical_Superseded/Declare Label_Carbon Smart Wood.jpg,SUPERSEDED,14 Historical / Superseded,False,moved,True
F00039,Cambium,Diligence/Cost Parity/Cambium Data Room 2024 _ Supplemental Documentation 2/Impact (Supplementary Docs)/Certifications/Declare Label/Declare Label_Thermo.docx,COMPANIES/Cambium/11_Impact_and_Climate/Declare Label_Thermo.docx,PLACED,11 Impact & Climate,False,moved,True
F00040,Cambium,Diligence/Cost Parity/Cambium Data Room 2024 _ Supplemental Documentation 2/Impact (Supplementary Docs)/Certifications/Declare Label/RedOak_Siding_ClearOil_5.jpg,COMPANIES/Cambium/11_Impact_and_Climate/RedOak_Siding_ClearOil_5.jpg,PLACED,11 Impact & Climate,False,moved,True
F00041,Cambium,Diligence/Cost Parity/Cambium Data Room 2024 _ Supplemental Documentation 2/Impact (Supplementary Docs)/Certifications/Declare Label/red oak siding_csw label.png,COMPANIES/Cambium/11_Impact_and_Climate/red oak siding_csw label.png,PLACED,11 Impact & Climate,False,moved,True
F00042,Cambium,Diligence/Cost Parity/Cambium Data Room 2024 _ Supplemental Documentation 2/Impact (Supplementary Docs)/Certifications/Declare Label/white oak_csw label.png,COMPANIES/Cambium/11_Impact_and_Climate/white oak_csw label.png,PLACED,11 Impact & Climate,False,moved,True
F00043,Cambium,Diligence/Cost Parity/Cambium Data Room 2024 _ Supplemental Documentation 2/Impact (Supplementary Docs)/Certifications/USDA Biobased/BioPreferredLabel_Black SVG.SVG,COMPANIES/Cambium/11_Impact_and_Climate/BioPreferredLabel_Black SVG.SVG,PLACED,11 Impact & Climate,False,moved,True
F00044,Cambium,Diligence/Cost Parity/Cambium Data Room 2024 _ Supplemental Documentation 2/Impact (Supplementary Docs)/Certifications/USDA Biobased/BioPreferredLabel_Black.PNG,COMPANIES/Cambium/11_Impact_and_Climate/BioPreferredLabel_Black.PNG,PLACED,11 Impact & Climate,False,moved,True
F00045,Cambium,Diligence/Cost Parity/Cambium Data Room 2024 _ Supplemental Documentation 2/Impact (Supplementary Docs)/Certifications/USDA Biobased/BioPreferredLabel_Color SVG.SVG,COMPANIES/Cambium/11_Impact_and_Climate/BioPreferredLabel_Color SVG.SVG,PLACED,11 Impact & Climate,False,moved,True
F00046,Cambium,Diligence/Cost Parity/Cambium Data Room 2024 _ Supplemental Documentation 2/Impact (Supplementary Docs)/Certifications/USDA Biobased/BioPreferredLabel_Color.PNG,COMPANIES/Cambium/11_Impact_and_Climate/BioPreferredLabel_Color.PNG,PLACED,11 Impact & Climate,False,moved,True
F00047,Cambium,Diligence/Cost Parity/Cambium Data Room 2024 _ Supplemental Documentation 2/Impact (Supplementary Docs)/Certifications/USDA Biobased/BioPreferredLabel_White SVG.SVG,COMPANIES/Cambium/11_Impact_and_Climate/BioPreferredLabel_White SVG.SVG,PLACED,11 Impact & Climate,False,moved,True
F00048,Cambium,Diligence/Cost Parity/Cambium Data Room 2024 _ Supplemental Documentation 2/Impact (Supplementary Docs)/Certifications/USDA Biobased/BioPreferredLabel_White.PNG,COMPANIES/Cambium/11_Impact_and_Climate/BioPreferredLabel_White.PNG,PLACED,11 Impact & Climate,False,moved,True
F00049,Cambium,Diligence/Cost Parity/Cambium Data Room 2024 _ Supplemental Documentation 2/Impact (Supplementary Docs)/Certifications/USDA Biobased/USDA BioPreferred Certification_Carbon Smart Wood.pdf,COMPANIES/Cambium/11_Impact_and_Climate/USDA BioPreferred Certification_Carbon Smart Wood.pdf,PLACED,11 Impact & Climate,False,moved,True
F00050,Cambium,Diligence/Cost Parity/Cambium Data Room 2024 _ Supplemental Documentation 2/Impact (Supplementary Docs)/Certifications/USDA Biobased/USDA Biobased Application_Carbon Smart Wood.docx,COMPANIES/Cambium/11_Impact_and_Climate/USDA Biobased Application_Carbon Smart Wood.docx,PLACED,11 Impact & Climate,False,moved,True
F00051,Cambium,Diligence/Cost Parity/Cambium Data Room 2024 _ Supplemental Documentation 2/Impact (Supplementary Docs)/Certifications/USDA Biobased/USDA_Guidelines_Final.pdf,COMPANIES/Cambium/11_Impact_and_Climate/USDA_Guidelines_Final.pdf,PLACED,11 Impact & Climate,False,moved,True
F00052,Cambium,Diligence/Cost Parity/Cambium Data Room 2024 _ Supplemental Documentation 2/Impact (Supplementary Docs)/Consulting Agreements /8 Rivers Feedstock Sourcing + Testing.pdf,COMPANIES/Cambium/11_Impact_and_Climate/8 Rivers Feedstock Sourcing + Testing.pdf,PLACED,11 Impact & Climate,False,moved,True
F00053,Cambium,Diligence/Cost Parity/Cambium Data Room 2024 _ Supplemental Documentation 2/Impact (Supplementary Docs)/Consulting Agreements /8Rivers _ Executive Summary.pdf,COMPANIES/Cambium/11_Impact_and_Climate/8Rivers _ Executive Summary.pdf,PLACED,11 Impact & Climate,False,moved,True
F00054,Cambium,Diligence/Cost Parity/Cambium Data Room 2024 _ Supplemental Documentation 2/Impact (Supplementary Docs)/Consulting Agreements /Landforce x Cambium MSA.pdf,COMPANIES/Cambium/11_Impact_and_Climate/Landforce x Cambium MSA.pdf,PLACED,11 Impact & Climate,False,moved,True
F00055,Cambium,Diligence/Cost Parity/Cambium Data Room 2024 _ Supplemental Documentation 2/Impact (Supplementary Docs)/Consulting Agreements /Larimer County CO & Cambium contract ($300k).PDF,COMPANIES/Cambium/11_Impact_and_Climate/Larimer County CO & Cambium contract ($300k).PDF,PLACED,11 Impact & Climate,False,moved,True
F00056,Cambium,Diligence/Cost Parity/Cambium Data Room 2024 _ Supplemental Documentation 2/Impact (Supplementary Docs)/Consulting Agreements /Lendlease Fort Cavazos Contract.pdf,COMPANIES/Cambium/11_Impact_and_Climate/Lendlease Fort Cavazos Contract.pdf,PLACED,11 Impact & Climate,False,moved,True
F00057,Cambium,Diligence/Cost Parity/Cambium Data Room 2024 _ Supplemental Documentation 2/Impact (Supplementary Docs)/Consulting Agreements /Partnership on Waste & Energy Phase II Contract.pdf,COMPANIES/Cambium/11_Impact_and_Climate/Partnership on Waste & Energy Phase II Contract.pdf,PLACED,11 Impact & Climate,False,moved,True
F00058,Cambium,Diligence/Cost Parity/Cambium Data Room 2024 _ Supplemental Documentation 2/Impact (Supplementary Docs)/Consulting Agreements /Penninsula Open Space Trust Contract.pdf,COMPANIES/Cambium/11_Impact_and_Climate/Penninsula Open Space Trust Contract.pdf,PLACED,11 Impact & Climate,False,moved,True
F00059,Cambium,Diligence/Cost Parity/Cambium Data Room 2024 _ Supplemental Documentation 2/Impact (Supplementary Docs)/Impact Quantification Tools [Confidential & Proprietary]/Biogenic Carbon Storage & Reinvestment Calculator.xlsx,COMPANIES/Cambium/11_Impact_and_Climate/Biogenic Carbon Storage & Reinvestment Calculator.xlsx,PLACED,11 Impact & Climate,False,moved,True
F00060,Cambium,Diligence/Cost Parity/Cambium Data Room 2024 _ Supplemental Documentation 2/Impact (Supplementary Docs)/Impact Quantification Tools [Confidential & Proprietary]/Carbon Smart Wood Impact Model.xlsx,COMPANIES/Cambium/11_Impact_and_Climate/Carbon Smart Wood Impact Model.xlsx,PLACED,11 Impact & Climate,False,moved,True
F00061,Cambium,Diligence/Cost Parity/Cambium Data Room 2024 _ Supplemental Documentation 2/Impact (Supplementary Docs)/Impact Quantification Tools [Confidential & Proprietary]/Traece-generated CSW Project Impact Report (Sample).pdf,COMPANIES/Cambium/11_Impact_and_Climate/Traece-generated CSW Project Impact Report (Sample).pdf,PLACED,11 Impact & Climate,False,moved,True
F00062,Cambium,Diligence/Cost Parity/Cambium Data Room 2024 _ Supplemental Documentation 2/Legal (Supplementary Docs)/Company Minute Book and Corporate Records/Confidentiality and Nondisclosure Agreement - CAMBIUM CARBON PBC Firewood Farms UNEXECUTED.docx,COMPANIES/Cambium/02_Financing_and_Legal/Confidentiality and Nondisclosure Agreement - CAMBIUM CARBON PBC Firewood Farms UNEXECUTED.docx,PLACED,02 Financing & Legal,False,moved,True
F00063,Cambium,Diligence/Cost Parity/Cambium Data Room 2024 _ Supplemental Documentation 2/Legal (Supplementary Docs)/Company Minute Book and Corporate Records/Confidentiality and Nondisclosure Agreement - CAMBIUM CARBON PBC _ ChipDrop.docx,COMPANIES/Cambium/02_Financing_and_Legal/Confidentiality and Nondisclosure Agreement - CAMBIUM CARBON PBC _ ChipDrop.docx,PLACED,02 Financing & Legal,False,moved,True
F00064,Cambium,Diligence/Cost Parity/Cambium Data Room 2024 _ Supplemental Documentation 2/Legal (Supplementary Docs)/Company Minute Book and Corporate Records/Confidentiality and Nondisclosure Agreement - CAMBIUM CARBON PBC.docx,COMPANIES/Cambium/02_Financing_and_Legal/Confidentiality and Nondisclosure Agreement - CAMBIUM CARBON PBC.docx,PLACED,02 Financing & Legal,False,moved,True
F00065,Cambium,Diligence/Cost Parity/Cambium Data Room 2024 _ Supplemental Documentation 2/Legal (Supplementary Docs)/Company Minute Book and Corporate Records/Confidentiality and Nondisclosure Agreement - CAMBIUM CARBON PBC_PlanITgeo.docx,COMPANIES/Cambium/02_Financing_and_Legal/Confidentiality and Nondisclosure Agreement - CAMBIUM CARBON PBC_PlanITgeo.docx,PLACED,02 Financing & Legal,False,moved,True
F00066,Cambium,Diligence/Cost Parity/Cambium Data Room 2024 _ Supplemental Documentation 2/Legal (Supplementary Docs)/Company Minute Book and Corporate Records/Confidentiality and Nondisclosure Agreement - CAMBIUM CARBON PBC_TimberEye.docx,COMPANIES/Cambium/02_Financing_and_Legal/Confidentiality and Nondisclosure Agreement - CAMBIUM CARBON PBC_TimberEye.docx,PLACED,02 Financing & Legal,False,moved,True
F00067,Cambium,Diligence/Cost Parity/Cambium Data Room 2024 _ Supplemental Documentation 2/Legal (Supplementary Docs)/Company Minute Book and Corporate Records/Confidentiality and Nondisclosure Agreement - CAMBIUM CARBON PBC_WorkingTrees.docx,COMPANIES/Cambium/02_Financing_and_Legal/Confidentiality and Nondisclosure Agreement - CAMBIUM CARBON PBC_WorkingTrees.docx,PLACED,02 Financing & Legal,False,moved,True
F00068,Cambium,Diligence/Cost Parity/Cambium Data Room 2024 _ Supplemental Documentation 2/Legal (Supplementary Docs)/Company Minute Book and Corporate Records/Confidentiality and Nondisclosure Agreement - CAMBIUM CARBON PBC_c scale.docx,COMPANIES/Cambium/02_Financing_and_Legal/Confidentiality and Nondisclosure Agreement - CAMBIUM CARBON PBC_c scale.docx,PLACED,02 Financing & Legal,False,moved,True
F00069,Cambium,Diligence/Cost Parity/Cambium Data Room 2024 _ Supplemental Documentation 2/Legal (Supplementary Docs)/Company Minute Book and Corporate Records/Digital Acknowledgement _ Confidentiality and Nondisclosure Agreement - CAMBIUM CARBON PBC.docx,COMPANIES/Cambium/02_Financing_and_Legal/Digital Acknowledgement _ Confidentiality and Nondisclosure Agreement - CAMBIUM CARBON PBC.docx,PLACED,02 Financing & Legal,False,moved,True
F00070,Cambium,Diligence/Cost Parity/Cambium Data Room 2024 _ Supplemental Documentation 2/Legal (Supplementary Docs)/Company Minute Book and Corporate Records/Forward Forestry Confidentiality and Nondisclosure Agreement - CAMBIUM CARBON PBC.docx,COMPANIES/Cambium/02_Financing_and_Legal/Forward Forestry Confidentiality and Nondisclosure Agreement - CAMBIUM CARBON PBC.docx,PLACED,02 Financing & Legal,False,moved,True
F00071,Cambium,Diligence/Cost Parity/Cambium Data Room 2024 _ Supplemental Documentation 2/Legal (Supplementary Docs)/Company Minute Book and Corporate Records/[TEMPLATE] Confidentiality and Nondisclosure Agreement - CAMBIUM CARBON PBC.docx,COMPANIES/Cambium/02_Financing_and_Legal/[TEMPLATE] Confidentiality and Nondisclosure Agreement - CAMBIUM CARBON PBC.docx,PLACED,02 Financing & Legal,False,moved,True
F00072,Cambium,Diligence/Cost Parity/Cambium Data Room 2024 _ Supplemental Documentation 2/Legal (Supplementary Docs)/Company Minute Book and Corporate Records/Acquisition of Forward Forestry/Executed Forward Forestry Asset Purchase Agreement wet signature.pdf,COMPANIES/Cambium/02_Financing_and_Legal/Executed Forward Forestry Asset Purchase Agreement wet signature.pdf,PLACED,02 Financing & Legal,False,moved,True
F00073,Cambium,Diligence/Cost Parity/Cambium Data Room 2024 _ Supplemental Documentation 2/Legal (Supplementary Docs)/Company Minute Book and Corporate Records/Acquisition of Forward Forestry/Final and Comprised (6.7.24) - Asset Purchase Agreement - Forward Forestry - Cambium Carbon PBC - unsigned.pdf,COMPANIES/Cambium/02_Financing_and_Legal/Final and Comprised (6.7.24) - Asset Purchase Agreement - Forward Forestry - Cambium Carbon PBC - unsigned.pdf,PLACED,02 Financing & Legal,False,moved,True
F00074,Cambium,Diligence/Cost Parity/Cambium Data Room 2024 _ Supplemental Documentation 2/Legal (Supplementary Docs)/Company Minute Book and Corporate Records/Acquisition of OE Custom/3-31-22 Employment Agreement - Paul Timmins (Execution Copy) .docx,COMPANIES/Cambium/02_Financing_and_Legal/3-31-22 Employment Agreement - Paul Timmins (Execution Copy).docx,PLACED,02 Financing & Legal,True,moved,True
F00075,Cambium,Diligence/Cost Parity/Cambium Data Room 2024 _ Supplemental Documentation 2/Legal (Supplementary Docs)/Company Minute Book and Corporate Records/Acquisition of OE Custom/Copy of IMG_7069.jpg,COMPANIES/Cambium/02_Financing_and_Legal/Copy of IMG_7069.jpg,PLACED,02 Financing & Legal,False,moved,True
F00076,Cambium,Diligence/Cost Parity/Cambium Data Room 2024 _ Supplemental Documentation 2/Legal (Supplementary Docs)/Company Minute Book and Corporate Records/Acquisition of OE Custom/IMG_7069.jpg,COMPANIES/Cambium/02_Financing_and_Legal/IMG_7069.jpg,PLACED,02 Financing & Legal,False,moved,True
F00077,Cambium,Diligence/Cost Parity/Cambium Data Room 2024 _ Supplemental Documentation 2/Legal (Supplementary Docs)/Company Minute Book and Corporate Records/Acquisition of OE Custom/IMG_7070.jpg,COMPANIES/Cambium/02_Financing_and_Legal/IMG_7070.jpg,PLACED,02 Financing & Legal,False,moved,True
F00078,Cambium,Diligence/Cost Parity/Cambium Data Room 2024 _ Supplemental Documentation 2/Legal (Supplementary Docs)/Company Minute Book and Corporate Records/Acquisition of OE Custom/Letter_Requesting_Permission_to_Assignment_BFL_Lease.docx,COMPANIES/Cambium/02_Financing_and_Legal/Letter_Requesting_Permission_to_Assignment_BFL_Lease.docx,PLACED,02 Financing & Legal,False,moved,True
F00079,Cambium,Diligence/Cost Parity/Cambium Data Room 2024 _ Supplemental Documentation 2/Legal (Supplementary Docs)/Company Minute Book and Corporate Records/Acquisition of OE Custom/OE Business Plan Outline V2.0.docx,COMPANIES/Cambium/02_Financing_and_Legal/OE Business Plan Outline V2.0.docx,PLACED,02 Financing & Legal,False,moved,True
F00080,Cambium,Diligence/Cost Parity/Cambium Data Room 2024 _ Supplemental Documentation 2/Legal (Supplementary Docs)/Company Minute Book and Corporate Records/Acquisition of OE Custom/Questions for Paul.docx,COMPANIES/Cambium/02_Financing_and_Legal/Questions for Paul.docx,PLACED,02 Financing & Legal,False,moved,True
F00081,Cambium,Diligence/Cost Parity/Cambium Data Room 2024 _ Supplemental Documentation 2/Legal (Supplementary Docs)/Company Minute Book and Corporate Records/Acquisition of OE Custom/Signed Purchase Agreement - BFL.docx,COMPANIES/Cambium/02_Financing_and_Legal/Signed Purchase Agreement - BFL.docx,PLACED,02 Financing & Legal,False,moved,True
F00082,Cambium,Diligence/Cost Parity/Cambium Data Room 2024 _ Supplemental Documentation 2/Legal (Supplementary Docs)/Company Minute Book and Corporate Records/Acquisition of OE Custom/Signed Purchase Agreement - BFL.pdf,COMPANIES/Cambium/14_Historical_Superseded/Signed Purchase Agreement - BFL.pdf,SUPERSEDED,14 Historical / Superseded,False,moved,True
F00083,Cambium,Diligence/Cost Parity/Cambium Data Room 2024 _ Supplemental Documentation 2/Legal (Supplementary Docs)/Company Minute Book and Corporate Records/Acquisition of OE Custom/TH_License.pdf,COMPANIES/Cambium/02_Financing_and_Legal/TH_License.pdf,PLACED,02 Financing & Legal,False,moved,True
F00084,Cambium,Diligence/Cost Parity/Cambium Data Room 2024 _ Supplemental Documentation 2/Legal (Supplementary Docs)/Company Minute Book and Corporate Records/Acquisition of OE Custom/To Do BFL (Passwords and Account Info).xlsx,COMPANIES/Cambium/02_Financing_and_Legal/To Do BFL (Passwords and Account Info).xlsx,PLACED,02 Financing & Legal,False,moved,True
F00085,Cambium,Diligence/Cost Parity/Cambium Data Room 2024 _ Supplemental Documentation 2/Legal (Supplementary Docs)/Company Minute Book and Corporate Records/Acquisition of OE Custom/BFL Records - Company Docs/BFL Bank Docs - Mar 23 2022 - 3-59 PM.pdf,COMPANIES/Cambium/02_Financing_and_Legal/BFL Bank Docs - Mar 23 2022 - 3-59 PM.pdf,PLACED,02 Financing & Legal,False,moved,True
F00086,Cambium,Diligence/Cost Parity/Cambium Data Room 2024 _ Supplemental Documentation 2/Legal (Supplementary Docs)/Company Minute Book and Corporate Records/Acquisition of OE Custom/BFL Records - Company Docs/BFL Bank Docs 2 - Mar 23 2022 - 4-37 PM.pdf,COMPANIES/Cambium/02_Financing_and_Legal/BFL Bank Docs 2 - Mar 23 2022 - 4-37 PM.pdf,PLACED,02 Financing & Legal,False,moved,True
F00087,Cambium,Diligence/Cost Parity/Cambium Data Room 2024 _ Supplemental Documentation 2/Legal (Supplementary Docs)/Company Minute Book and Corporate Records/Acquisition of OE Custom/BFL Records - Company Docs/BFL Farm Lease Jan 2023 - 3 year term.pdf,COMPANIES/Cambium/02_Financing_and_Legal/BFL Farm Lease Jan 2023 - 3 year term.pdf,PLACED,02 Financing & Legal,False,moved,True
F00088,Cambium,Diligence/Cost Parity/Cambium Data Room 2024 _ Supplemental Documentation 2/Legal (Supplementary Docs)/Company Minute Book and Corporate Records/Acquisition of OE Custom/BFL Records - Company Docs/BFL Ram Truck Title.pdf,COMPANIES/Cambium/02_Financing_and_Legal/BFL Ram Truck Title.pdf,PLACED,02 Financing & Legal,False,moved,True
F00089,Cambium,Diligence/Cost Parity/Cambium Data Room 2024 _ Supplemental Documentation 2/Legal (Supplementary Docs)/Company Minute Book and Corporate Records/Acquisition of OE Custom/BFL Records - Company Docs/BFL Sales & Use Tax.jpg,COMPANIES/Cambium/02_Financing_and_Legal/BFL Sales & Use Tax.jpg,PLACED,02 Financing & Legal,False,moved,True
F00090,Cambium,Diligence/Cost Parity/Cambium Data Room 2024 _ Supplemental Documentation 2/Legal (Supplementary Docs)/Company Minute Book and Corporate Records/Acquisition of OE Custom/BFL Records - Company Docs/BFL Sulphur Springs Lease 2023.pdf,COMPANIES/Cambium/02_Financing_and_Legal/BFL Sulphur Springs Lease 2023.pdf,PLACED,02 Financing & Legal,False,moved,True
F00091,Cambium,Diligence/Cost Parity/Cambium Data Room 2024 _ Supplemental Documentation 2/Legal (Supplementary Docs)/Company Minute Book and Corporate Records/Acquisition of OE Custom/BFL Records - Company Docs/Baltimore Fallen Lumber Co - Cert of Insurance (Sandy Spring).pdf,COMPANIES/Cambium/02_Financing_and_Legal/Baltimore Fallen Lumber Co - Cert of Insurance (Sandy Spring).pdf,PLACED,02 Financing & Legal,False,moved,True
F00092,Cambium,Diligence/Cost Parity/Cambium Data Room 2024 _ Supplemental Documentation 2/Legal (Supplementary Docs)/Company Minute Book and Corporate Records/Acquisition of OE Custom/BFL Records - Company Docs/Erie Insurance - Baltimore Fallen Lumber Co (Apps - Unsigned).pdf,COMPANIES/Cambium/02_Financing_and_Legal/Erie Insurance - Baltimore Fallen Lumber Co (Apps - Unsigned).pdf,PLACED,02 Financing & Legal,False,moved,True
F00093,Cambium,Diligence/Cost Parity/Cambium Data Room 2024 _ Supplemental Documentation 2/Legal (Supplementary Docs)/Company Minute Book and Corporate Records/Acquisition of OE Custom/BFL Records - Company Docs/Execution Copy - Lease - Bluemount Manor Farm (00362666xA886F).PDF.pdf,COMPANIES/Cambium/02_Financing_and_Legal/Execution Copy - Lease - Bluemount Manor Farm (00362666xA886F).PDF.pdf,PLACED,02 Financing & Legal,False,moved,True
F00094,Cambium,Diligence/Cost Parity/Cambium Data Room 2024 _ Supplemental Documentation 2/Legal (Supplementary Docs)/Company Minute Book and Corporate Records/Acquisition of OE Custom/BFL Records - Company Docs/MD Certificate of Title - BFL Ram.heic,COMPANIES/Cambium/02_Financing_and_Legal/MD Certificate of Title - BFL Ram.heic,PLACED,02 Financing & Legal,False,moved,True
F00095,Cambium,Diligence/Cost Parity/Cambium Data Room 2024 _ Supplemental Documentation 2/Legal (Supplementary Docs)/Company Minute Book and Corporate Records/Acquisition of OE Custom/BFL Records - Company Docs/MHIC_BFL exp 12032024.log,COMPANIES/Cambium/02_Financing_and_Legal/MHIC_BFL exp 12032024.log,PLACED,02 Financing & Legal,False,moved,True
F00096,Cambium,Diligence/Cost Parity/Cambium Data Room 2024 _ Supplemental Documentation 2/Legal (Supplementary Docs)/Company Minute Book and Corporate Records/Acquisition of OE Custom/BFL Records - Company Docs/MHIC_TIMMINS_BFL exp 12032024.log.pdf,COMPANIES/Cambium/02_Financing_and_Legal/MHIC_TIMMINS_BFL exp 12032024.log.pdf,PLACED,02 Financing & Legal,False,moved,True
F00097,Cambium,Diligence/Cost Parity/Cambium Data Room 2024 _ Supplemental Documentation 2/Legal (Supplementary Docs)/Company Minute Book and Corporate Records/Acquisition of OE Custom/BFL Records - Company Docs/OE Assets Aug 2021 - Sheet1.pdf,COMPANIES/Cambium/02_Financing_and_Legal/OE Assets Aug 2021 - Sheet1.pdf,PLACED,02 Financing & Legal,False,moved,True
F00098,Cambium,Diligence/Cost Parity/Cambium Data Room 2024 _ Supplemental Documentation 2/Legal (Supplementary Docs)/Company Minute Book and Corporate Records/Acquisition of OE Custom/BFL Records - Company Docs/Sawyer License - John Ferrara BFL 2022 - May 17 2022 - 10-19 AM.pdf,COMPANIES/Cambium/02_Financing_and_Legal/Sawyer License - John Ferrara BFL 2022 - May 17 2022 - 10-19 AM.pdf,PLACED,02 Financing & Legal,False,moved,True
F00099,Cambium,Diligence/Cost Parity/Cambium Data Room 2024 _ Supplemental Documentation 2/Legal (Supplementary Docs)/Company Minute Book and Corporate Records/Acquisition of OE Custom/BFL Records - Company Docs/Storage Lease (1).pdf,COMPANIES/Cambium/02_Financing_and_Legal/Storage Lease (1).pdf,PLACED,02 Financing & Legal,False,moved,True
F00100,Cambium,Diligence/Cost Parity/Cambium Data Room 2024 _ Supplemental Documentation 2/Legal (Supplementary Docs)/Company Minute Book and Corporate Records/Acquisition of OE Custom/BFL Records - Company Docs/W9 BFL.pdf,COMPANIES/Cambium/02_Financing_and_Legal/W9 BFL.pdf,PLACED,02 Financing & Legal,False,moved,True
F00101,Cambium,Diligence/Cost Parity/Cambium Data Room 2024 _ Supplemental Documentation 2/Legal (Supplementary Docs)/Company Minute Book and Corporate Records/Acquisition of OE Custom/BFL Records - Company Docs/2022 Tax Documents/1099 2022(Issued by Sixty Forty Design).pdf,COMPANIES/Cambium/02_Financing_and_Legal/1099 2022(Issued by Sixty Forty Design).pdf,PLACED,02 Financing & Legal,False,moved,True
F00102,Cambium,Diligence/Cost Parity/Cambium Data Room 2024 _ Supplemental Documentation 2/Legal (Supplementary Docs)/Company Minute Book and Corporate Records/Acquisition of OE Custom/BFL Records - Company Docs/2022 Tax Documents/Anthony DeRieux_1099 2022.pdf,COMPANIES/Cambium/02_Financing_and_Legal/Anthony DeRieux_1099 2022.pdf,PLACED,02 Financing & Legal,False,moved,True
F00103,Cambium,Diligence/Cost Parity/Cambium Data Room 2024 _ Supplemental Documentation 2/Legal (Supplementary Docs)/Company Minute Book and Corporate Records/Acquisition of OE Custom/BFL Records - Company Docs/2022 Tax Documents/Sixty Forty Design_1099 2022.pdf,COMPANIES/Cambium/02_Financing_and_Legal/Sixty Forty Design_1099 2022.pdf,PLACED,02 Financing & Legal,False,moved,True
F00104,Cambium,Diligence/Cost Parity/Cambium Data Room 2024 _ Supplemental Documentation 2/Legal (Supplementary Docs)/Company Minute Book and Corporate Records/Acquisition of OE Custom/BFL Records - Company Docs/2022 Tax Documents/The Korth Companies.pdf,COMPANIES/Cambium/02_Financing_and_Legal/The Korth Companies.pdf,PLACED,02 Financing & Legal,False,moved,True
F00105,Cambium,Diligence/Cost Parity/Cambium Data Room 2024 _ Supplemental Documentation 2/Legal (Supplementary Docs)/Company Minute Book and Corporate Records/Acquisition of OE Custom/BFL Records - Company Docs/BFL Corporate Docs/Baltimore Fallen Lumber Company LLC – Articles of Organization.PDF,COMPANIES/Cambium/02_Financing_and_Legal/Baltimore Fallen Lumber Company LLC – Articles of Organization.PDF,PLACED,02 Financing & Legal,False,moved,True
F00106,Cambium,Diligence/Cost Parity/Cambium Data Room 2024 _ Supplemental Documentation 2/Legal (Supplementary Docs)/Company Minute Book and Corporate Records/Acquisition of OE Custom/BFL Records - Company Docs/BFL Corporate Docs/Baltimore Fallen Lumber Company LLC – Articles of Organization.PDF.docx,COMPANIES/Cambium/02_Financing_and_Legal/Baltimore Fallen Lumber Company LLC – Articles of Organization.PDF.docx,PLACED,02 Financing & Legal,False,moved,True
F00107,Cambium,"Diligence/Cost Parity/Cambium Data Room 2024 _ Supplemental Documentation 2/Legal (Supplementary Docs)/Company Minute Book and Corporate Records/Acquisition of OE Custom/BFL Records - Company Docs/BFL Corporate Docs/Consent, Assignment & Assumption Agreement_BFL_to Notary.docx","COMPANIES/Cambium/02_Financing_and_Legal/Consent, Assignment & Assumption Agreement_BFL_to Notary.docx",PLACED,02 Financing & Legal,False,moved,True
F00108,Cambium,"Diligence/Cost Parity/Cambium Data Room 2024 _ Supplemental Documentation 2/Legal (Supplementary Docs)/Company Minute Book and Corporate Records/Acquisition of OE Custom/BFL Records - Company Docs/BFL Corporate Docs/EIN - The Baltimore Fallen Lumber Company, LLC (00467626) (1).PDF","COMPANIES/Cambium/02_Financing_and_Legal/EIN - The Baltimore Fallen Lumber Company, LLC (00467626) (1).PDF",PLACED,02 Financing & Legal,False,moved,True
F00109,Cambium,Diligence/Cost Parity/Cambium Data Room 2024 _ Supplemental Documentation 2/Legal (Supplementary Docs)/Company Minute Book and Corporate Records/Acquisition of OE Custom/BFL Records - Company Docs/BFL Corporate Docs/EIN Individual Request - Online Application.pdf,COMPANIES/Cambium/02_Financing_and_Legal/EIN Individual Request - Online Application.pdf,PLACED,02 Financing & Legal,False,moved,True
F00110,Cambium,Diligence/Cost Parity/Cambium Data Room 2024 _ Supplemental Documentation 2/Legal (Supplementary Docs)/Company Minute Book and Corporate Records/Acquisition of OE Custom/BFL Records - Company Docs/BFL Corporate Docs/MHIC Name change request.pdf,COMPANIES/Cambium/02_Financing_and_Legal/MHIC Name change request.pdf,PLACED,02 Financing & Legal,False,moved,True
F00111,Cambium,Diligence/Cost Parity/Cambium Data Room 2024 _ Supplemental Documentation 2/Legal (Supplementary Docs)/Company Minute Book and Corporate Records/Acquisition of OE Custom/BFL Records - Company Docs/BFL Loan Docs/ Sandy Spring Loan Amortization Schedule.pdf,COMPANIES/Cambium/02_Financing_and_Legal/Sandy Spring Loan Amortization Schedule.pdf,PLACED,02 Financing & Legal,True,moved,True
F00112,Cambium,Diligence/Cost Parity/Cambium Data Room 2024 _ Supplemental Documentation 2/Legal (Supplementary Docs)/Company Minute Book and Corporate Records/Acquisition of OE Custom/BFL Records - Company Docs/BFL Loan Docs/Enduring Planet - Signed BFL - Sep 21 2022 - 12-26 PM (2).pdf,COMPANIES/Cambium/02_Financing_and_Legal/Enduring Planet - Signed BFL - Sep 21 2022 - 12-26 PM (2).pdf,PLACED,02 Financing & Legal,False,moved,True
F00113,Cambium,Diligence/Cost Parity/Cambium Data Room 2024 _ Supplemental Documentation 2/Legal (Supplementary Docs)/Company Minute Book and Corporate Records/Acquisition of OE Custom/BFL Records - Company Docs/BFL Loan Docs/Enduring Planet Loan Statement 2023-2024.xlsx,COMPANIES/Cambium/02_Financing_and_Legal/Enduring Planet Loan Statement 2023-2024.xlsx,PLACED,02 Financing & Legal,False,moved,True
F00114,Cambium,Diligence/Cost Parity/Cambium Data Room 2024 _ Supplemental Documentation 2/Legal (Supplementary Docs)/Company Minute Book and Corporate Records/Acquisition of OE Custom/BFL Records - Company Docs/BFL Loan Docs/M&T Bank Loan Statement April 2024.pdf,COMPANIES/Cambium/02_Financing_and_Legal/M&T Bank Loan Statement April 2024.pdf,PLACED,02 Financing & Legal,False,moved,True
F00115,Cambium,Diligence/Cost Parity/Cambium Data Room 2024 _ Supplemental Documentation 2/Legal (Supplementary Docs)/Company Minute Book and Corporate Records/Acquisition of OE Custom/BFL Records - Company Docs/BFL Loan Docs/Sandy Spring Loan Doc(1).docx,COMPANIES/Cambium/02_Financing_and_Legal/Sandy Spring Loan Doc(1).docx,PLACED,02 Financing & Legal,False,moved,True
F00116,Cambium,Diligence/Cost Parity/Cambium Data Room 2024 _ Supplemental Documentation 2/Legal (Supplementary Docs)/Company Minute Book and Corporate Records/Acquisition of OE Custom/BFL Records - Company Docs/BFL Loan Docs/Sandy Spring Loan Doc.docx,COMPANIES/Cambium/14_Historical_Superseded/Sandy Spring Loan Doc.docx,SUPERSEDED,14 Historical / Superseded,False,moved,True
F00117,Cambium,Diligence/Cost Parity/Cambium Data Room 2024 _ Supplemental Documentation 2/Legal (Supplementary Docs)/Company Minute Book and Corporate Records/Acquisition of OE Custom/BFL Records - Company Docs/BFL Loan Docs/Sterns Bank Year End Tax Letter Sterns Bank 2023 (1).pdf,COMPANIES/Cambium/02_Financing_and_Legal/Sterns Bank Year End Tax Letter Sterns Bank 2023 (1).pdf,PLACED,02 Financing & Legal,False,moved,True
F00118,Cambium,Diligence/Cost Parity/Cambium Data Room 2024 _ Supplemental Documentation 2/Legal (Supplementary Docs)/Company Minute Book and Corporate Records/Acquisition of OE Custom/BFL Records - Company Docs/BFL Loan Docs/Sandy Spring Bank Loan/LN - 06807 - Loans YTD Activity - 1816252600 - 1 - 12-29-2023.pdf,COMPANIES/Cambium/02_Financing_and_Legal/LN - 06807 - Loans YTD Activity - 1816252600 - 1 - 12-29-2023.pdf,PLACED,02 Financing & Legal,False,moved,True
F00119,Cambium,Diligence/Cost Parity/Cambium Data Room 2024 _ Supplemental Documentation 2/Legal (Supplementary Docs)/Company Minute Book and Corporate Records/Acquisition of OE Custom/BFL Records - Company Docs/BFL Loan Docs/Sandy Spring Bank Loan/LN - eStatements - THE BALTIMORE  FALLEN LUMBER COMPAN - 1816252600 - 70 - 3-22-2024.pdf,COMPANIES/Cambium/02_Financing_and_Legal/LN - eStatements - THE BALTIMORE FALLEN LUMBER COMPAN - 1816252600 - 70 - 3-22-2024.pdf,PLACED,02 Financing & Legal,True,moved,True
F00120,Cambium,Diligence/Cost Parity/Cambium Data Room 2024 _ Supplemental Documentation 2/Legal (Supplementary Docs)/Company Minute Book and Corporate Records/Acquisition of OE Custom/BFL Records - Company Docs/BFL Receipts/2024 Receipts/6.26.24 BFL Business Catastrophe Quarterly payment $169.50.pdf,COMPANIES/Cambium/02_Financing_and_Legal/6.26.24 BFL Business Catastrophe Quarterly payment $169.50.pdf,PLACED,02 Financing & Legal,False,moved,True
F00121,Cambium,"Diligence/Cost Parity/Cambium Data Room 2024 _ Supplemental Documentation 2/Legal (Supplementary Docs)/Company Minute Book and Corporate Records/Acquisition of OE Custom/BFL Records - Company Docs/BFL Receipts/2024 Receipts/6.26.24 BFL Workers Comp Quarterly payment $2,609.50.pdf","COMPANIES/Cambium/02_Financing_and_Legal/6.26.24 BFL Workers Comp Quarterly payment $2,609.50.pdf",PLACED,02 Financing & Legal,False,moved,True
F00122,Cambium,"Diligence/Cost Parity/Cambium Data Room 2024 _ Supplemental Documentation 2/Legal (Supplementary Docs)/Company Minute Book and Corporate Records/Acquisition of OE Custom/BFL Records - Company Docs/BFL Receipts/2024 Receipts/6.26.24 Quarterly Commercial Auto Payment $1,477.pdf","COMPANIES/Cambium/02_Financing_and_Legal/6.26.24 Quarterly Commercial Auto Payment $1,477.pdf",PLACED,02 Financing & Legal,False,moved,True
F00123,Cambium,"Diligence/Cost Parity/Cambium Data Room 2024 _ Supplemental Documentation 2/Legal (Supplementary Docs)/Company Minute Book and Corporate Records/Acquisition of OE Custom/BFL Records - Company Docs/BFL Receipts/2024 Receipts/6.26.24 Quarterly Insurance Payment $1,602.75.pdf","COMPANIES/Cambium/02_Financing_and_Legal/6.26.24 Quarterly Insurance Payment $1,602.75.pdf",PLACED,02 Financing & Legal,False,moved,True
F00124,Cambium,Diligence/Cost Parity/Cambium Data Room 2024 _ Supplemental Documentation 2/Legal (Supplementary Docs)/Company Minute Book and Corporate Records/Acquisition of OE Custom/BFL Records - Company Docs/BFL Receipts/2024 Receipts/BFL Verizon 03182024_01.pdf,COMPANIES/Cambium/02_Financing_and_Legal/BFL Verizon 03182024_01.pdf,PLACED,02 Financing & Legal,False,moved,True
F00125,Cambium,Diligence/Cost Parity/Cambium Data Room 2024 _ Supplemental Documentation 2/Legal (Supplementary Docs)/Company Minute Book and Corporate Records/Acquisition of OE Custom/BFL Records - Company Docs/BFL Receipts/2024 Receipts/BFL Verizon 03182024_02.pdf,COMPANIES/Cambium/02_Financing_and_Legal/BFL Verizon 03182024_02.pdf,PLACED,02 Financing & Legal,False,moved,True
F00126,Cambium,Diligence/Cost Parity/Cambium Data Room 2024 _ Supplemental Documentation 2/Legal (Supplementary Docs)/Company Minute Book and Corporate Records/Acquisition of OE Custom/BFL Records - Company Docs/BFL Receipts/2024 Receipts/MD filing $309.pdf,COMPANIES/Cambium/02_Financing_and_Legal/MD filing $309.pdf,PLACED,02 Financing & Legal,False,moved,True
F00127,Cambium,Diligence/Cost Parity/Cambium Data Room 2024 _ Supplemental Documentation 2/Legal (Supplementary Docs)/Company Minute Book and Corporate Records/Acquisition of OE Custom/BFL Records - Company Docs/BFL Receipts/2024 Receipts/Southwest Receipt 3.15.24_$495.98.pdf,COMPANIES/Cambium/02_Financing_and_Legal/Southwest Receipt 3.15.24_$495.98.pdf,PLACED,02 Financing & Legal,False,moved,True
F00128,Cambium,Diligence/Cost Parity/Cambium Data Room 2024 _ Supplemental Documentation 2/Legal (Supplementary Docs)/Company Minute Book and Corporate Records/Acquisition of OE Custom/BFL Records - Company Docs/Foreign State Registrations/BFL WV Registration Application.pdf,COMPANIES/Cambium/02_Financing_and_Legal/BFL WV Registration Application.pdf,PLACED,02 Financing & Legal,False,moved,True
F00129,Cambium,Diligence/Cost Parity/Cambium Data Room 2024 _ Supplemental Documentation 2/Legal (Supplementary Docs)/Company Minute Book and Corporate Records/Acquisition of OE Custom/BFL Records - Company Docs/Foreign State Registrations/BFL WV reg BusinessReceipt.pdf,COMPANIES/Cambium/02_Financing_and_Legal/BFL WV reg BusinessReceipt.pdf,PLACED,02 Financing & Legal,False,moved,True
F00130,Cambium,Diligence/Cost Parity/Cambium Data Room 2024 _ Supplemental Documentation 2/Legal (Supplementary Docs)/Company Minute Book and Corporate Records/Acquisition of OE Custom/BFL Records - Company Docs/Maryland Property Taxes/BFL Maryland Taxes 2023 Property FINAL.pdf,COMPANIES/Cambium/02_Financing_and_Legal/BFL Maryland Taxes 2023 Property FINAL.pdf,PLACED,02 Financing & Legal,False,moved,True
F00131,Cambium,Diligence/Cost Parity/Cambium Data Room 2024 _ Supplemental Documentation 2/Legal (Supplementary Docs)/Company Minute Book and Corporate Records/Acquisition of OE Custom/BFL Records - Company Docs/Maryland Property Taxes/Maryland Tax Receipt for 2023 Property Taxes.pdf,COMPANIES/Cambium/02_Financing_and_Legal/Maryland Tax Receipt for 2023 Property Taxes.pdf,PLACED,02 Financing & Legal,False,moved,True
F00132,Cambium,Diligence/Cost Parity/Cambium Data Room 2024 _ Supplemental Documentation 2/Legal (Supplementary Docs)/Company Minute Book and Corporate Records/Acquisition of OE Custom/BFL Records - Company Docs/Maryland Property Taxes/Maryland tax backup.pdf,COMPANIES/Cambium/14_Historical_Superseded/Maryland tax backup.pdf,SUPERSEDED,14 Historical / Superseded,False,moved,True
F00133,Cambium,Diligence/Cost Parity/Cambium Data Room 2024 _ Supplemental Documentation 2/Legal (Supplementary Docs)/Company Minute Book and Corporate Records/Acquisition of OE Custom/BFL Records - Company Docs/Maryland Property Taxes/Maryland tax backup.xlsx,COMPANIES/Cambium/02_Financing_and_Legal/Maryland tax backup.xlsx,PLACED,02 Financing & Legal,False,moved,True
F00134,Cambium,Diligence/Cost Parity/Cambium Data Room 2024 _ Supplemental Documentation 2/Legal (Supplementary Docs)/Company Minute Book and Corporate Records/Acquisition of OE Custom/BFL Records - Company Docs/Southwest Card Statements/2022_05_18.pdf,COMPANIES/Cambium/14_Historical_Superseded/2022_05_18.pdf,SUPERSEDED,14 Historical / Superseded,False,moved,True
F00135,Cambium,Diligence/Cost Parity/Cambium Data Room 2024 _ Supplemental Documentation 2/Legal (Supplementary Docs)/Company Minute Book and Corporate Records/Acquisition of OE Custom/BFL Records - Company Docs/Southwest Card Statements/2022_06_18.pdf,COMPANIES/Cambium/14_Historical_Superseded/2022_06_18.pdf,SUPERSEDED,14 Historical / Superseded,False,moved,True
F00136,Cambium,Diligence/Cost Parity/Cambium Data Room 2024 _ Supplemental Documentation 2/Legal (Supplementary Docs)/Company Minute Book and Corporate Records/Acquisition of OE Custom/BFL Records - Company Docs/Southwest Card Statements/2022_07_18.pdf,COMPANIES/Cambium/14_Historical_Superseded/2022_07_18.pdf,SUPERSEDED,14 Historical / Superseded,False,moved,True
F00137,Cambium,Diligence/Cost Parity/Cambium Data Room 2024 _ Supplemental Documentation 2/Legal (Supplementary Docs)/Company Minute Book and Corporate Records/Acquisition of OE Custom/BFL Records - Company Docs/Southwest Card Statements/2022_08_18.pdf,COMPANIES/Cambium/14_Historical_Superseded/2022_08_18.pdf,SUPERSEDED,14 Historical / Superseded,False,moved,True
F00138,Cambium,Diligence/Cost Parity/Cambium Data Room 2024 _ Supplemental Documentation 2/Legal (Supplementary Docs)/Company Minute Book and Corporate Records/Acquisition of OE Custom/BFL Records - Company Docs/Southwest Card Statements/2022_09_18.pdf,COMPANIES/Cambium/14_Historical_Superseded/2022_09_18.pdf,SUPERSEDED,14 Historical / Superseded,False,moved,True
F00139,Cambium,Diligence/Cost Parity/Cambium Data Room 2024 _ Supplemental Documentation 2/Legal (Supplementary Docs)/Company Minute Book and Corporate Records/Acquisition of OE Custom/BFL Records - Company Docs/Southwest Card Statements/2022_10_18.pdf,COMPANIES/Cambium/14_Historical_Superseded/2022_10_18.pdf,SUPERSEDED,14 Historical / Superseded,False,moved,True
F00140,Cambium,Diligence/Cost Parity/Cambium Data Room 2024 _ Supplemental Documentation 2/Legal (Supplementary Docs)/Company Minute Book and Corporate Records/Acquisition of OE Custom/BFL Records - Company Docs/Southwest Card Statements/2022_11_18.pdf,COMPANIES/Cambium/14_Historical_Superseded/2022_11_18.pdf,SUPERSEDED,14 Historical / Superseded,False,moved,True
F00141,Cambium,Diligence/Cost Parity/Cambium Data Room 2024 _ Supplemental Documentation 2/Legal (Supplementary Docs)/Company Minute Book and Corporate Records/Acquisition of OE Custom/BFL Records - Company Docs/Southwest Card Statements/2022_12_18.pdf,COMPANIES/Cambium/14_Historical_Superseded/2022_12_18.pdf,SUPERSEDED,14 Historical / Superseded,False,moved,True
F00142,Cambium,Diligence/Cost Parity/Cambium Data Room 2024 _ Supplemental Documentation 2/Legal (Supplementary Docs)/Company Minute Book and Corporate Records/Acquisition of OE Custom/BFL Records - Company Docs/Southwest Card Statements/2023_01_18.pdf,COMPANIES/Cambium/14_Historical_Superseded/2023_01_18.pdf,SUPERSEDED,14 Historical / Superseded,False,moved,True
F00143,Cambium,Diligence/Cost Parity/Cambium Data Room 2024 _ Supplemental Documentation 2/Legal (Supplementary Docs)/Company Minute Book and Corporate Records/Acquisition of OE Custom/BFL Records - Company Docs/Southwest Card Statements/2023_02_18.pdf,COMPANIES/Cambium/02_Financing_and_Legal/2023_02_18.pdf,PLACED,02 Financing & Legal,False,moved,True
F00144,Cambium,Diligence/Cost Parity/Cambium Data Room 2024 _ Supplemental Documentation 2/Legal (Supplementary Docs)/Company Minute Book and Corporate Records/Acquisition of OE Custom/Financial Documents/2019 OE CUSTOM Form 1120S  S Corps  Tax Return_Records (1).pdf,COMPANIES/Cambium/02_Financing_and_Legal/2019 OE CUSTOM Form 1120S S Corps Tax Return_Records (1).pdf,PLACED,02 Financing & Legal,True,moved,True
F00145,Cambium,Diligence/Cost Parity/Cambium Data Room 2024 _ Supplemental Documentation 2/Legal (Supplementary Docs)/Company Minute Book and Corporate Records/Acquisition of OE Custom/Financial Documents/2020 Fallen Lumber Used_Sold.png,COMPANIES/Cambium/02_Financing_and_Legal/2020 Fallen Lumber Used_Sold.png,PLACED,02 Financing & Legal,False,moved,True
F00146,Cambium,Diligence/Cost Parity/Cambium Data Room 2024 _ Supplemental Documentation 2/Legal (Supplementary Docs)/Company Minute Book and Corporate Records/Acquisition of OE Custom/Financial Documents/2020 OE CUSTOM Form 1120S  S Corps Tax Return_Filing (1).pdf,COMPANIES/Cambium/02_Financing_and_Legal/2020 OE CUSTOM Form 1120S S Corps Tax Return_Filing (1).pdf,PLACED,02 Financing & Legal,True,moved,True
F00147,Cambium,Diligence/Cost Parity/Cambium Data Room 2024 _ Supplemental Documentation 2/Legal (Supplementary Docs)/Company Minute Book and Corporate Records/Acquisition of OE Custom/Financial Documents/2021 Current Inventory.png,COMPANIES/Cambium/02_Financing_and_Legal/2021 Current Inventory.png,PLACED,02 Financing & Legal,False,moved,True
F00148,Cambium,Diligence/Cost Parity/Cambium Data Room 2024 _ Supplemental Documentation 2/Legal (Supplementary Docs)/Company Minute Book and Corporate Records/Acquisition of OE Custom/Financial Documents/2021 Fallen Lumber Sold.png,COMPANIES/Cambium/02_Financing_and_Legal/2021 Fallen Lumber Sold.png,PLACED,02 Financing & Legal,False,moved,True
F00149,Cambium,Diligence/Cost Parity/Cambium Data Room 2024 _ Supplemental Documentation 2/Legal (Supplementary Docs)/Company Minute Book and Corporate Records/Acquisition of OE Custom/Financial Documents/AR Summary 2017.pdf,COMPANIES/Cambium/14_Historical_Superseded/AR Summary 2017.pdf,SUPERSEDED,14 Historical / Superseded,False,moved,True
F00150,Cambium,Diligence/Cost Parity/Cambium Data Room 2024 _ Supplemental Documentation 2/Legal (Supplementary Docs)/Company Minute Book and Corporate Records/Acquisition of OE Custom/Financial Documents/AR Summary 2018.pdf,COMPANIES/Cambium/14_Historical_Superseded/AR Summary 2018.pdf,SUPERSEDED,14 Historical / Superseded,False,moved,True
F00151,Cambium,Diligence/Cost Parity/Cambium Data Room 2024 _ Supplemental Documentation 2/Legal (Supplementary Docs)/Company Minute Book and Corporate Records/Acquisition of OE Custom/Financial Documents/AR Summary 2019.pdf,COMPANIES/Cambium/14_Historical_Superseded/AR Summary 2019.pdf,SUPERSEDED,14 Historical / Superseded,False,moved,True
F00152,Cambium,Diligence/Cost Parity/Cambium Data Room 2024 _ Supplemental Documentation 2/Legal (Supplementary Docs)/Company Minute Book and Corporate Records/Acquisition of OE Custom/Financial Documents/AR Summary 2020.pdf,COMPANIES/Cambium/02_Financing_and_Legal/AR Summary 2020.pdf,PLACED,02 Financing & Legal,False,moved,True
F00153,Cambium,Diligence/Cost Parity/Cambium Data Room 2024 _ Supplemental Documentation 2/Legal (Supplementary Docs)/Company Minute Book and Corporate Records/Acquisition of OE Custom/Financial Documents/AR Summary 2021 July 16.pdf,COMPANIES/Cambium/02_Financing_and_Legal/AR Summary 2021 July 16.pdf,PLACED,02 Financing & Legal,False,moved,True
F00154,Cambium,Diligence/Cost Parity/Cambium Data Room 2024 _ Supplemental Documentation 2/Legal (Supplementary Docs)/Company Minute Book and Corporate Records/Acquisition of OE Custom/Financial Documents/BS 2017.pdf,COMPANIES/Cambium/14_Historical_Superseded/BS 2017.pdf,SUPERSEDED,14 Historical / Superseded,False,moved,True
F00155,Cambium,Diligence/Cost Parity/Cambium Data Room 2024 _ Supplemental Documentation 2/Legal (Supplementary Docs)/Company Minute Book and Corporate Records/Acquisition of OE Custom/Financial Documents/BS 2018.pdf,COMPANIES/Cambium/14_Historical_Superseded/BS 2018.pdf,SUPERSEDED,14 Historical / Superseded,False,moved,True
F00156,Cambium,Diligence/Cost Parity/Cambium Data Room 2024 _ Supplemental Documentation 2/Legal (Supplementary Docs)/Company Minute Book and Corporate Records/Acquisition of OE Custom/Financial Documents/BS 2019.pdf,COMPANIES/Cambium/14_Historical_Superseded/BS 2019.pdf,SUPERSEDED,14 Historical / Superseded,False,moved,True
F00157,Cambium,Diligence/Cost Parity/Cambium Data Room 2024 _ Supplemental Documentation 2/Legal (Supplementary Docs)/Company Minute Book and Corporate Records/Acquisition of OE Custom/Financial Documents/BS 2020.pdf,COMPANIES/Cambium/02_Financing_and_Legal/BS 2020.pdf,PLACED,02 Financing & Legal,False,moved,True
F00158,Cambium,Diligence/Cost Parity/Cambium Data Room 2024 _ Supplemental Documentation 2/Legal (Supplementary Docs)/Company Minute Book and Corporate Records/Acquisition of OE Custom/Financial Documents/BS 2021 July 16.pdf,COMPANIES/Cambium/02_Financing_and_Legal/BS 2021 July 16.pdf,PLACED,02 Financing & Legal,False,moved,True
F00159,Cambium,Diligence/Cost Parity/Cambium Data Room 2024 _ Supplemental Documentation 2/Legal (Supplementary Docs)/Company Minute Book and Corporate Records/Acquisition of OE Custom/Financial Documents/Cambium (BFL) Balance Sheet - May YTD.pdf,COMPANIES/Cambium/02_Financing_and_Legal/Cambium (BFL) Balance Sheet - May YTD.pdf,PLACED,02 Financing & Legal,False,moved,True
F00160,Cambium,Diligence/Cost Parity/Cambium Data Room 2024 _ Supplemental Documentation 2/Legal (Supplementary Docs)/Company Minute Book and Corporate Records/Acquisition of OE Custom/Financial Documents/O&E Profit and Loss-YTD (2).pdf,COMPANIES/Cambium/02_Financing_and_Legal/O&E Profit and Loss-YTD (2).pdf,PLACED,02 Financing & Legal,False,moved,True
F00161,Cambium,Diligence/Cost Parity/Cambium Data Room 2024 _ Supplemental Documentation 2/Legal (Supplementary Docs)/Company Minute Book and Corporate Records/Acquisition of OE Custom/Financial Documents/OE Custom Balance Sheet @ 06.23.22.pdf,COMPANIES/Cambium/02_Financing_and_Legal/OE Custom Balance Sheet @ 06.23.22.pdf,PLACED,02 Financing & Legal,False,moved,True
F00162,Cambium,Diligence/Cost Parity/Cambium Data Room 2024 _ Supplemental Documentation 2/Legal (Supplementary Docs)/Company Minute Book and Corporate Records/Acquisition of OE Custom/Financial Documents/PL 2017.pdf,COMPANIES/Cambium/14_Historical_Superseded/PL 2017.pdf,SUPERSEDED,14 Historical / Superseded,False,moved,True
F00163,Cambium,Diligence/Cost Parity/Cambium Data Room 2024 _ Supplemental Documentation 2/Legal (Supplementary Docs)/Company Minute Book and Corporate Records/Acquisition of OE Custom/Financial Documents/PL 2018.pdf,COMPANIES/Cambium/14_Historical_Superseded/PL 2018.pdf,SUPERSEDED,14 Historical / Superseded,False,moved,True
F00164,Cambium,Diligence/Cost Parity/Cambium Data Room 2024 _ Supplemental Documentation 2/Legal (Supplementary Docs)/Company Minute Book and Corporate Records/Acquisition of OE Custom/Financial Documents/PL 2019.pdf,COMPANIES/Cambium/14_Historical_Superseded/PL 2019.pdf,SUPERSEDED,14 Historical / Superseded,False,moved,True
F00165,Cambium,Diligence/Cost Parity/Cambium Data Room 2024 _ Supplemental Documentation 2/Legal (Supplementary Docs)/Company Minute Book and Corporate Records/Acquisition of OE Custom/Financial Documents/PL 2020.pdf,COMPANIES/Cambium/02_Financing_and_Legal/PL 2020.pdf,PLACED,02 Financing & Legal,False,moved,True
F00166,Cambium,Diligence/Cost Parity/Cambium Data Room 2024 _ Supplemental Documentation 2/Legal (Supplementary Docs)/Company Minute Book and Corporate Records/Acquisition of OE Custom/Financial Documents/PL 2021 July 16th.pdf,COMPANIES/Cambium/02_Financing_and_Legal/PL 2021 July 16th.pdf,PLACED,02 Financing & Legal,False,moved,True
F00167,Cambium,Diligence/Cost Parity/Cambium Data Room 2024 _ Supplemental Documentation 2/Legal (Supplementary Docs)/Company Minute Book and Corporate Records/Acquisition of OE Custom/Financial Documents/Sandy Spring Loan Doc.pdf,COMPANIES/Cambium/02_Financing_and_Legal/Sandy Spring Loan Doc.pdf,PLACED,02 Financing & Legal,False,moved,True
F00168,Cambium,Diligence/Cost Parity/Cambium Data Room 2024 _ Supplemental Documentation 2/Legal (Supplementary Docs)/Company Minute Book and Corporate Records/Acquisition of OE Custom/Financial Documents/Signed Purchase Agreement - BFL (1).pdf,COMPANIES/Cambium/02_Financing_and_Legal/Signed Purchase Agreement - BFL (1).pdf,PLACED,02 Financing & Legal,False,moved,True
F00169,Cambium,Diligence/Cost Parity/Cambium Data Room 2024 _ Supplemental Documentation 2/Legal (Supplementary Docs)/Company Minute Book and Corporate Records/Business Contracts/Customer Terms of Purchase - Cambium Carbon PBC.docx,COMPANIES/Cambium/09_Commercial_and_Customers/Customer Terms of Purchase - Cambium Carbon PBC.docx,PLACED,09 Commercial & Customers,False,moved,True
F00170,Cambium,Diligence/Cost Parity/Cambium Data Room 2024 _ Supplemental Documentation 2/Legal (Supplementary Docs)/Company Minute Book and Corporate Records/Business Contracts/Clickwrap Licensing Agreement/Cambium_Traece MLA notes.docx,COMPANIES/Cambium/09_Commercial_and_Customers/Cambium_Traece MLA notes.docx,PLACED,09 Commercial & Customers,False,moved,True
F00171,Cambium,Diligence/Cost Parity/Cambium Data Room 2024 _ Supplemental Documentation 2/Legal (Supplementary Docs)/Company Minute Book and Corporate Records/Business Contracts/Clickwrap Licensing Agreement/License Agreement (CLEAN).docx,COMPANIES/Cambium/09_Commercial_and_Customers/License Agreement (CLEAN).docx,PLACED,09 Commercial & Customers,False,moved,True
F00172,Cambium,Diligence/Cost Parity/Cambium Data Room 2024 _ Supplemental Documentation 2/Legal (Supplementary Docs)/Company Minute Book and Corporate Records/Business Contracts/Clickwrap Licensing Agreement/License Agreement (JCM notes).doc,COMPANIES/Cambium/09_Commercial_and_Customers/License Agreement (JCM notes).doc,PLACED,09 Commercial & Customers,False,moved,True
F00173,Cambium,Diligence/Cost Parity/Cambium Data Room 2024 _ Supplemental Documentation 2/Legal (Supplementary Docs)/Company Minute Book and Corporate Records/Business Contracts/Clickwrap Licensing Agreement/License Agreement .doc,COMPANIES/Cambium/14_Historical_Superseded/License Agreement.doc,SUPERSEDED,14 Historical / Superseded,True,moved,True
F00174,Cambium,Diligence/Cost Parity/Cambium Data Room 2024 _ Supplemental Documentation 2/Legal (Supplementary Docs)/Company Minute Book and Corporate Records/Business Contracts/Clickwrap Licensing Agreement/v3 License Agreement (SF edits).doc,COMPANIES/Cambium/09_Commercial_and_Customers/v3 License Agreement (SF edits).doc,PLACED,09 Commercial & Customers,False,moved,True
F00175,Cambium,Diligence/Cost Parity/Cambium Data Room 2024 _ Supplemental Documentation 2/Legal (Supplementary Docs)/Company Minute Book and Corporate Records/Business Contracts/Debt Funding Documents/Enduring Planet - Signed BFL - Sep 21 2022 - 12-26 PM.pdf,COMPANIES/Cambium/09_Commercial_and_Customers/Enduring Planet - Signed BFL - Sep 21 2022 - 12-26 PM.pdf,PLACED,09 Commercial & Customers,False,moved,True
F00176,Cambium,Diligence/Cost Parity/Cambium Data Room 2024 _ Supplemental Documentation 2/Legal (Supplementary Docs)/Company Minute Book and Corporate Records/Business Contracts/Privacy Policy/Cambium Carbon PBC Privacy Policy (vp28072021).doc,COMPANIES/Cambium/09_Commercial_and_Customers/Cambium Carbon PBC Privacy Policy (vp28072021).doc,PLACED,09 Commercial & Customers,False,moved,True
F00177,Cambium,Diligence/Cost Parity/Cambium Data Room 2024 _ Supplemental Documentation 2/Legal (Supplementary Docs)/Company Minute Book and Corporate Records/Business Contracts/Terms of Service/Software License Agreement February 2024.docx,COMPANIES/Cambium/14_Historical_Superseded/Software License Agreement February 2024.docx,SUPERSEDED,14 Historical / Superseded,False,moved,True
F00178,Cambium,Diligence/Cost Parity/Cambium Data Room 2024 _ Supplemental Documentation 2/Legal (Supplementary Docs)/Company Minute Book and Corporate Records/Business Contracts/Terms of Service/Software License Agreement February 2024.pdf,COMPANIES/Cambium/09_Commercial_and_Customers/Software License Agreement February 2024.pdf,PLACED,09 Commercial & Customers,False,moved,True
F00179,Cambium,Diligence/Cost Parity/Cambium Data Room 2024 _ Supplemental Documentation 2/Legal (Supplementary Docs)/Company Minute Book and Corporate Records/Business Contracts/Terms of Service/Terms of Service - Cambium Carbon.doc,COMPANIES/Cambium/09_Commercial_and_Customers/Terms of Service - Cambium Carbon.doc,PLACED,09 Commercial & Customers,False,moved,True
F00180,Cambium,Diligence/Cost Parity/Cambium Data Room 2024 _ Supplemental Documentation 2/Legal (Supplementary Docs)/Company Minute Book and Corporate Records/Business Contracts/Terms of Service/Not Used/Terms and Conditions for Online Sales by Retailers to Consumers.doc,COMPANIES/Cambium/09_Commercial_and_Customers/Terms and Conditions for Online Sales by Retailers to Consumers.doc,PLACED,09 Commercial & Customers,False,moved,True
F00181,Cambium,Diligence/Cost Parity/Cambium Data Room 2024 _ Supplemental Documentation 2/Legal (Supplementary Docs)/Company Minute Book and Corporate Records/Business Contracts/Terms of Service/Not Used/Terms of Service.docx,COMPANIES/Cambium/09_Commercial_and_Customers/Terms of Service.docx,PLACED,09 Commercial & Customers,False,moved,True
F00182,Cambium,Diligence/Cost Parity/Cambium Data Room 2024 _ Supplemental Documentation 2/Legal (Supplementary Docs)/Company Minute Book and Corporate Records/Business Contracts/Third Party Contracts/ADF_Cambium Contract (Executed) (1).pdf,COMPANIES/Cambium/09_Commercial_and_Customers/ADF_Cambium Contract (Executed) (1).pdf,PLACED,09 Commercial & Customers,False,moved,True
F00183,Cambium,Diligence/Cost Parity/Cambium Data Room 2024 _ Supplemental Documentation 2/Legal (Supplementary Docs)/Company Minute Book and Corporate Records/Business Contracts/Third Party Contracts/CFS Project Proposal Cambium Carbon (5Oct22).pdf,COMPANIES/Cambium/09_Commercial_and_Customers/CFS Project Proposal Cambium Carbon (5Oct22).pdf,PLACED,09 Commercial & Customers,False,moved,True
F00184,Cambium,Diligence/Cost Parity/Cambium Data Room 2024 _ Supplemental Documentation 2/Legal (Supplementary Docs)/Company Minute Book and Corporate Records/Business Contracts/Third Party Contracts/Recruiting Agreements/Brainworks-Performance-Based Retainer Agreement-Cambium Carbon 0130.pdf,COMPANIES/Cambium/09_Commercial_and_Customers/Brainworks-Performance-Based Retainer Agreement-Cambium Carbon 0130.pdf,PLACED,09 Commercial & Customers,False,moved,True
F00185,Cambium,Diligence/Cost Parity/Cambium Data Room 2024 _ Supplemental Documentation 2/Legal (Supplementary Docs)/Company Minute Book and Corporate Records/Business Contracts/Third Party Contracts/Recruiting Agreements/Hawthorne_Lane_Fee_Agreement__Ben_Christensen-signed-certificate.pdf,COMPANIES/Cambium/09_Commercial_and_Customers/Hawthorne_Lane_Fee_Agreement__Ben_Christensen-signed-certificate.pdf,PLACED,09 Commercial & Customers,False,moved,True
F00186,Cambium,Diligence/Cost Parity/Cambium Data Room 2024 _ Supplemental Documentation 2/Legal (Supplementary Docs)/Company Minute Book and Corporate Records/Business Contracts/Third Party Contracts/Vendors/Cambium Carbon Statement of Work_Sidecar Design.pdf,COMPANIES/Cambium/09_Commercial_and_Customers/Cambium Carbon Statement of Work_Sidecar Design.pdf,PLACED,09 Commercial & Customers,False,moved,True
F00187,Cambium,Diligence/Cost Parity/Cambium Data Room 2024 _ Supplemental Documentation 2/Legal (Supplementary Docs)/Company Minute Book and Corporate Records/Business Contracts/Third Party Contracts/Vendors/Cambium _ Sixty Forty Design MOU.pdf,COMPANIES/Cambium/09_Commercial_and_Customers/Cambium _ Sixty Forty Design MOU.pdf,PLACED,09 Commercial & Customers,False,moved,True
F00188,Cambium,Diligence/Cost Parity/Cambium Data Room 2024 _ Supplemental Documentation 2/Legal (Supplementary Docs)/Company Minute Book and Corporate Records/Business Contracts/Third Party Contracts/Vendors/Cambium_VSC Service Agreement_2024 updated_encrypted_.pdf,COMPANIES/Cambium/09_Commercial_and_Customers/Cambium_VSC Service Agreement_2024 updated_encrypted_.pdf,PLACED,09 Commercial & Customers,False,moved,True
F00189,Cambium,Diligence/Cost Parity/Cambium Data Room 2024 _ Supplemental Documentation 2/Legal (Supplementary Docs)/Company Minute Book and Corporate Records/Business Contracts/Third Party Contracts/Vendors/EHDD_Peer_Review_Subc.pdf,COMPANIES/Cambium/09_Commercial_and_Customers/EHDD_Peer_Review_Subc.pdf,PLACED,09 Commercial & Customers,False,moved,True
F00190,Cambium,Diligence/Cost Parity/Cambium Data Room 2024 _ Supplemental Documentation 2/Legal (Supplementary Docs)/Company Minute Book and Corporate Records/Business Contracts/Third Party Contracts/Vendors/Signed_2023-08-24_MOU_Cambium _ Sixty Forty.pdf,COMPANIES/Cambium/09_Commercial_and_Customers/Signed_2023-08-24_MOU_Cambium _ Sixty Forty.pdf,PLACED,09 Commercial & Customers,False,moved,True
F00191,Cambium,Diligence/Cost Parity/Cambium Data Room 2024 _ Supplemental Documentation 2/Legal (Supplementary Docs)/Company Minute Book and Corporate Records/Business Contracts/Third Party Contracts/Vendors/Signed_2023-08-24_NDA_Cambium _ Sixty Forty.pdf,COMPANIES/Cambium/09_Commercial_and_Customers/Signed_2023-08-24_NDA_Cambium _ Sixty Forty.pdf,PLACED,09 Commercial & Customers,False,moved,True
F00192,Cambium,Diligence/Cost Parity/Cambium Data Room 2024 _ Supplemental Documentation 2/Legal (Supplementary Docs)/Company Minute Book and Corporate Records/Business Contracts/Third Party Contracts/Vendors/Subcontract - Cambium Carbon.docx,COMPANIES/Cambium/09_Commercial_and_Customers/Subcontract - Cambium Carbon.docx,PLACED,09 Commercial & Customers,False,moved,True
F00193,Cambium,Diligence/Cost Parity/Cambium Data Room 2024 _ Supplemental Documentation 2/Legal (Supplementary Docs)/Company Minute Book and Corporate Records/Business Contracts/Third Party Contracts/Vendors/Terms and Conditions - Cambium Carbon.docx,COMPANIES/Cambium/09_Commercial_and_Customers/Terms and Conditions - Cambium Carbon.docx,PLACED,09 Commercial & Customers,False,moved,True
F00194,Cambium,Diligence/Cost Parity/Cambium Data Room 2024 _ Supplemental Documentation 2/Legal (Supplementary Docs)/Company Minute Book and Corporate Records/Business Contracts/Third Party Contracts/Vendors/United Healthcare Level Funded Plan.pdf,COMPANIES/Cambium/09_Commercial_and_Customers/United Healthcare Level Funded Plan.pdf,PLACED,09 Commercial & Customers,False,moved,True
F00195,Cambium,Diligence/Cost Parity/Cambium Data Room 2024 _ Supplemental Documentation 2/Legal (Supplementary Docs)/Company Minute Book and Corporate Records/Business Contracts/Third Party Contracts/gdSoft/contract_cambium_carbon_flight_hours_2022_09_27.pdf,COMPANIES/Cambium/09_Commercial_and_Customers/contract_cambium_carbon_flight_hours_2022_09_27.pdf,PLACED,09 Commercial & Customers,False,moved,True
F00196,Cambium,Diligence/Cost Parity/Cambium Data Room 2024 _ Supplemental Documentation 2/Legal (Supplementary Docs)/Company Minute Book and Corporate Records/Corporate Documents/Certificate of Good Standing 2023-12-22 (1).pdf,COMPANIES/Cambium/02_Financing_and_Legal/Certificate of Good Standing 2023-12-22 (1).pdf,PLACED,02 Financing & Legal,False,moved,True
F00197,Cambium,Diligence/Cost Parity/Cambium Data Room 2024 _ Supplemental Documentation 2/Legal (Supplementary Docs)/Company Minute Book and Corporate Records/Corporate Documents/Certificate of Good Standing_ Nov. 7 2022.pdf,COMPANIES/Cambium/02_Financing_and_Legal/Certificate of Good Standing_ Nov. 7 2022.pdf,PLACED,02 Financing & Legal,False,moved,True
F00198,Cambium,Diligence/Cost Parity/Cambium Data Room 2024 _ Supplemental Documentation 2/Legal (Supplementary Docs)/Company Minute Book and Corporate Records/Corporate Documents/EIN Individual Request - Online Application.pdf,COMPANIES/Cambium/02_Financing_and_Legal/EIN Individual Request - Online Application__F00198.pdf,PLACED,02 Financing & Legal,False,moved,True
F00199,Cambium,Diligence/Cost Parity/Cambium Data Room 2024 _ Supplemental Documentation 2/Legal (Supplementary Docs)/Company Minute Book and Corporate Records/Corporate Documents/Governance Documents/(OLD) Original Certificate of Good Standing.pdf,COMPANIES/Cambium/02_Financing_and_Legal/(OLD) Original Certificate of Good Standing.pdf,PLACED,02 Financing & Legal,False,moved,True
F00200,Cambium,Diligence/Cost Parity/Cambium Data Room 2024 _ Supplemental Documentation 2/Legal (Supplementary Docs)/Company Minute Book and Corporate Records/Corporate Documents/Governance Documents/Bylaws of Cambium Carbon PBC .docx,COMPANIES/Cambium/02_Financing_and_Legal/Bylaws of Cambium Carbon PBC.docx,PLACED,02 Financing & Legal,True,moved,True
F00201,Cambium,Diligence/Cost Parity/Cambium Data Room 2024 _ Supplemental Documentation 2/Legal (Supplementary Docs)/Company Minute Book and Corporate Records/Corporate Documents/Governance Documents/Bylaws of Cambium Carbon PBC _signed.pdf,COMPANIES/Cambium/02_Financing_and_Legal/Bylaws of Cambium Carbon PBC _signed.pdf,PLACED,02 Financing & Legal,False,moved,True
F00202,Cambium,Diligence/Cost Parity/Cambium Data Room 2024 _ Supplemental Documentation 2/Legal (Supplementary Docs)/Company Minute Book and Corporate Records/Corporate Documents/Governance Documents/Cambium - Filed - Certificate of Incorporation.pdf,COMPANIES/Cambium/02_Financing_and_Legal/Cambium - Filed - Certificate of Incorporation.pdf,PLACED,02 Financing & Legal,False,moved,True
F00203,Cambium,Diligence/Cost Parity/Cambium Data Room 2024 _ Supplemental Documentation 2/Legal (Supplementary Docs)/Company Minute Book and Corporate Records/Corporate Documents/Governance Documents/Certificate of Good Standing – 07.18.22.pdf,COMPANIES/Cambium/02_Financing_and_Legal/Certificate of Good Standing – 07.18.22.pdf,PLACED,02 Financing & Legal,False,moved,True
F00204,Cambium,Diligence/Cost Parity/Cambium Data Room 2024 _ Supplemental Documentation 2/Legal (Supplementary Docs)/Company Minute Book and Corporate Records/Corporate Documents/Governance Documents/Certificate of Good Standing_ Nov. 7 2022.pdf,COMPANIES/Cambium/02_Financing_and_Legal/Certificate of Good Standing_ Nov. 7 2022__F00204.pdf,PLACED,02 Financing & Legal,False,moved,True
F00205,Cambium,Diligence/Cost Parity/Cambium Data Room 2024 _ Supplemental Documentation 2/Legal (Supplementary Docs)/Company Minute Book and Corporate Records/Corporate Documents/Governance Documents/DE Certificate of Good Standing 2023-12-22.pdf,COMPANIES/Cambium/02_Financing_and_Legal/DE Certificate of Good Standing 2023-12-22.pdf,PLACED,02 Financing & Legal,False,moved,True
F00206,Cambium,Diligence/Cost Parity/Cambium Data Room 2024 _ Supplemental Documentation 2/Legal (Supplementary Docs)/Company Minute Book and Corporate Records/Corporate Documents/LLC Company Agreements and Operating Agreement/ADF_Cambium Contract (Executed) (1).pdf,COMPANIES/Cambium/02_Financing_and_Legal/ADF_Cambium Contract (Executed) (1).pdf,PLACED,02 Financing & Legal,False,moved,True
F00207,Cambium,Diligence/Cost Parity/Cambium Data Room 2024 _ Supplemental Documentation 2/Legal (Supplementary Docs)/Company Minute Book and Corporate Records/Corporate Documents/LLC Company Agreements and Operating Agreement/Consent in Writing of the Members of Cambium Carbon LLC - signed.pdf,COMPANIES/Cambium/02_Financing_and_Legal/Consent in Writing of the Members of Cambium Carbon LLC - signed.pdf,PLACED,02 Financing & Legal,False,moved,True
F00208,Cambium,Diligence/Cost Parity/Cambium Data Room 2024 _ Supplemental Documentation 2/Legal (Supplementary Docs)/Company Minute Book and Corporate Records/Corporate Documents/LLC Company Agreements and Operating Agreement/Multi-Member LLC -- Cambium Carbon LLC.pdf,COMPANIES/Cambium/02_Financing_and_Legal/Multi-Member LLC -- Cambium Carbon LLC.pdf,PLACED,02 Financing & Legal,False,moved,True
F00209,Cambium,Diligence/Cost Parity/Cambium Data Room 2024 _ Supplemental Documentation 2/Legal (Supplementary Docs)/Company Minute Book and Corporate Records/Corporate Documents/LLC Company Agreements and Operating Agreement/Subscription Agreement - Cambium Carbon LLC - signed (1).pdf,COMPANIES/Cambium/02_Financing_and_Legal/Subscription Agreement - Cambium Carbon LLC - signed (1).pdf,PLACED,02 Financing & Legal,False,moved,True
F00210,Cambium,Diligence/Cost Parity/Cambium Data Room 2024 _ Supplemental Documentation 2/Legal (Supplementary Docs)/Company Minute Book and Corporate Records/Corporate Documents/Resolutions/Action by Written Consent of Sole Incorporator - Cambium Carbon PBC.pdf,COMPANIES/Cambium/02_Financing_and_Legal/Action by Written Consent of Sole Incorporator - Cambium Carbon PBC.pdf,PLACED,02 Financing & Legal,False,moved,True
F00211,Cambium,Diligence/Cost Parity/Cambium Data Room 2024 _ Supplemental Documentation 2/Legal (Supplementary Docs)/Company Minute Book and Corporate Records/Corporate Documents/Resolutions/Board Consent - Cambium Carbon PBC (re. Note Financing) - signed.pdf,COMPANIES/Cambium/02_Financing_and_Legal/Board Consent - Cambium Carbon PBC (re. Note Financing) - signed.pdf,PLACED,02 Financing & Legal,False,moved,True
F00212,Cambium,Diligence/Cost Parity/Cambium Data Room 2024 _ Supplemental Documentation 2/Legal (Supplementary Docs)/Company Minute Book and Corporate Records/Corporate Documents/Resolutions/Board Consent 3.22.23 (Nishan + Rachel shares) - Cambium Carbon PBC - signed (1).pdf,COMPANIES/Cambium/02_Financing_and_Legal/Board Consent 3.22.23 (Nishan + Rachel shares) - Cambium Carbon PBC - signed (1).pdf,PLACED,02 Financing & Legal,False,moved,True
F00213,Cambium,Diligence/Cost Parity/Cambium Data Room 2024 _ Supplemental Documentation 2/Legal (Supplementary Docs)/Company Minute Book and Corporate Records/Corporate Documents/Resolutions/Board Consent in Writing (Webster Bank)-complete.pdf,COMPANIES/Cambium/02_Financing_and_Legal/Board Consent in Writing (Webster Bank)-complete.pdf,PLACED,02 Financing & Legal,False,moved,True
F00214,Cambium,Diligence/Cost Parity/Cambium Data Room 2024 _ Supplemental Documentation 2/Legal (Supplementary Docs)/Company Minute Book and Corporate Records/Corporate Documents/Resolutions/Board Consent in Writing (Webster Bank).docx,COMPANIES/Cambium/02_Financing_and_Legal/Board Consent in Writing (Webster Bank).docx,PLACED,02 Financing & Legal,False,moved,True
F00215,Cambium,Diligence/Cost Parity/Cambium Data Room 2024 _ Supplemental Documentation 2/Legal (Supplementary Docs)/Company Minute Book and Corporate Records/Corporate Documents/Resolutions/BoardConsent_JoeJeff_June21.docx.pdf,COMPANIES/Cambium/02_Financing_and_Legal/BoardConsent_JoeJeff_June21.docx.pdf,PLACED,02 Financing & Legal,False,moved,True
F00216,Cambium,Diligence/Cost Parity/Cambium Data Room 2024 _ Supplemental Documentation 2/Legal (Supplementary Docs)/Company Minute Book and Corporate Records/Corporate Documents/Resolutions/Consent of the Board - re. Lumber Tracker Acquisition (Cambium Carbon PBC) - signed (1).pdf,COMPANIES/Cambium/02_Financing_and_Legal/Consent of the Board - re. Lumber Tracker Acquisition (Cambium Carbon PBC) - signed (1).pdf,PLACED,02 Financing & Legal,False,moved,True
F00217,Cambium,Diligence/Cost Parity/Cambium Data Room 2024 _ Supplemental Documentation 2/Legal (Supplementary Docs)/Company Minute Book and Corporate Records/Corporate Documents/Resolutions/Copy of Board Consent in Writing (GSB).docx,COMPANIES/Cambium/02_Financing_and_Legal/Copy of Board Consent in Writing (GSB).docx,PLACED,02 Financing & Legal,False,moved,True
F00218,Cambium,Diligence/Cost Parity/Cambium Data Room 2024 _ Supplemental Documentation 2/Legal (Supplementary Docs)/Company Minute Book and Corporate Records/Corporate Documents/Resolutions/Final - NSO Agreement (Z. Scott) - Cambium Carbon PBC - signed.pdf,COMPANIES/Cambium/02_Financing_and_Legal/Final - NSO Agreement (Z. Scott) - Cambium Carbon PBC - signed.pdf,PLACED,02 Financing & Legal,False,moved,True
F00219,Cambium,Diligence/Cost Parity/Cambium Data Room 2024 _ Supplemental Documentation 2/Legal (Supplementary Docs)/Company Minute Book and Corporate Records/Corporate Documents/Resolutions/Joint Action by Written Consent of the Board of Directors and Stockholders in Lieu of Initial Meeting - Cambium Carbon PBC - signed.pdf,COMPANIES/Cambium/02_Financing_and_Legal/Joint Action by Written Consent of the Board of Directors and Stockholders in Lieu of Initial Meeting - Cambium Carbon PBC - signed.pdf,PLACED,02 Financing & Legal,False,moved,True
F00220,Cambium,Diligence/Cost Parity/Cambium Data Room 2024 _ Supplemental Documentation 2/Legal (Supplementary Docs)/Company Minute Book and Corporate Records/Corporate Documents/Resolutions/Joint Action by Written Consent of the Board of Directors and Stockholders in Lieu of Initial Meeting - Cambium Carbon PBC.docx,COMPANIES/Cambium/14_Historical_Superseded/Joint Action by Written Consent of the Board of Directors and Stockholders in Lieu of Initial Meeting - Cambium Carbon PBC.docx,SUPERSEDED,14 Historical / Superseded,False,moved,True
F00221,Cambium,Diligence/Cost Parity/Cambium Data Room 2024 _ Supplemental Documentation 2/Legal (Supplementary Docs)/Company Minute Book and Corporate Records/Corporate Documents/Resolutions/Jon_VestingAccel_BoardConsent-2.pdf,COMPANIES/Cambium/02_Financing_and_Legal/Jon_VestingAccel_BoardConsent-2.pdf,PLACED,02 Financing & Legal,False,moved,True
F00222,Cambium,Diligence/Cost Parity/Cambium Data Room 2024 _ Supplemental Documentation 2/Legal (Supplementary Docs)/Company Minute Book and Corporate Records/Corporate Documents/Resolutions/Written Consent of the Board - re. Stock Option Issuances (Cambium Carbon PBC .docx,COMPANIES/Cambium/02_Financing_and_Legal/Written Consent of the Board - re. Stock Option Issuances (Cambium Carbon PBC.docx,PLACED,02 Financing & Legal,True,moved,True
F00223,Cambium,Diligence/Cost Parity/Cambium Data Room 2024 _ Supplemental Documentation 2/Legal (Supplementary Docs)/Company Minute Book and Corporate Records/NDAs/BET USA & Cambium Carbon NDA and Confidentiality 2024.pdf,COMPANIES/Cambium/02_Financing_and_Legal/BET USA & Cambium Carbon NDA and Confidentiality 2024.pdf,PLACED,02 Financing & Legal,False,moved,True
F00224,Cambium,Diligence/Cost Parity/Cambium Data Room 2024 _ Supplemental Documentation 2/Legal (Supplementary Docs)/Company Minute Book and Corporate Records/NDAs/Boone Mountain Capital NDA.docx,COMPANIES/Cambium/02_Financing_and_Legal/Boone Mountain Capital NDA.docx,PLACED,02 Financing & Legal,False,moved,True
F00225,Cambium,Diligence/Cost Parity/Cambium Data Room 2024 _ Supplemental Documentation 2/Legal (Supplementary Docs)/Company Minute Book and Corporate Records/NDAs/Cael Kendall NDA_signed.pdf,COMPANIES/Cambium/02_Financing_and_Legal/Cael Kendall NDA_signed.pdf,PLACED,02 Financing & Legal,False,moved,True
F00226,Cambium,Diligence/Cost Parity/Cambium Data Room 2024 _ Supplemental Documentation 2/Legal (Supplementary Docs)/Company Minute Book and Corporate Records/NDAs/Cambium Carbon - Aligned NDA - 10.06.23.pdf,COMPANIES/Cambium/02_Financing_and_Legal/Cambium Carbon - Aligned NDA - 10.06.23.pdf,PLACED,02 Financing & Legal,False,moved,True
F00227,Cambium,Diligence/Cost Parity/Cambium Data Room 2024 _ Supplemental Documentation 2/Legal (Supplementary Docs)/Company Minute Book and Corporate Records/NDAs/Cambium Carbon - Firewood Farms_signed NDA 01_09_2024.pdf,COMPANIES/Cambium/02_Financing_and_Legal/Cambium Carbon - Firewood Farms_signed NDA 01_09_2024.pdf,PLACED,02 Financing & Legal,False,moved,True
F00228,Cambium,Diligence/Cost Parity/Cambium Data Room 2024 _ Supplemental Documentation 2/Legal (Supplementary Docs)/Company Minute Book and Corporate Records/NDAs/Cambium Carbon - Harvest Lumber Co- 11.09.23.pdf,COMPANIES/Cambium/02_Financing_and_Legal/Cambium Carbon - Harvest Lumber Co- 11.09.23.pdf,PLACED,02 Financing & Legal,False,moved,True
F00229,Cambium,Diligence/Cost Parity/Cambium Data Room 2024 _ Supplemental Documentation 2/Legal (Supplementary Docs)/Company Minute Book and Corporate Records/NDAs/Cambium_NDA_Arbor Wood Co.pdf,COMPANIES/Cambium/02_Financing_and_Legal/Cambium_NDA_Arbor Wood Co.pdf,PLACED,02 Financing & Legal,False,moved,True
F00230,Cambium,Diligence/Cost Parity/Cambium Data Room 2024 _ Supplemental Documentation 2/Legal (Supplementary Docs)/Company Minute Book and Corporate Records/NDAs/Cambium_NDA_DeadWood.pdf,COMPANIES/Cambium/02_Financing_and_Legal/Cambium_NDA_DeadWood.pdf,PLACED,02 Financing & Legal,False,moved,True
F00231,Cambium,Diligence/Cost Parity/Cambium Data Room 2024 _ Supplemental Documentation 2/Legal (Supplementary Docs)/Company Minute Book and Corporate Records/NDAs/Cambium_NDA_John Mancine.pdf,COMPANIES/Cambium/02_Financing_and_Legal/Cambium_NDA_John Mancine.pdf,PLACED,02 Financing & Legal,False,moved,True
F00232,Cambium,Diligence/Cost Parity/Cambium Data Room 2024 _ Supplemental Documentation 2/Legal (Supplementary Docs)/Company Minute Book and Corporate Records/NDAs/Cambium_NDA_Limestone Digital.pdf,COMPANIES/Cambium/02_Financing_and_Legal/Cambium_NDA_Limestone Digital.pdf,PLACED,02 Financing & Legal,False,moved,True
F00233,Cambium,Diligence/Cost Parity/Cambium Data Room 2024 _ Supplemental Documentation 2/Legal (Supplementary Docs)/Company Minute Book and Corporate Records/NDAs/Cambium_PlanIT_Geo_2023.pdf,COMPANIES/Cambium/02_Financing_and_Legal/Cambium_PlanIT_Geo_2023.pdf,PLACED,02 Financing & Legal,False,moved,True
F00234,Cambium,Diligence/Cost Parity/Cambium Data Room 2024 _ Supplemental Documentation 2/Legal (Supplementary Docs)/Company Minute Book and Corporate Records/NDAs/Chainparency_Cambium_MNDA-2023_signed.pdf,COMPANIES/Cambium/02_Financing_and_Legal/Chainparency_Cambium_MNDA-2023_signed.pdf,PLACED,02 Financing & Legal,False,moved,True
F00235,Cambium,Diligence/Cost Parity/Cambium Data Room 2024 _ Supplemental Documentation 2/Legal (Supplementary Docs)/Company Minute Book and Corporate Records/NDAs/Confidentiality and Nondisclosure Agreement - CAMBIUM CARBON PBC - Urban Machine.pdf,COMPANIES/Cambium/02_Financing_and_Legal/Confidentiality and Nondisclosure Agreement - CAMBIUM CARBON PBC - Urban Machine.pdf,PLACED,02 Financing & Legal,False,moved,True
F00236,Cambium,Diligence/Cost Parity/Cambium Data Room 2024 _ Supplemental Documentation 2/Legal (Supplementary Docs)/Company Minute Book and Corporate Records/NDAs/Confidentiality and Nondisclosure Agreement - CAMBIUM CARBON PBC _ ChipDrop 02_22_2024.pdf,COMPANIES/Cambium/02_Financing_and_Legal/Confidentiality and Nondisclosure Agreement - CAMBIUM CARBON PBC _ ChipDrop 02_22_2024.pdf,PLACED,02 Financing & Legal,False,moved,True
F00237,Cambium,Diligence/Cost Parity/Cambium Data Room 2024 _ Supplemental Documentation 2/Legal (Supplementary Docs)/Company Minute Book and Corporate Records/NDAs/Confidentiality and Nondisclosure Agreement - CAMBIUM CARBON PBC_Working Trees 02_23_2024.pdf,COMPANIES/Cambium/02_Financing_and_Legal/Confidentiality and Nondisclosure Agreement - CAMBIUM CARBON PBC_Working Trees 02_23_2024.pdf,PLACED,02 Financing & Legal,False,moved,True
F00238,Cambium,Diligence/Cost Parity/Cambium Data Room 2024 _ Supplemental Documentation 2/Legal (Supplementary Docs)/Company Minute Book and Corporate Records/NDAs/EHDD Mutual NDA.pdf,COMPANIES/Cambium/02_Financing_and_Legal/EHDD Mutual NDA.pdf,PLACED,02 Financing & Legal,False,moved,True
F00239,Cambium,Diligence/Cost Parity/Cambium Data Room 2024 _ Supplemental Documentation 2/Legal (Supplementary Docs)/Company Minute Book and Corporate Records/NDAs/Forward Forestry Confidentiality and Nondisclosure Agreement - CAMBIUM CARBON PBC - signed.pdf,COMPANIES/Cambium/02_Financing_and_Legal/Forward Forestry Confidentiality and Nondisclosure Agreement - CAMBIUM CARBON PBC - signed.pdf,PLACED,02 Financing & Legal,False,moved,True
F00240,Cambium,Diligence/Cost Parity/Cambium Data Room 2024 _ Supplemental Documentation 2/Legal (Supplementary Docs)/Company Minute Book and Corporate Records/NDAs/LD_-_Service_Agreement_Cambium_Carbon-2023.pdf,COMPANIES/Cambium/02_Financing_and_Legal/LD_-_Service_Agreement_Cambium_Carbon-2023.pdf,PLACED,02 Financing & Legal,False,moved,True
F00241,Cambium,Diligence/Cost Parity/Cambium Data Room 2024 _ Supplemental Documentation 2/Legal (Supplementary Docs)/Company Minute Book and Corporate Records/NDAs/LimestoneDigital_NDA.pdf,COMPANIES/Cambium/02_Financing_and_Legal/LimestoneDigital_NDA.pdf,PLACED,02 Financing & Legal,False,moved,True
F00242,Cambium,Diligence/Cost Parity/Cambium Data Room 2024 _ Supplemental Documentation 2/Legal (Supplementary Docs)/Company Minute Book and Corporate Records/NDAs/LinvilleEngler_Matt_Confidentiality and Nondisclosure Agreement_0621.pdf,COMPANIES/Cambium/02_Financing_and_Legal/LinvilleEngler_Matt_Confidentiality and Nondisclosure Agreement_0621.pdf,PLACED,02 Financing & Legal,False,moved,True
F00243,Cambium,Diligence/Cost Parity/Cambium Data Room 2024 _ Supplemental Documentation 2/Legal (Supplementary Docs)/Company Minute Book and Corporate Records/NDAs/Marvin Stockwell confidentiality agreement_2023-02-07_220017.pdf,COMPANIES/Cambium/02_Financing_and_Legal/Marvin Stockwell confidentiality agreement_2023-02-07_220017.pdf,PLACED,02 Financing & Legal,False,moved,True
F00244,Cambium,Diligence/Cost Parity/Cambium Data Room 2024 _ Supplemental Documentation 2/Legal (Supplementary Docs)/Company Minute Book and Corporate Records/NDAs/Mutual NDA_Cambium & PlanITGeo.pdf,COMPANIES/Cambium/02_Financing_and_Legal/Mutual NDA_Cambium & PlanITGeo.pdf,PLACED,02 Financing & Legal,False,moved,True
F00245,Cambium,Diligence/Cost Parity/Cambium Data Room 2024 _ Supplemental Documentation 2/Legal (Supplementary Docs)/Company Minute Book and Corporate Records/NDAs/Mutual NDA_Cambium_Anderson Kenny.docx,COMPANIES/Cambium/02_Financing_and_Legal/Mutual NDA_Cambium_Anderson Kenny.docx,PLACED,02 Financing & Legal,False,moved,True
F00246,Cambium,Diligence/Cost Parity/Cambium Data Room 2024 _ Supplemental Documentation 2/Legal (Supplementary Docs)/Company Minute Book and Corporate Records/NDAs/Mutual NDA_Cambium_Cam Carter.docx,COMPANIES/Cambium/02_Financing_and_Legal/Mutual NDA_Cambium_Cam Carter.docx,PLACED,02 Financing & Legal,False,moved,True
F00247,Cambium,Diligence/Cost Parity/Cambium Data Room 2024 _ Supplemental Documentation 2/Legal (Supplementary Docs)/Company Minute Book and Corporate Records/NDAs/Mutual NDA_Cambium_Erik Ryan.docx,COMPANIES/Cambium/02_Financing_and_Legal/Mutual NDA_Cambium_Erik Ryan.docx,PLACED,02 Financing & Legal,False,moved,True
F00248,Cambium,Diligence/Cost Parity/Cambium Data Room 2024 _ Supplemental Documentation 2/Legal (Supplementary Docs)/Company Minute Book and Corporate Records/NDAs/Mutual NDA_Cambium_JoeScan.docx,COMPANIES/Cambium/02_Financing_and_Legal/Mutual NDA_Cambium_JoeScan.docx,PLACED,02 Financing & Legal,False,moved,True
F00249,Cambium,Diligence/Cost Parity/Cambium Data Room 2024 _ Supplemental Documentation 2/Legal (Supplementary Docs)/Company Minute Book and Corporate Records/NDAs/Mutual NDA_Cambium_MSU signed_Cambium signed.pdf,COMPANIES/Cambium/02_Financing_and_Legal/Mutual NDA_Cambium_MSU signed_Cambium signed.pdf,PLACED,02 Financing & Legal,False,moved,True
F00250,Cambium,Diligence/Cost Parity/Cambium Data Room 2024 _ Supplemental Documentation 2/Legal (Supplementary Docs)/Company Minute Book and Corporate Records/NDAs/Mutual NDA_Cambium_MSU.docx,COMPANIES/Cambium/02_Financing_and_Legal/Mutual NDA_Cambium_MSU.docx,PLACED,02 Financing & Legal,False,moved,True
F00251,Cambium,Diligence/Cost Parity/Cambium Data Room 2024 _ Supplemental Documentation 2/Legal (Supplementary Docs)/Company Minute Book and Corporate Records/NDAs/Mutual NDA_Cambium_Vaagen Timbers.docx,COMPANIES/Cambium/02_Financing_and_Legal/Mutual NDA_Cambium_Vaagen Timbers.docx,PLACED,02 Financing & Legal,False,moved,True
F00252,Cambium,Diligence/Cost Parity/Cambium Data Room 2024 _ Supplemental Documentation 2/Legal (Supplementary Docs)/Company Minute Book and Corporate Records/NDAs/NDA_from_Google_for_signature..pdf,COMPANIES/Cambium/02_Financing_and_Legal/NDA_from_Google_for_signature.pdf,PLACED,02 Financing & Legal,True,moved,True
F00253,Cambium,Diligence/Cost Parity/Cambium Data Room 2024 _ Supplemental Documentation 2/Legal (Supplementary Docs)/Company Minute Book and Corporate Records/NDAs/Non Disclosure Agreement - Cambium Carbon PBC - Delmhorst -  25apr23 - Executed.pdf,COMPANIES/Cambium/02_Financing_and_Legal/Non Disclosure Agreement - Cambium Carbon PBC - Delmhorst - 25apr23 - Executed.pdf,PLACED,02 Financing & Legal,True,moved,True
F00254,Cambium,Diligence/Cost Parity/Cambium Data Room 2024 _ Supplemental Documentation 2/Legal (Supplementary Docs)/Company Minute Book and Corporate Records/NDAs/PLDV Cambium Carbon NDA July 2024.pdf,COMPANIES/Cambium/02_Financing_and_Legal/PLDV Cambium Carbon NDA July 2024.pdf,PLACED,02 Financing & Legal,False,moved,True
F00255,Cambium,Diligence/Cost Parity/Cambium Data Room 2024 _ Supplemental Documentation 2/Legal (Supplementary Docs)/Company Minute Book and Corporate Records/NDAs/Prasad_NDA.pdf,COMPANIES/Cambium/02_Financing_and_Legal/Prasad_NDA.pdf,PLACED,02 Financing & Legal,False,moved,True
F00256,Cambium,Diligence/Cost Parity/Cambium Data Room 2024 _ Supplemental Documentation 2/Legal (Supplementary Docs)/Company Minute Book and Corporate Records/NDAs/Punch Financial Mutual NDA 2023 - signed.pdf,COMPANIES/Cambium/02_Financing_and_Legal/Punch Financial Mutual NDA 2023 - signed.pdf,PLACED,02 Financing & Legal,False,moved,True
F00257,Cambium,Diligence/Cost Parity/Cambium Data Room 2024 _ Supplemental Documentation 2/Legal (Supplementary Docs)/Company Minute Book and Corporate Records/NDAs/TEMPLATE_Mutual NDA_Cambium.docx,COMPANIES/Cambium/02_Financing_and_Legal/TEMPLATE_Mutual NDA_Cambium.docx,PLACED,02 Financing & Legal,False,moved,True
F00258,Cambium,"Diligence/Cost Parity/Cambium Data Room 2024 _ Supplemental Documentation 2/Legal (Supplementary Docs)/Company Minute Book and Corporate Records/NDAs/Two-Way NDA - CAMBIUM CARBON PBC & Texas Urban Sawmill, Nov 2 2022_BC Signed.pdf","COMPANIES/Cambium/02_Financing_and_Legal/Two-Way NDA - CAMBIUM CARBON PBC & Texas Urban Sawmill, Nov 2 2022_BC Signed.pdf",PLACED,02 Financing & Legal,False,moved,True
F00259,Cambium,Diligence/Cost Parity/Cambium Data Room 2024 _ Supplemental Documentation 2/Legal (Supplementary Docs)/Company Minute Book and Corporate Records/NDAs/merixstudio_Confidentiality and Nondisclosure Agreement_05_21.pdf,COMPANIES/Cambium/02_Financing_and_Legal/merixstudio_Confidentiality and Nondisclosure Agreement_05_21.pdf,PLACED,02 Financing & Legal,False,moved,True
F00260,Cambium,Diligence/Cost Parity/Cambium Data Room 2024 _ Supplemental Documentation 2/Legal (Supplementary Docs)/Company Minute Book and Corporate Records/Personnel (Individual Stock Issuances)/Stock Plan - Cambium Carbon PBC.pdf,COMPANIES/Cambium/02_Financing_and_Legal/Stock Plan - Cambium Carbon PBC.pdf,PLACED,02 Financing & Legal,False,moved,True
F00261,Cambium,Diligence/Cost Parity/Cambium Data Room 2024 _ Supplemental Documentation 2/Legal (Supplementary Docs)/Company Minute Book and Corporate Records/Personnel (Individual Stock Issuances)/Advisors/Board Advisor Agreement.doc,COMPANIES/Cambium/02_Financing_and_Legal/Board Advisor Agreement.doc,PLACED,02 Financing & Legal,False,moved,True
F00262,Cambium,Diligence/Cost Parity/Cambium Data Room 2024 _ Supplemental Documentation 2/Legal (Supplementary Docs)/Company Minute Book and Corporate Records/Personnel (Individual Stock Issuances)/Advisors/Form Board Advisor Agreement - Cambium Carbon PBC.pdf,COMPANIES/Cambium/02_Financing_and_Legal/Form Board Advisor Agreement - Cambium Carbon PBC.pdf,PLACED,02 Financing & Legal,False,moved,True
F00263,Cambium,Diligence/Cost Parity/Cambium Data Room 2024 _ Supplemental Documentation 2/Legal (Supplementary Docs)/Company Minute Book and Corporate Records/Personnel (Individual Stock Issuances)/Advisors/Form NSO Agreement - Cambium Carbon PBC.docx,COMPANIES/Cambium/14_Historical_Superseded/Form NSO Agreement - Cambium Carbon PBC.docx,SUPERSEDED,14 Historical / Superseded,False,moved,True
F00264,Cambium,Diligence/Cost Parity/Cambium Data Room 2024 _ Supplemental Documentation 2/Legal (Supplementary Docs)/Company Minute Book and Corporate Records/Personnel (Individual Stock Issuances)/Advisors/Form NSO Agreement - Cambium Carbon PBC.pdf,COMPANIES/Cambium/02_Financing_and_Legal/Form NSO Agreement - Cambium Carbon PBC.pdf,PLACED,02 Financing & Legal,False,moved,True
F00265,Cambium,Diligence/Cost Parity/Cambium Data Room 2024 _ Supplemental Documentation 2/Legal (Supplementary Docs)/Company Minute Book and Corporate Records/Personnel (Individual Stock Issuances)/Advisors/Stock Plan - Cambium Carbon PBC.pdf,COMPANIES/Cambium/02_Financing_and_Legal/Stock Plan - Cambium Carbon PBC__F00265.pdf,PLACED,02 Financing & Legal,False,moved,True
F00266,Cambium,Diligence/Cost Parity/Cambium Data Room 2024 _ Supplemental Documentation 2/Legal (Supplementary Docs)/Company Minute Book and Corporate Records/Personnel (Individual Stock Issuances)/Advisors/C. Rudolph/Form Board Advisor Agreement - Claire Rudolph (signed).pdf,COMPANIES/Cambium/02_Financing_and_Legal/Form Board Advisor Agreement - Claire Rudolph (signed).pdf,PLACED,02 Financing & Legal,False,moved,True
F00267,Cambium,Diligence/Cost Parity/Cambium Data Room 2024 _ Supplemental Documentation 2/Legal (Supplementary Docs)/Company Minute Book and Corporate Records/Personnel (Individual Stock Issuances)/Advisors/J. Mulligan/Board Advisor Agreement (J. Mulligan) - Cambium Carbon PBC.pdf,COMPANIES/Cambium/02_Financing_and_Legal/Board Advisor Agreement (J. Mulligan) - Cambium Carbon PBC.pdf,PLACED,02 Financing & Legal,False,moved,True
F00268,Cambium,Diligence/Cost Parity/Cambium Data Room 2024 _ Supplemental Documentation 2/Legal (Supplementary Docs)/Company Minute Book and Corporate Records/Personnel (Individual Stock Issuances)/Advisors/Zach Scott (Green Carbon)/Board Consent in Writing (Z. Scott Grants) - Cambium Carbon PBC - signed.pdf,COMPANIES/Cambium/02_Financing_and_Legal/Board Consent in Writing (Z. Scott Grants) - Cambium Carbon PBC - signed.pdf,PLACED,02 Financing & Legal,False,moved,True
F00269,Cambium,Diligence/Cost Parity/Cambium Data Room 2024 _ Supplemental Documentation 2/Legal (Supplementary Docs)/Company Minute Book and Corporate Records/Personnel (Individual Stock Issuances)/Employees _ Contractors/CIIA – Zac Tolbert (1).pdf,COMPANIES/Cambium/09_Commercial_and_Customers/CIIA – Zac Tolbert (1).pdf,PLACED,09 Commercial & Customers,False,moved,True
F00270,Cambium,Diligence/Cost Parity/Cambium Data Room 2024 _ Supplemental Documentation 2/Legal (Supplementary Docs)/Company Minute Book and Corporate Records/Personnel (Individual Stock Issuances)/Employees _ Contractors/Forms Onboarding/Form Board Consent in Writing - Cambium Carbon PBC (re. Stock Issuances).docx,COMPANIES/Cambium/02_Financing_and_Legal/Form Board Consent in Writing - Cambium Carbon PBC (re. Stock Issuances).docx,PLACED,02 Financing & Legal,False,moved,True
F00271,Cambium,Diligence/Cost Parity/Cambium Data Room 2024 _ Supplemental Documentation 2/Legal (Supplementary Docs)/Company Minute Book and Corporate Records/Personnel (Individual Stock Issuances)/Employees _ Contractors/Forms Onboarding/Form I-9.pdf,COMPANIES/Cambium/06_Board_and_Governance/Form I-9.pdf,PLACED,06 Board & Governance,False,moved,True
F00272,Cambium,Diligence/Cost Parity/Cambium Data Room 2024 _ Supplemental Documentation 2/Legal (Supplementary Docs)/Company Minute Book and Corporate Records/Personnel (Individual Stock Issuances)/Employees _ Contractors/Forms Onboarding/Form NSO Agreement - Cambium Carbon PBC.docx,COMPANIES/Cambium/06_Board_and_Governance/Form NSO Agreement - Cambium Carbon PBC.docx,PLACED,06 Board & Governance,False,moved,True
F00273,Cambium,Diligence/Cost Parity/Cambium Data Room 2024 _ Supplemental Documentation 2/Legal (Supplementary Docs)/Company Minute Book and Corporate Records/Personnel (Individual Stock Issuances)/Employees _ Contractors/Forms Onboarding/Form of CIIAA - Cambium Carbon PBC.docx,COMPANIES/Cambium/06_Board_and_Governance/Form of CIIAA - Cambium Carbon PBC.docx,PLACED,06 Board & Governance,False,moved,True
F00274,Cambium,Diligence/Cost Parity/Cambium Data Room 2024 _ Supplemental Documentation 2/Legal (Supplementary Docs)/Company Minute Book and Corporate Records/Personnel (Individual Stock Issuances)/Employees _ Contractors/Forms Onboarding/Form of Employee Offer Letter (EXEMPT EMPLOYEE).docx,COMPANIES/Cambium/06_Board_and_Governance/Form of Employee Offer Letter (EXEMPT EMPLOYEE).docx,PLACED,06 Board & Governance,False,moved,True
F00275,Cambium,Diligence/Cost Parity/Cambium Data Room 2024 _ Supplemental Documentation 2/Legal (Supplementary Docs)/Company Minute Book and Corporate Records/Personnel (Individual Stock Issuances)/Employees _ Contractors/Forms Onboarding/W-4.pdf,COMPANIES/Cambium/06_Board_and_Governance/W-4.pdf,PLACED,06 Board & Governance,False,moved,True
F00276,Cambium,Diligence/Cost Parity/Cambium Data Room 2024 _ Supplemental Documentation 2/Legal (Supplementary Docs)/Company Minute Book and Corporate Records/Personnel (Individual Stock Issuances)/Employees _ Contractors/Jacob Pederson/CIIAA - J. Pederson (Cambium Carbon PBC).docx,COMPANIES/Cambium/09_Commercial_and_Customers/CIIAA - J. Pederson (Cambium Carbon PBC).docx,PLACED,09 Commercial & Customers,False,moved,True
F00277,Cambium,Diligence/Cost Parity/Cambium Data Room 2024 _ Supplemental Documentation 2/Legal (Supplementary Docs)/Company Minute Book and Corporate Records/Personnel (Individual Stock Issuances)/Employees _ Contractors/Jacob Pederson/Employee Offer Letter - J. Pederson (Cambium Carbon PBC).docx,COMPANIES/Cambium/09_Commercial_and_Customers/Employee Offer Letter - J. Pederson (Cambium Carbon PBC).docx,PLACED,09 Commercial & Customers,False,moved,True
F00278,Cambium,Diligence/Cost Parity/Cambium Data Room 2024 _ Supplemental Documentation 2/Legal (Supplementary Docs)/Company Minute Book and Corporate Records/Personnel (Individual Stock Issuances)/Employees _ Contractors/Jacob Pederson/Restricted Stock Purchase Agreement - J. Pederson (Cambium Carbon PBC).doc,COMPANIES/Cambium/02_Financing_and_Legal/Restricted Stock Purchase Agreement - J. Pederson (Cambium Carbon PBC).doc,PLACED,02 Financing & Legal,False,moved,True
F00279,Cambium,Diligence/Cost Parity/Cambium Data Room 2024 _ Supplemental Documentation 2/Legal (Supplementary Docs)/Company Minute Book and Corporate Records/Personnel (Individual Stock Issuances)/Employees _ Contractors/Jacob Pederson/Stock Plan - Cambium Carbon PBC.pdf,COMPANIES/Cambium/09_Commercial_and_Customers/Stock Plan - Cambium Carbon PBC.pdf,PLACED,09 Commercial & Customers,False,moved,True
F00280,Cambium,Diligence/Cost Parity/Cambium Data Room 2024 _ Supplemental Documentation 2/Legal (Supplementary Docs)/Company Minute Book and Corporate Records/Personnel (Individual Stock Issuances)/Employees _ Contractors/Jacob Pederson/TerminationLetter - J. Pederson (Cambium Carbon PBC).docx,COMPANIES/Cambium/09_Commercial_and_Customers/TerminationLetter - J. Pederson (Cambium Carbon PBC).docx,PLACED,09 Commercial & Customers,False,moved,True
F00281,Cambium,Diligence/Cost Parity/Cambium Data Room 2024 _ Supplemental Documentation 2/Legal (Supplementary Docs)/Company Minute Book and Corporate Records/Personnel (Individual Stock Issuances)/Employees _ Contractors/Jeff Cohen/Accepted Offer (from Gusto) - Jeff Cohen.pdf,COMPANIES/Cambium/09_Commercial_and_Customers/Accepted Offer (from Gusto) - Jeff Cohen.pdf,PLACED,09 Commercial & Customers,False,moved,True
F00282,Cambium,Diligence/Cost Parity/Cambium Data Room 2024 _ Supplemental Documentation 2/Legal (Supplementary Docs)/Company Minute Book and Corporate Records/Personnel (Individual Stock Issuances)/Employees _ Contractors/Jeff Cohen/Form NSO Agreement - Jeff Cohen Cambium Carbon PBC.docx,COMPANIES/Cambium/09_Commercial_and_Customers/Form NSO Agreement - Jeff Cohen Cambium Carbon PBC.docx,PLACED,09 Commercial & Customers,False,moved,True
F00283,Cambium,Diligence/Cost Parity/Cambium Data Room 2024 _ Supplemental Documentation 2/Legal (Supplementary Docs)/Company Minute Book and Corporate Records/Personnel (Individual Stock Issuances)/Employees _ Contractors/Jeff Cohen/Jeff Cohen_signed NSO.pdf,COMPANIES/Cambium/09_Commercial_and_Customers/Jeff Cohen_signed NSO.pdf,PLACED,09 Commercial & Customers,False,moved,True
F00284,Cambium,Diligence/Cost Parity/Cambium Data Room 2024 _ Supplemental Documentation 2/Legal (Supplementary Docs)/Company Minute Book and Corporate Records/Personnel (Individual Stock Issuances)/Employees _ Contractors/Jon Levitt/CIIAA - Cambium Carbon PBC (J. Levitt).doc,COMPANIES/Cambium/09_Commercial_and_Customers/CIIAA - Cambium Carbon PBC (J. Levitt).doc,PLACED,09 Commercial & Customers,False,moved,True
F00285,Cambium,Diligence/Cost Parity/Cambium Data Room 2024 _ Supplemental Documentation 2/Legal (Supplementary Docs)/Company Minute Book and Corporate Records/Personnel (Individual Stock Issuances)/Employees _ Contractors/Jon Levitt/Offer Letter Consultant - Cambium Carbon PBC (J. Levitt) - signed.pdf,COMPANIES/Cambium/09_Commercial_and_Customers/Offer Letter Consultant - Cambium Carbon PBC (J. Levitt) - signed.pdf,PLACED,09 Commercial & Customers,False,moved,True
F00286,Cambium,Diligence/Cost Parity/Cambium Data Room 2024 _ Supplemental Documentation 2/Legal (Supplementary Docs)/Company Minute Book and Corporate Records/Personnel (Individual Stock Issuances)/Employees _ Contractors/Jon Levitt/Offer Letter Consultant - Cambium Carbon PBC (J. Levitt).docx,COMPANIES/Cambium/14_Historical_Superseded/Offer Letter Consultant - Cambium Carbon PBC (J. Levitt).docx,SUPERSEDED,14 Historical / Superseded,False,moved,True
F00287,Cambium,Diligence/Cost Parity/Cambium Data Room 2024 _ Supplemental Documentation 2/Legal (Supplementary Docs)/Company Minute Book and Corporate Records/Personnel (Individual Stock Issuances)/Employees _ Contractors/Jon Levitt/Restricted Stock Purchase Agreement - Cambium Carbon PBC (J. Levitt).docx,COMPANIES/Cambium/02_Financing_and_Legal/Restricted Stock Purchase Agreement - Cambium Carbon PBC (J. Levitt).docx,PLACED,02 Financing & Legal,False,moved,True
F00288,Cambium,Diligence/Cost Parity/Cambium Data Room 2024 _ Supplemental Documentation 2/Legal (Supplementary Docs)/Company Minute Book and Corporate Records/Personnel (Individual Stock Issuances)/Employees _ Contractors/Jon Levitt/For Signature/CIIAA - Cambium Carbon PBC (J. Levitt).pdf,COMPANIES/Cambium/09_Commercial_and_Customers/CIIAA - Cambium Carbon PBC (J. Levitt).pdf,PLACED,09 Commercial & Customers,False,moved,True
F00289,Cambium,Diligence/Cost Parity/Cambium Data Room 2024 _ Supplemental Documentation 2/Legal (Supplementary Docs)/Company Minute Book and Corporate Records/Personnel (Individual Stock Issuances)/Employees _ Contractors/Jon Levitt/For Signature/Offer Letter Consultant - Cambium Carbon PBC (J. Levitt).pdf,COMPANIES/Cambium/09_Commercial_and_Customers/Offer Letter Consultant - Cambium Carbon PBC (J. Levitt).pdf,PLACED,09 Commercial & Customers,False,moved,True
F00290,Cambium,Diligence/Cost Parity/Cambium Data Room 2024 _ Supplemental Documentation 2/Legal (Supplementary Docs)/Company Minute Book and Corporate Records/Personnel (Individual Stock Issuances)/Employees _ Contractors/Jon Levitt/For Signature/Restricted Stock Purchase Agreement - Cambium Carbon PBC (J. Levitt).pdf,COMPANIES/Cambium/02_Financing_and_Legal/Restricted Stock Purchase Agreement - Cambium Carbon PBC (J. Levitt).pdf,PLACED,02 Financing & Legal,False,moved,True
F00291,Cambium,Diligence/Cost Parity/Cambium Data Room 2024 _ Supplemental Documentation 2/Legal (Supplementary Docs)/Company Minute Book and Corporate Records/Personnel (Individual Stock Issuances)/Employees _ Contractors/Jon Levitt/Not Used/NSO Agreement - Cambium Carbon PBC - (J. Levit).docx,COMPANIES/Cambium/09_Commercial_and_Customers/NSO Agreement - Cambium Carbon PBC - (J. Levit).docx,PLACED,09 Commercial & Customers,False,moved,True
F00292,Cambium,Diligence/Cost Parity/Cambium Data Room 2024 _ Supplemental Documentation 2/Legal (Supplementary Docs)/Company Minute Book and Corporate Records/Personnel (Individual Stock Issuances)/Employees _ Contractors/Jon Levitt/Not Used/Offer Letter Consultant - Cambium Carbon PBC (J. Levit).docx,COMPANIES/Cambium/09_Commercial_and_Customers/Offer Letter Consultant - Cambium Carbon PBC (J. Levit).docx,PLACED,09 Commercial & Customers,False,moved,True
F00293,Cambium,Diligence/Cost Parity/Cambium Data Room 2024 _ Supplemental Documentation 2/Legal (Supplementary Docs)/Company Minute Book and Corporate Records/Personnel (Individual Stock Issuances)/Employees _ Contractors/Joseph McDonald/Form I-9.pdf,COMPANIES/Cambium/09_Commercial_and_Customers/Form I-9.pdf,PLACED,09 Commercial & Customers,False,moved,True
F00294,Cambium,Diligence/Cost Parity/Cambium Data Room 2024 _ Supplemental Documentation 2/Legal (Supplementary Docs)/Company Minute Book and Corporate Records/Personnel (Individual Stock Issuances)/Employees _ Contractors/Joseph McDonald/Form NSO Agreement - Cambium Carbon PBC.docx,COMPANIES/Cambium/09_Commercial_and_Customers/Form NSO Agreement - Cambium Carbon PBC.docx,PLACED,09 Commercial & Customers,False,moved,True
F00295,Cambium,Diligence/Cost Parity/Cambium Data Room 2024 _ Supplemental Documentation 2/Legal (Supplementary Docs)/Company Minute Book and Corporate Records/Personnel (Individual Stock Issuances)/Employees _ Contractors/Joseph McDonald/Form of Employee Offer Letter (Mcdonald).docx,COMPANIES/Cambium/09_Commercial_and_Customers/Form of Employee Offer Letter (Mcdonald).docx,PLACED,09 Commercial & Customers,False,moved,True
F00296,Cambium,Diligence/Cost Parity/Cambium Data Room 2024 _ Supplemental Documentation 2/Legal (Supplementary Docs)/Company Minute Book and Corporate Records/Personnel (Individual Stock Issuances)/Employees _ Contractors/Joseph McDonald/Joe Form NSO.pdf,COMPANIES/Cambium/09_Commercial_and_Customers/Joe Form NSO.pdf,PLACED,09 Commercial & Customers,False,moved,True
F00297,Cambium,Diligence/Cost Parity/Cambium Data Room 2024 _ Supplemental Documentation 2/Legal (Supplementary Docs)/Company Minute Book and Corporate Records/Personnel (Individual Stock Issuances)/Employees _ Contractors/Joseph McDonald/Stock Plan - Cambium Carbon PBC.pdf,COMPANIES/Cambium/09_Commercial_and_Customers/Stock Plan - Cambium Carbon PBC__F00297.pdf,PLACED,09 Commercial & Customers,False,moved,True
F00298,Cambium,Diligence/Cost Parity/Cambium Data Room 2024 _ Supplemental Documentation 2/Legal (Supplementary Docs)/Company Minute Book and Corporate Records/Personnel (Individual Stock Issuances)/Employees _ Contractors/Joseph McDonald/Completed forms/Form of CIIAA - Cambium Carbon PBC.docx,COMPANIES/Cambium/09_Commercial_and_Customers/Form of CIIAA - Cambium Carbon PBC.docx,PLACED,09 Commercial & Customers,False,moved,True
F00299,Cambium,Diligence/Cost Parity/Cambium Data Room 2024 _ Supplemental Documentation 2/Legal (Supplementary Docs)/Company Minute Book and Corporate Records/Personnel (Individual Stock Issuances)/Employees _ Contractors/Joseph McDonald/Completed forms/McDonald_Joseph_I9.pdf,COMPANIES/Cambium/09_Commercial_and_Customers/McDonald_Joseph_I9.pdf,PLACED,09 Commercial & Customers,False,moved,True
F00300,Cambium,Diligence/Cost Parity/Cambium Data Room 2024 _ Supplemental Documentation 2/Legal (Supplementary Docs)/Company Minute Book and Corporate Records/Personnel (Individual Stock Issuances)/Employees _ Contractors/Joseph McDonald/Completed forms/McDonald_Joseph_Signed_Form of Employee Offer Letter.pdf,COMPANIES/Cambium/09_Commercial_and_Customers/McDonald_Joseph_Signed_Form of Employee Offer Letter.pdf,PLACED,09 Commercial & Customers,False,moved,True
F00301,Cambium,Diligence/Cost Parity/Cambium Data Room 2024 _ Supplemental Documentation 2/Legal (Supplementary Docs)/Company Minute Book and Corporate Records/Personnel (Individual Stock Issuances)/Employees _ Contractors/Joseph McDonald/Completed forms/SIGNED_Form of CIIAA - Cambium Carbon PBC - Joseph McDonald.pdf,COMPANIES/Cambium/09_Commercial_and_Customers/SIGNED_Form of CIIAA - Cambium Carbon PBC - Joseph McDonald.pdf,PLACED,09 Commercial & Customers,False,moved,True
F00302,Cambium,Diligence/Cost Parity/Cambium Data Room 2024 _ Supplemental Documentation 2/Legal (Supplementary Docs)/Company Minute Book and Corporate Records/Personnel (Individual Stock Issuances)/Employees _ Contractors/Najia Lupson/Accepted Offer (from Gusto)- Najia Lupson.pdf,COMPANIES/Cambium/09_Commercial_and_Customers/Accepted Offer (from Gusto)- Najia Lupson.pdf,PLACED,09 Commercial & Customers,False,moved,True
F00303,Cambium,Diligence/Cost Parity/Cambium Data Room 2024 _ Supplemental Documentation 2/Legal (Supplementary Docs)/Company Minute Book and Corporate Records/Personnel (Individual Stock Issuances)/Employees _ Contractors/Najia Lupson/Form NSO _Najia Lupson 12_01_21.pdf,COMPANIES/Cambium/09_Commercial_and_Customers/Form NSO _Najia Lupson 12_01_21.pdf,PLACED,09 Commercial & Customers,False,moved,True
F00304,Cambium,Diligence/Cost Parity/Cambium Data Room 2024 _ Supplemental Documentation 2/Legal (Supplementary Docs)/Company Minute Book and Corporate Records/Personnel (Individual Stock Issuances)/Employees _ Contractors/Najia Lupson/Najia NSO Agreement - Cambium Carbon PBC.docx,COMPANIES/Cambium/09_Commercial_and_Customers/Najia NSO Agreement - Cambium Carbon PBC.docx,PLACED,09 Commercial & Customers,False,moved,True
F00305,Cambium,Diligence/Cost Parity/Cambium Data Room 2024 _ Supplemental Documentation 2/Legal (Supplementary Docs)/Company Minute Book and Corporate Records/Personnel (Individual Stock Issuances)/Employees _ Contractors/Sofia Reitsma/CIIAA - S. Reitsma (Cambium Carbon PBC).docx,COMPANIES/Cambium/09_Commercial_and_Customers/CIIAA - S. Reitsma (Cambium Carbon PBC).docx,PLACED,09 Commercial & Customers,False,moved,True
F00306,Cambium,Diligence/Cost Parity/Cambium Data Room 2024 _ Supplemental Documentation 2/Legal (Supplementary Docs)/Company Minute Book and Corporate Records/Personnel (Individual Stock Issuances)/Employees _ Contractors/Sofia Reitsma/Employee Offer Letter - S. Reitsma.docx,COMPANIES/Cambium/09_Commercial_and_Customers/Employee Offer Letter - S. Reitsma.docx,PLACED,09 Commercial & Customers,False,moved,True
F00307,Cambium,Diligence/Cost Parity/Cambium Data Room 2024 _ Supplemental Documentation 2/Legal (Supplementary Docs)/Company Minute Book and Corporate Records/Personnel (Individual Stock Issuances)/Employees _ Contractors/Sofia Reitsma/NSO Agreement - S. Reitsma (Cambium Carbon PBC).docx,COMPANIES/Cambium/09_Commercial_and_Customers/NSO Agreement - S. Reitsma (Cambium Carbon PBC).docx,PLACED,09 Commercial & Customers,False,moved,True
F00308,Cambium,Diligence/Cost Parity/Cambium Data Room 2024 _ Supplemental Documentation 2/Legal (Supplementary Docs)/Company Minute Book and Corporate Records/Personnel (Individual Stock Issuances)/Employees _ Contractors/Sofia Reitsma/Stock Plan - Cambium Carbon PBC.pdf,COMPANIES/Cambium/09_Commercial_and_Customers/Stock Plan - Cambium Carbon PBC__F00308.pdf,PLACED,09 Commercial & Customers,False,moved,True
F00309,Cambium,Diligence/Cost Parity/Cambium Data Room 2024 _ Supplemental Documentation 2/Legal (Supplementary Docs)/Company Minute Book and Corporate Records/Personnel (Individual Stock Issuances)/Employees _ Contractors/Sofia Reitsma/Completed Forms/CIIAA - S. Reitsma (Cambium Carbon PBC).pdf,COMPANIES/Cambium/09_Commercial_and_Customers/CIIAA - S. Reitsma (Cambium Carbon PBC).pdf,PLACED,09 Commercial & Customers,False,moved,True
F00310,Cambium,Diligence/Cost Parity/Cambium Data Room 2024 _ Supplemental Documentation 2/Legal (Supplementary Docs)/Company Minute Book and Corporate Records/Personnel (Individual Stock Issuances)/Employees _ Contractors/Sofia Reitsma/Completed Forms/Employee Offer Letter - S. Reitsma.pdf,COMPANIES/Cambium/09_Commercial_and_Customers/Employee Offer Letter - S. Reitsma.pdf,PLACED,09 Commercial & Customers,False,moved,True
F00311,Cambium,Diligence/Cost Parity/Cambium Data Room 2024 _ Supplemental Documentation 2/Legal (Supplementary Docs)/Company Minute Book and Corporate Records/Personnel (Individual Stock Issuances)/Employees _ Contractors/Sofia Reitsma/Completed Forms/Signed_NSO Agreement - S_ Reitsma (Cambium Carbon PBC).pdf,COMPANIES/Cambium/09_Commercial_and_Customers/Signed_NSO Agreement - S_ Reitsma (Cambium Carbon PBC).pdf,PLACED,09 Commercial & Customers,False,moved,True
F00312,Cambium,Diligence/Cost Parity/Cambium Data Room 2024 _ Supplemental Documentation 2/Legal (Supplementary Docs)/Company Minute Book and Corporate Records/Personnel (Individual Stock Issuances)/Employees _ Contractors/Steve Levitt/CIIAA - Cambium Carbon PBC (J. Levitt).doc,COMPANIES/Cambium/09_Commercial_and_Customers/CIIAA - Cambium Carbon PBC (J. Levitt)__F00312.doc,PLACED,09 Commercial & Customers,False,moved,True
F00313,Cambium,Diligence/Cost Parity/Cambium Data Room 2024 _ Supplemental Documentation 2/Legal (Supplementary Docs)/Company Minute Book and Corporate Records/Personnel (Individual Stock Issuances)/Employees _ Contractors/Steve Levitt/CIIAA - Cambium Carbon PBC (S. Levitt).pdf,COMPANIES/Cambium/09_Commercial_and_Customers/CIIAA - Cambium Carbon PBC (S. Levitt).pdf,PLACED,09 Commercial & Customers,False,moved,True
F00314,Cambium,Diligence/Cost Parity/Cambium Data Room 2024 _ Supplemental Documentation 2/Legal (Supplementary Docs)/Company Minute Book and Corporate Records/Personnel (Individual Stock Issuances)/Employees _ Contractors/Steve Levitt/Offer Letter Consultant - Cambium Carbon PBC (S. Levitt) - signed.pdf,COMPANIES/Cambium/09_Commercial_and_Customers/Offer Letter Consultant - Cambium Carbon PBC (S. Levitt) - signed.pdf,PLACED,09 Commercial & Customers,False,moved,True
F00315,Cambium,Diligence/Cost Parity/Cambium Data Room 2024 _ Supplemental Documentation 2/Legal (Supplementary Docs)/Company Minute Book and Corporate Records/Personnel (Individual Stock Issuances)/Employees _ Contractors/Steve Levitt/Offer Letter Consultant - Cambium Carbon PBC (S. Levitt).pdf,COMPANIES/Cambium/14_Historical_Superseded/Offer Letter Consultant - Cambium Carbon PBC (S. Levitt).pdf,SUPERSEDED,14 Historical / Superseded,False,moved,True
F00316,Cambium,Diligence/Cost Parity/Cambium Data Room 2024 _ Supplemental Documentation 2/Legal (Supplementary Docs)/Company Minute Book and Corporate Records/Personnel (Individual Stock Issuances)/Employees _ Contractors/Steve Levitt/Restricted Stock Purchase Agreement - Cambium Carbon PBC (S. Levitt).docx,COMPANIES/Cambium/14_Historical_Superseded/Restricted Stock Purchase Agreement - Cambium Carbon PBC (S. Levitt).docx,SUPERSEDED,14 Historical / Superseded,False,moved,True
F00317,Cambium,Diligence/Cost Parity/Cambium Data Room 2024 _ Supplemental Documentation 2/Legal (Supplementary Docs)/Company Minute Book and Corporate Records/Personnel (Individual Stock Issuances)/Employees _ Contractors/Steve Levitt/Restricted Stock Purchase Agreement - Cambium Carbon PBC (S. Levitt).pdf,COMPANIES/Cambium/02_Financing_and_Legal/Restricted Stock Purchase Agreement - Cambium Carbon PBC (S. Levitt).pdf,PLACED,02 Financing & Legal,False,moved,True
F00318,Cambium,Diligence/Cost Parity/Cambium Data Room 2024 _ Supplemental Documentation 2/Legal (Supplementary Docs)/Company Minute Book and Corporate Records/Personnel (Individual Stock Issuances)/Employees _ Contractors/Steve Levitt/v2 Offer Letter Consultant - Cambium Carbon PBC (S. Levitt).docx,COMPANIES/Cambium/14_Historical_Superseded/v2 Offer Letter Consultant - Cambium Carbon PBC (S. Levitt).docx,SUPERSEDED,14 Historical / Superseded,False,moved,True
F00319,Cambium,Diligence/Cost Parity/Cambium Data Room 2024 _ Supplemental Documentation 2/Legal (Supplementary Docs)/Company Minute Book and Corporate Records/Personnel (Individual Stock Issuances)/Founder Documents/Stock Plan of Cambium Carbon PBC - signed.pdf,COMPANIES/Cambium/02_Financing_and_Legal/Stock Plan of Cambium Carbon PBC - signed.pdf,PLACED,02 Financing & Legal,False,moved,True
F00320,Cambium,Diligence/Cost Parity/Cambium Data Room 2024 _ Supplemental Documentation 2/Legal (Supplementary Docs)/Company Minute Book and Corporate Records/Personnel (Individual Stock Issuances)/Founder Documents/Subscription Agreement - Cambium Carbon LLC - signed (1).pdf,COMPANIES/Cambium/02_Financing_and_Legal/Subscription Agreement - Cambium Carbon LLC - signed (1)__F00320.pdf,PLACED,02 Financing & Legal,False,moved,True
F00321,Cambium,Diligence/Cost Parity/Cambium Data Room 2024 _ Supplemental Documentation 2/Legal (Supplementary Docs)/Company Minute Book and Corporate Records/Personnel (Individual Stock Issuances)/Founder Documents/CIIAAs/Christensen - CIIAA - Cambium Carbon PBC - signed.pdf,COMPANIES/Cambium/02_Financing_and_Legal/Christensen - CIIAA - Cambium Carbon PBC - signed.pdf,PLACED,02 Financing & Legal,False,moved,True
F00322,Cambium,Diligence/Cost Parity/Cambium Data Room 2024 _ Supplemental Documentation 2/Legal (Supplementary Docs)/Company Minute Book and Corporate Records/Personnel (Individual Stock Issuances)/Founder Documents/CIIAAs/Hooker CIIAA - Cambium Carbon PBC - signed.pdf,COMPANIES/Cambium/02_Financing_and_Legal/Hooker CIIAA - Cambium Carbon PBC - signed.pdf,PLACED,02 Financing & Legal,False,moved,True
F00323,Cambium,Diligence/Cost Parity/Cambium Data Room 2024 _ Supplemental Documentation 2/Legal (Supplementary Docs)/Company Minute Book and Corporate Records/Personnel (Individual Stock Issuances)/Founder Documents/CIIAAs/Repka - CIIAA - Cambium Carbon PBC - signed.pdf,COMPANIES/Cambium/02_Financing_and_Legal/Repka - CIIAA - Cambium Carbon PBC - signed.pdf,PLACED,02 Financing & Legal,False,moved,True
F00324,Cambium,Diligence/Cost Parity/Cambium Data Room 2024 _ Supplemental Documentation 2/Legal (Supplementary Docs)/Company Minute Book and Corporate Records/Personnel (Individual Stock Issuances)/Founder Documents/RSPAs Executed/Christensen - 83(b).pdf,COMPANIES/Cambium/02_Financing_and_Legal/Christensen - 83(b).pdf,PLACED,02 Financing & Legal,False,moved,True
F00325,Cambium,Diligence/Cost Parity/Cambium Data Room 2024 _ Supplemental Documentation 2/Legal (Supplementary Docs)/Company Minute Book and Corporate Records/Personnel (Individual Stock Issuances)/Founder Documents/RSPAs Executed/Christensen - Restricted Stock Purchase Agreement - Cambium Carbon PBC - signed.pdf,COMPANIES/Cambium/02_Financing_and_Legal/Christensen - Restricted Stock Purchase Agreement - Cambium Carbon PBC - signed.pdf,PLACED,02 Financing & Legal,False,moved,True
F00326,Cambium,Diligence/Cost Parity/Cambium Data Room 2024 _ Supplemental Documentation 2/Legal (Supplementary Docs)/Company Minute Book and Corporate Records/Personnel (Individual Stock Issuances)/Founder Documents/RSPAs Executed/Hooker - 83(b).pdf,COMPANIES/Cambium/02_Financing_and_Legal/Hooker - 83(b).pdf,PLACED,02 Financing & Legal,False,moved,True
F00327,Cambium,Diligence/Cost Parity/Cambium Data Room 2024 _ Supplemental Documentation 2/Legal (Supplementary Docs)/Company Minute Book and Corporate Records/Personnel (Individual Stock Issuances)/Founder Documents/RSPAs Executed/Hooker - Restricted Stock Purchase Agreement - Cambium Carbon PBC - signed.pdf,COMPANIES/Cambium/02_Financing_and_Legal/Hooker - Restricted Stock Purchase Agreement - Cambium Carbon PBC - signed.pdf,PLACED,02 Financing & Legal,False,moved,True
F00328,Cambium,Diligence/Cost Parity/Cambium Data Room 2024 _ Supplemental Documentation 2/Legal (Supplementary Docs)/Company Minute Book and Corporate Records/Personnel (Individual Stock Issuances)/Founder Documents/RSPAs Executed/Repka - 83(b).pdf,COMPANIES/Cambium/02_Financing_and_Legal/Repka - 83(b).pdf,PLACED,02 Financing & Legal,False,moved,True
F00329,Cambium,Diligence/Cost Parity/Cambium Data Room 2024 _ Supplemental Documentation 2/Legal (Supplementary Docs)/Company Minute Book and Corporate Records/Personnel (Individual Stock Issuances)/Founder Documents/RSPAs Executed/Repka - Restricted Stock Purchase Agreement - Cambium Carbon PBC - signed.pdf,COMPANIES/Cambium/02_Financing_and_Legal/Repka - Restricted Stock Purchase Agreement - Cambium Carbon PBC - signed.pdf,PLACED,02 Financing & Legal,False,moved,True
F00330,Cambium,Diligence/Cost Parity/Cambium Data Room 2024 _ Supplemental Documentation 2/Legal (Supplementary Docs)/Company Minute Book and Corporate Records/Personnel (Individual Stock Issuances)/Offer Letters/Blake_Alicia_OfferLetter_Signed.pdf,COMPANIES/Cambium/02_Financing_and_Legal/Blake_Alicia_OfferLetter_Signed.pdf,PLACED,02 Financing & Legal,False,moved,True
F00331,Cambium,Diligence/Cost Parity/Cambium Data Room 2024 _ Supplemental Documentation 2/Legal (Supplementary Docs)/Company Minute Book and Corporate Records/Personnel (Individual Stock Issuances)/Offer Letters/Charles Gale Offer Letter_Cambium Countersigned.pdf,COMPANIES/Cambium/02_Financing_and_Legal/Charles Gale Offer Letter_Cambium Countersigned.pdf,PLACED,02 Financing & Legal,False,moved,True
F00332,Cambium,Diligence/Cost Parity/Cambium Data Room 2024 _ Supplemental Documentation 2/Legal (Supplementary Docs)/Company Minute Book and Corporate Records/Personnel (Individual Stock Issuances)/Offer Letters/LeClair_Aaron_Offer_Letter_Executed.docx,COMPANIES/Cambium/02_Financing_and_Legal/LeClair_Aaron_Offer_Letter_Executed.docx,PLACED,02 Financing & Legal,False,moved,True
F00333,Cambium,Diligence/Cost Parity/Cambium Data Room 2024 _ Supplemental Documentation 2/Legal (Supplementary Docs)/Company Minute Book and Corporate Records/Personnel (Individual Stock Issuances)/Offer Letters/LeClair_Aaron_Offer_Letter_Executed.pdf,COMPANIES/Cambium/14_Historical_Superseded/LeClair_Aaron_Offer_Letter_Executed.pdf,SUPERSEDED,14 Historical / Superseded,False,moved,True
F00334,Cambium,Diligence/Cost Parity/Cambium Data Room 2024 _ Supplemental Documentation 2/Legal (Supplementary Docs)/Company Minute Book and Corporate Records/Personnel (Individual Stock Issuances)/Offer Letters/Main_Natasha_signed_offer_letterCC.pdf,COMPANIES/Cambium/02_Financing_and_Legal/Main_Natasha_signed_offer_letterCC.pdf,PLACED,02 Financing & Legal,False,moved,True
F00335,Cambium,Diligence/Cost Parity/Cambium Data Room 2024 _ Supplemental Documentation 2/Legal (Supplementary Docs)/Company Minute Book and Corporate Records/Personnel (Individual Stock Issuances)/Offer Letters/McDonald_Joseph_Signed_Form of Employee Offer Letter.pdf,COMPANIES/Cambium/02_Financing_and_Legal/McDonald_Joseph_Signed_Form of Employee Offer Letter.pdf,PLACED,02 Financing & Legal,False,moved,True
F00336,Cambium,Diligence/Cost Parity/Cambium Data Room 2024 _ Supplemental Documentation 2/Legal (Supplementary Docs)/Company Minute Book and Corporate Records/Personnel (Individual Stock Issuances)/Offer Letters/Recio_Jeannie_Offer Letter signed.pdf,COMPANIES/Cambium/02_Financing_and_Legal/Recio_Jeannie_Offer Letter signed.pdf,PLACED,02 Financing & Legal,False,moved,True
F00337,Cambium,Diligence/Cost Parity/Cambium Data Room 2024 _ Supplemental Documentation 2/Legal (Supplementary Docs)/Company Minute Book and Corporate Records/Personnel (Individual Stock Issuances)/Offer Letters/Robin_Max_Signed Offer Letter.pdf,COMPANIES/Cambium/02_Financing_and_Legal/Robin_Max_Signed Offer Letter.pdf,PLACED,02 Financing & Legal,False,moved,True
F00338,Cambium,Diligence/Cost Parity/Cambium Data Room 2024 _ Supplemental Documentation 2/Legal (Supplementary Docs)/Company Minute Book and Corporate Records/Personnel (Individual Stock Issuances)/Offer Letters/Westpoint_Brian_Signed Cambium Carbon Offer Letter.pdf,COMPANIES/Cambium/02_Financing_and_Legal/Westpoint_Brian_Signed Cambium Carbon Offer Letter.pdf,PLACED,02 Financing & Legal,False,moved,True
F00339,Cambium,Diligence/Cost Parity/Cambium Data Room 2024 _ Supplemental Documentation 2/Legal (Supplementary Docs)/Company Minute Book and Corporate Records/Pre-Seed Investment Documents/FINAL Convertible Promissory Note - S. Levitt (Cambium Carbon PBC) - signed.pdf,COMPANIES/Cambium/02_Financing_and_Legal/FINAL Convertible Promissory Note - S. Levitt (Cambium Carbon PBC) - signed.pdf,PLACED,02 Financing & Legal,False,moved,True
F00340,Cambium,Diligence/Cost Parity/Cambium Data Room 2024 _ Supplemental Documentation 2/Legal (Supplementary Docs)/Company Minute Book and Corporate Records/Pre-Seed Investment Documents/FormDReceipt_0475702.pdf,COMPANIES/Cambium/02_Financing_and_Legal/FormDReceipt_0475702.pdf,PLACED,02 Financing & Legal,False,moved,True
F00341,Cambium,Diligence/Cost Parity/Cambium Data Room 2024 _ Supplemental Documentation 2/Legal (Supplementary Docs)/Company Minute Book and Corporate Records/Pre-Seed Investment Documents/Pro Forma (with Adjustment) - CC PBC.xlsx,COMPANIES/Cambium/02_Financing_and_Legal/Pro Forma (with Adjustment) - CC PBC.xlsx,PLACED,02 Financing & Legal,False,moved,True
F00342,Cambium,Diligence/Cost Parity/Cambium Data Room 2024 _ Supplemental Documentation 2/Legal (Supplementary Docs)/Company Minute Book and Corporate Records/Pre-Seed Investment Documents/Convertible Note/Board Consent - Cambium Carbon PBC (re. Note Financing).docx,COMPANIES/Cambium/14_Historical_Superseded/Board Consent - Cambium Carbon PBC (re. Note Financing).docx,SUPERSEDED,14 Historical / Superseded,False,moved,True
F00343,Cambium,Diligence/Cost Parity/Cambium Data Room 2024 _ Supplemental Documentation 2/Legal (Supplementary Docs)/Company Minute Book and Corporate Records/Pre-Seed Investment Documents/Convertible Note/Board Consent - Cambium Carbon PBC (re. Note Financing).pdf,COMPANIES/Cambium/02_Financing_and_Legal/Board Consent - Cambium Carbon PBC (re. Note Financing).pdf,PLACED,02 Financing & Legal,False,moved,True
F00344,Cambium,Diligence/Cost Parity/Cambium Data Room 2024 _ Supplemental Documentation 2/Legal (Supplementary Docs)/Company Minute Book and Corporate Records/Pre-Seed Investment Documents/Convertible Note/Drafts/FINAL Convertible Promissory Note - Cambium Carbon PBC.docx,COMPANIES/Cambium/14_Historical_Superseded/FINAL Convertible Promissory Note - Cambium Carbon PBC.docx,SUPERSEDED,14 Historical / Superseded,False,moved,True
F00345,Cambium,Diligence/Cost Parity/Cambium Data Room 2024 _ Supplemental Documentation 2/Legal (Supplementary Docs)/Company Minute Book and Corporate Records/Pre-Seed Investment Documents/Convertible Note/Drafts/FINAL Convertible Promissory Note - Cambium Carbon PBC.pdf,COMPANIES/Cambium/02_Financing_and_Legal/FINAL Convertible Promissory Note - Cambium Carbon PBC.pdf,PLACED,02 Financing & Legal,False,moved,True
F00346,Cambium,Diligence/Cost Parity/Cambium Data Room 2024 _ Supplemental Documentation 2/Legal (Supplementary Docs)/Company Minute Book and Corporate Records/Pre-Seed Investment Documents/Convertible Note/Drafts/Investor Suitability Questionnaire - Cambium Carbon PBC.docx,COMPANIES/Cambium/02_Financing_and_Legal/Investor Suitability Questionnaire - Cambium Carbon PBC.docx,PLACED,02 Financing & Legal,False,moved,True
F00347,Cambium,Diligence/Cost Parity/Cambium Data Room 2024 _ Supplemental Documentation 2/Legal (Supplementary Docs)/Company Minute Book and Corporate Records/Pre-Seed Investment Documents/Convertible Note/Drafts/Term Sheet - Convertible Note Offering - Cambium Carbon PBC.docx,COMPANIES/Cambium/02_Financing_and_Legal/Term Sheet - Convertible Note Offering - Cambium Carbon PBC.docx,PLACED,02 Financing & Legal,False,moved,True
F00348,Cambium,Diligence/Cost Parity/Cambium Data Room 2024 _ Supplemental Documentation 2/Legal (Supplementary Docs)/Company Minute Book and Corporate Records/Pre-Seed Investment Documents/Convertible Note/Drafts/v1 Convertible Promissory Note - Cambium Carbon PBC.docx,COMPANIES/Cambium/14_Historical_Superseded/v1 Convertible Promissory Note - Cambium Carbon PBC.docx,SUPERSEDED,14 Historical / Superseded,False,moved,True
F00349,Cambium,Diligence/Cost Parity/Cambium Data Room 2024 _ Supplemental Documentation 2/Legal (Supplementary Docs)/Company Minute Book and Corporate Records/Pre-Seed Investment Documents/Convertible Note/Drafts/v2 Convertible Promissory Note - Cambium Carbon PBC.docx,COMPANIES/Cambium/14_Historical_Superseded/v2 Convertible Promissory Note - Cambium Carbon PBC.docx,SUPERSEDED,14 Historical / Superseded,False,moved,True
F00350,Cambium,Diligence/Cost Parity/Cambium Data Room 2024 _ Supplemental Documentation 2/Legal (Supplementary Docs)/Company Minute Book and Corporate Records/Pre-Seed Investment Documents/Convertible Note/Drafts/v3 Convertible Promissory Note - Cambium Carbon PBC.docx,COMPANIES/Cambium/14_Historical_Superseded/v3 Convertible Promissory Note - Cambium Carbon PBC.docx,SUPERSEDED,14 Historical / Superseded,False,moved,True
F00351,Cambium,Diligence/Cost Parity/Cambium Data Room 2024 _ Supplemental Documentation 2/Legal (Supplementary Docs)/Company Minute Book and Corporate Records/Pre-Seed Investment Documents/Convertible Note/Drafts/v4 Convertible Promissory Note - Cambium Carbon PBC.docx,COMPANIES/Cambium/14_Historical_Superseded/v4 Convertible Promissory Note - Cambium Carbon PBC.docx,SUPERSEDED,14 Historical / Superseded,False,moved,True
F00352,Cambium,Diligence/Cost Parity/Cambium Data Room 2024 _ Supplemental Documentation 2/Legal (Supplementary Docs)/Company Minute Book and Corporate Records/Pre-Seed Investment Documents/Convertible Note/Drafts/v5 - Convertible Promissory Note - Cambium Carbon PBC.docx,COMPANIES/Cambium/14_Historical_Superseded/v5 - Convertible Promissory Note - Cambium Carbon PBC.docx,SUPERSEDED,14 Historical / Superseded,False,moved,True
F00353,Cambium,Diligence/Cost Parity/Cambium Data Room 2024 _ Supplemental Documentation 2/Legal (Supplementary Docs)/Company Minute Book and Corporate Records/Pre-Seed Investment Documents/Convertible Note/Drafts/Exelon/Convertible Promissory Note - Exelon Foundation (Cambium Carbon PBC) - Convertible Promissory Note - Exelon Foundation (Cambium Carbon PBC).pdf,COMPANIES/Cambium/02_Financing_and_Legal/Convertible Promissory Note - Exelon Foundation (Cambium Carbon PBC) - Convertible Promissory Note - Exelon Foundation (Cambium Carbon PBC).pdf,PLACED,02 Financing & Legal,False,moved,True
F00354,Cambium,Diligence/Cost Parity/Cambium Data Room 2024 _ Supplemental Documentation 2/Legal (Supplementary Docs)/Company Minute Book and Corporate Records/Pre-Seed Investment Documents/Convertible Note/Drafts/Exelon/Convertible Promissory Note - Exelon Foundation (Cambium Carbon PBC).DOCX,COMPANIES/Cambium/02_Financing_and_Legal/Convertible Promissory Note - Exelon Foundation (Cambium Carbon PBC).DOCX,PLACED,02 Financing & Legal,False,moved,True
F00355,Cambium,Diligence/Cost Parity/Cambium Data Room 2024 _ Supplemental Documentation 2/Legal (Supplementary Docs)/Company Minute Book and Corporate Records/Pre-Seed Investment Documents/Convertible Note/Drafts/Exelon/Exelon Foundation  - Convertible Note Purchase Agreement (Cambium Carbon).DOCX,COMPANIES/Cambium/02_Financing_and_Legal/Exelon Foundation - Convertible Note Purchase Agreement (Cambium Carbon).DOCX,PLACED,02 Financing & Legal,True,moved,True
F00356,Cambium,Diligence/Cost Parity/Cambium Data Room 2024 _ Supplemental Documentation 2/Legal (Supplementary Docs)/Company Minute Book and Corporate Records/Pre-Seed Investment Documents/Convertible Note/Drafts/Exelon/Exelon Foundation - Convertible Promissory Note (Cambium Carbon) (1).DOCX,COMPANIES/Cambium/02_Financing_and_Legal/Exelon Foundation - Convertible Promissory Note (Cambium Carbon) (1).DOCX,PLACED,02 Financing & Legal,False,moved,True
F00357,Cambium,Diligence/Cost Parity/Cambium Data Room 2024 _ Supplemental Documentation 2/Legal (Supplementary Docs)/Company Minute Book and Corporate Records/Pre-Seed Investment Documents/Convertible Note/Drafts/Exelon/Exelon Foundation - Convertible Promissory Note (Cambium Carbon).DOCX,COMPANIES/Cambium/14_Historical_Superseded/Exelon Foundation - Convertible Promissory Note (Cambium Carbon).DOCX,SUPERSEDED,14 Historical / Superseded,False,moved,True
F00358,Cambium,Diligence/Cost Parity/Cambium Data Room 2024 _ Supplemental Documentation 2/Legal (Supplementary Docs)/Company Minute Book and Corporate Records/Pre-Seed Investment Documents/Convertible Note/Drafts/Exelon/Final - Convertible Promissory Note - Exelon (Cambium Carbon PBC).docx,COMPANIES/Cambium/02_Financing_and_Legal/Final - Convertible Promissory Note - Exelon (Cambium Carbon PBC).docx,PLACED,02 Financing & Legal,False,moved,True
F00359,Cambium,Diligence/Cost Parity/Cambium Data Room 2024 _ Supplemental Documentation 2/Legal (Supplementary Docs)/Company Minute Book and Corporate Records/Pre-Seed Investment Documents/Convertible Note/Drafts/Exelon/Final Side Letter - Exelon (Cambium Carbon).docx,COMPANIES/Cambium/02_Financing_and_Legal/Final Side Letter - Exelon (Cambium Carbon).docx,PLACED,02 Financing & Legal,False,moved,True
F00360,Cambium,Diligence/Cost Parity/Cambium Data Room 2024 _ Supplemental Documentation 2/Legal (Supplementary Docs)/Company Minute Book and Corporate Records/Pre-Seed Investment Documents/Convertible Note/Drafts/Exelon/Side Letter (Cambium Carbon).DOCX,COMPANIES/Cambium/02_Financing_and_Legal/Side Letter (Cambium Carbon).DOCX,PLACED,02 Financing & Legal,False,moved,True
F00361,Cambium,Diligence/Cost Parity/Cambium Data Room 2024 _ Supplemental Documentation 2/Legal (Supplementary Docs)/Company Minute Book and Corporate Records/Pre-Seed Investment Documents/Convertible Note/Drafts/Exelon/v2 Cambium Rev. - Side Letter (Cambium Carbon).docx,COMPANIES/Cambium/02_Financing_and_Legal/v2 Cambium Rev. - Side Letter (Cambium Carbon).docx,PLACED,02 Financing & Legal,False,moved,True
F00362,Cambium,Diligence/Cost Parity/Cambium Data Room 2024 _ Supplemental Documentation 2/Legal (Supplementary Docs)/Company Minute Book and Corporate Records/Pre-Seed Investment Documents/Convertible Note/Drafts/Sent for Signature/Climate Signature Page.pdf,COMPANIES/Cambium/02_Financing_and_Legal/Climate Signature Page.pdf,PLACED,02 Financing & Legal,False,moved,True
F00363,Cambium,Diligence/Cost Parity/Cambium Data Room 2024 _ Supplemental Documentation 2/Legal (Supplementary Docs)/Company Minute Book and Corporate Records/Pre-Seed Investment Documents/Convertible Note/Drafts/Sent for Signature/FINAL Convertible Promissory Note (CAM Fund I - Cambium Carbon PBC).pdf,COMPANIES/Cambium/02_Financing_and_Legal/FINAL Convertible Promissory Note (CAM Fund I - Cambium Carbon PBC).pdf,PLACED,02 Financing & Legal,False,moved,True
F00364,Cambium,Diligence/Cost Parity/Cambium Data Room 2024 _ Supplemental Documentation 2/Legal (Supplementary Docs)/Company Minute Book and Corporate Records/Pre-Seed Investment Documents/Convertible Note/Drafts/Sent for Signature/FINAL Convertible Promissory Note (K. Webb - Cambium Carbon PBC).pdf,COMPANIES/Cambium/02_Financing_and_Legal/FINAL Convertible Promissory Note (K. Webb - Cambium Carbon PBC).pdf,PLACED,02 Financing & Legal,False,moved,True
F00365,Cambium,Diligence/Cost Parity/Cambium Data Room 2024 _ Supplemental Documentation 2/Legal (Supplementary Docs)/Company Minute Book and Corporate Records/Pre-Seed Investment Documents/Convertible Note/Drafts/Sent for Signature/FINAL Convertible Promissory Note (T. O_Keef - Cambium Carbon PBC).pdf,COMPANIES/Cambium/02_Financing_and_Legal/FINAL Convertible Promissory Note (T. O_Keef - Cambium Carbon PBC).pdf,PLACED,02 Financing & Legal,False,moved,True
F00366,Cambium,Diligence/Cost Parity/Cambium Data Room 2024 _ Supplemental Documentation 2/Legal (Supplementary Docs)/Company Minute Book and Corporate Records/Pre-Seed Investment Documents/Convertible Note/Drafts/Sent for Signature/FINAL Convertible Promissory Note (T. Weise - Cambium Carbon PBC.pdf,COMPANIES/Cambium/02_Financing_and_Legal/FINAL Convertible Promissory Note (T. Weise - Cambium Carbon PBC.pdf,PLACED,02 Financing & Legal,False,moved,True
F00367,Cambium,Diligence/Cost Parity/Cambium Data Room 2024 _ Supplemental Documentation 2/Legal (Supplementary Docs)/Company Minute Book and Corporate Records/Pre-Seed Investment Documents/Convertible Note/Drafts/Sent for Signature/FINAL Convertible Promissory Note - J. Levitt (Cambium Carbon PBC).pdf,COMPANIES/Cambium/02_Financing_and_Legal/FINAL Convertible Promissory Note - J. Levitt (Cambium Carbon PBC).pdf,PLACED,02 Financing & Legal,False,moved,True
F00368,Cambium,Diligence/Cost Parity/Cambium Data Room 2024 _ Supplemental Documentation 2/Legal (Supplementary Docs)/Company Minute Book and Corporate Records/Pre-Seed Investment Documents/Convertible Note/Drafts/Sent for Signature/FINAL Convertible Promissory Note - S. Levitt (Cambium Carbon PBC).pdf,COMPANIES/Cambium/02_Financing_and_Legal/FINAL Convertible Promissory Note - S. Levitt (Cambium Carbon PBC).pdf,PLACED,02 Financing & Legal,False,moved,True
F00369,Cambium,Diligence/Cost Parity/Cambium Data Room 2024 _ Supplemental Documentation 2/Legal (Supplementary Docs)/Company Minute Book and Corporate Records/Pre-Seed Investment Documents/Convertible Note/Drafts/Sent for Signature/Final - Convertible Promissory Note - Exelon (Cambium Carbon PBC).pdf,COMPANIES/Cambium/02_Financing_and_Legal/Final - Convertible Promissory Note - Exelon (Cambium Carbon PBC).pdf,PLACED,02 Financing & Legal,False,moved,True
F00370,Cambium,Diligence/Cost Parity/Cambium Data Room 2024 _ Supplemental Documentation 2/Legal (Supplementary Docs)/Company Minute Book and Corporate Records/Pre-Seed Investment Documents/Convertible Note/Drafts/Sent for Signature/Final Side Letter - Exelon (Cambium Carbon).pdf,COMPANIES/Cambium/02_Financing_and_Legal/Final Side Letter - Exelon (Cambium Carbon).pdf,PLACED,02 Financing & Legal,False,moved,True
F00371,Cambium,Diligence/Cost Parity/Cambium Data Room 2024 _ Supplemental Documentation 2/Legal (Supplementary Docs)/Company Minute Book and Corporate Records/Pre-Seed Investment Documents/Convertible Note/Executed/01 - Final - Convertible Promissory Note - Exelon (Cambium Carbon PBC) - signed.pdf,COMPANIES/Cambium/02_Financing_and_Legal/01 - Final - Convertible Promissory Note - Exelon (Cambium Carbon PBC) - signed.pdf,PLACED,02 Financing & Legal,False,moved,True
F00372,Cambium,Diligence/Cost Parity/Cambium Data Room 2024 _ Supplemental Documentation 2/Legal (Supplementary Docs)/Company Minute Book and Corporate Records/Pre-Seed Investment Documents/Convertible Note/Executed/02 - FINAL Convertible Promissory Note - J. Levitt (Cambium Carbon PBC) - signed.pdf,COMPANIES/Cambium/02_Financing_and_Legal/02 - FINAL Convertible Promissory Note - J. Levitt (Cambium Carbon PBC) - signed.pdf,PLACED,02 Financing & Legal,False,moved,True
F00373,Cambium,Diligence/Cost Parity/Cambium Data Room 2024 _ Supplemental Documentation 2/Legal (Supplementary Docs)/Company Minute Book and Corporate Records/Pre-Seed Investment Documents/Convertible Note/Executed/03- FINAL Convertible Promissory Note - S. Levitt (Cambium Carbon PBC) - signed.pdf,COMPANIES/Cambium/02_Financing_and_Legal/03- FINAL Convertible Promissory Note - S. Levitt (Cambium Carbon PBC) - signed.pdf,PLACED,02 Financing & Legal,False,moved,True
F00374,Cambium,Diligence/Cost Parity/Cambium Data Room 2024 _ Supplemental Documentation 2/Legal (Supplementary Docs)/Company Minute Book and Corporate Records/Pre-Seed Investment Documents/Convertible Note/Executed/04 - FINAL Convertible Promissory Note - Cambium Carbon PBC (D. Sobotka) - signed.pdf,COMPANIES/Cambium/02_Financing_and_Legal/04 - FINAL Convertible Promissory Note - Cambium Carbon PBC (D. Sobotka) - signed.pdf,PLACED,02 Financing & Legal,False,moved,True
F00375,Cambium,Diligence/Cost Parity/Cambium Data Room 2024 _ Supplemental Documentation 2/Legal (Supplementary Docs)/Company Minute Book and Corporate Records/Pre-Seed Investment Documents/Convertible Note/Executed/05 - FINAL Convertible Promissory Note (T. Wiese - Cambium Carbon PBC) - signed.pdf,COMPANIES/Cambium/02_Financing_and_Legal/05 - FINAL Convertible Promissory Note (T. Wiese - Cambium Carbon PBC) - signed.pdf,PLACED,02 Financing & Legal,False,moved,True
F00376,Cambium,Diligence/Cost Parity/Cambium Data Room 2024 _ Supplemental Documentation 2/Legal (Supplementary Docs)/Company Minute Book and Corporate Records/Pre-Seed Investment Documents/Convertible Note/Executed/05 – First Amendment to Convertible Promissory Note (re. extension of Maturity Date) - Cambium Carbon PBC (Ted Weise) signed.pdf,COMPANIES/Cambium/02_Financing_and_Legal/05 – First Amendment to Convertible Promissory Note (re. extension of Maturity Date) - Cambium Carbon PBC (Ted Weise) signed.pdf,PLACED,02 Financing & Legal,False,moved,True
F00377,Cambium,Diligence/Cost Parity/Cambium Data Room 2024 _ Supplemental Documentation 2/Legal (Supplementary Docs)/Company Minute Book and Corporate Records/Pre-Seed Investment Documents/Convertible Note/Executed/06 - FINAL Convertible Promissory Note (K. Webb - Cambium Carbon PBC) - signed.pdf,COMPANIES/Cambium/02_Financing_and_Legal/06 - FINAL Convertible Promissory Note (K. Webb - Cambium Carbon PBC) - signed.pdf,PLACED,02 Financing & Legal,False,moved,True
F00378,Cambium,Diligence/Cost Parity/Cambium Data Room 2024 _ Supplemental Documentation 2/Legal (Supplementary Docs)/Company Minute Book and Corporate Records/Pre-Seed Investment Documents/Convertible Note/Executed/06 First Amendment to Convertible Promissory Note (re. extension of Maturity Date) - Superorganism (Cambium Carbon PBC) signed.pdf,COMPANIES/Cambium/02_Financing_and_Legal/06 First Amendment to Convertible Promissory Note (re. extension of Maturity Date) - Superorganism (Cambium Carbon PBC) signed.pdf,PLACED,02 Financing & Legal,False,moved,True
F00379,Cambium,Diligence/Cost Parity/Cambium Data Room 2024 _ Supplemental Documentation 2/Legal (Supplementary Docs)/Company Minute Book and Corporate Records/Pre-Seed Investment Documents/Convertible Note/Executed/07 - FINAL Convertible Promissory Note (T. O_Keefe - Cambium Carbon PBC) - signed.pdf,COMPANIES/Cambium/02_Financing_and_Legal/07 - FINAL Convertible Promissory Note (T. O_Keefe - Cambium Carbon PBC) - signed.pdf,PLACED,02 Financing & Legal,False,moved,True
F00380,Cambium,Diligence/Cost Parity/Cambium Data Room 2024 _ Supplemental Documentation 2/Legal (Supplementary Docs)/Company Minute Book and Corporate Records/Pre-Seed Investment Documents/Convertible Note/Executed/08 - FINAL Convertible Promissory Note (CAM Fund I - Cambium Carbon PBC) - signed.pdf,COMPANIES/Cambium/02_Financing_and_Legal/08 - FINAL Convertible Promissory Note (CAM Fund I - Cambium Carbon PBC) - signed.pdf,PLACED,02 Financing & Legal,False,moved,True
F00381,Cambium,Diligence/Cost Parity/Cambium Data Room 2024 _ Supplemental Documentation 2/Legal (Supplementary Docs)/Company Minute Book and Corporate Records/Pre-Seed Investment Documents/Convertible Note/Executed/Draft/FINAL Convertible Promissory Note - Cambium Carbon PBC (D. Sobotka).pdf,COMPANIES/Cambium/02_Financing_and_Legal/FINAL Convertible Promissory Note - Cambium Carbon PBC (D. Sobotka).pdf,PLACED,02 Financing & Legal,False,moved,True
F00382,Cambium,Diligence/Cost Parity/Cambium Data Room 2024 _ Supplemental Documentation 2/Legal (Supplementary Docs)/Company Minute Book and Corporate Records/Pre-Seed Investment Documents/Convertible Note/Executed/Draft/FINAL Convertible Promissory Note - Cambium Carbon PBC.pdf,COMPANIES/Cambium/02_Financing_and_Legal/FINAL Convertible Promissory Note - Cambium Carbon PBC__F00382.pdf,PLACED,02 Financing & Legal,False,moved,True
F00383,Cambium,Diligence/Cost Parity/Cambium Data Room 2024 _ Supplemental Documentation 2/Legal (Supplementary Docs)/Company Minute Book and Corporate Records/Pre-Seed Investment Documents/Convertible Note/Executed/Not used/Convertible Note - D. Soboka (Cambium Carbon).pdf,COMPANIES/Cambium/02_Financing_and_Legal/Convertible Note - D. Soboka (Cambium Carbon).pdf,PLACED,02 Financing & Legal,False,moved,True
F00384,Cambium,Diligence/Cost Parity/Cambium Data Room 2024 _ Supplemental Documentation 2/Legal (Supplementary Docs)/Company Minute Book and Corporate Records/Pre-Seed Investment Documents/SEC/0001857501.formd,COMPANIES/Cambium/02_Financing_and_Legal/0001857501.formd,PLACED,02 Financing & Legal,False,moved,True
F00385,Cambium,Diligence/Cost Parity/Cambium Data Room 2024 _ Supplemental Documentation 2/Legal (Supplementary Docs)/Company Minute Book and Corporate Records/Pre-Seed Investment Documents/SEC/Accepted Form ID.pdf,COMPANIES/Cambium/02_Financing_and_Legal/Accepted Form ID.pdf,PLACED,02 Financing & Legal,False,moved,True
F00386,Cambium,Diligence/Cost Parity/Cambium Data Room 2024 _ Supplemental Documentation 2/Legal (Supplementary Docs)/Company Minute Book and Corporate Records/Pre-Seed Investment Documents/SEC/Cambium EDGAR Access Codes.docx,COMPANIES/Cambium/02_Financing_and_Legal/Cambium EDGAR Access Codes.docx,PLACED,02 Financing & Legal,False,moved,True
F00387,Cambium,Diligence/Cost Parity/Cambium Data Room 2024 _ Supplemental Documentation 2/Legal (Supplementary Docs)/Company Minute Book and Corporate Records/Pre-Seed Investment Documents/SEC/Form D.pdf,COMPANIES/Cambium/02_Financing_and_Legal/Form D.pdf,PLACED,02 Financing & Legal,False,moved,True
F00388,Cambium,Diligence/Cost Parity/Cambium Data Room 2024 _ Supplemental Documentation 2/Legal (Supplementary Docs)/Company Minute Book and Corporate Records/Pre-Seed Investment Documents/SEC/Transmit Submission Acknowledgement.pdf,COMPANIES/Cambium/02_Financing_and_Legal/Transmit Submission Acknowledgement.pdf,PLACED,02 Financing & Legal,False,moved,True
F00389,Cambium,Diligence/Cost Parity/Cambium Data Room 2024 _ Supplemental Documentation 2/Legal (Supplementary Docs)/Company Minute Book and Corporate Records/Pre-Seed Investment Documents/Suitability Questionnaires/Climate Collective_2021.pdf,COMPANIES/Cambium/02_Financing_and_Legal/Climate Collective_2021.pdf,PLACED,02 Financing & Legal,False,moved,True
F00390,Cambium,Diligence/Cost Parity/Cambium Data Room 2024 _ Supplemental Documentation 2/Legal (Supplementary Docs)/Company Minute Book and Corporate Records/Pre-Seed Investment Documents/Suitability Questionnaires/DavidSobotka_InvestorSuitability_0721.pdf,COMPANIES/Cambium/02_Financing_and_Legal/DavidSobotka_InvestorSuitability_0721.pdf,PLACED,02 Financing & Legal,False,moved,True
F00391,Cambium,Diligence/Cost Parity/Cambium Data Room 2024 _ Supplemental Documentation 2/Legal (Supplementary Docs)/Company Minute Book and Corporate Records/Pre-Seed Investment Documents/Suitability Questionnaires/ISQ Steve Levitt 2021_4_25.pdf,COMPANIES/Cambium/02_Financing_and_Legal/ISQ Steve Levitt 2021_4_25.pdf,PLACED,02 Financing & Legal,False,moved,True
F00392,Cambium,Diligence/Cost Parity/Cambium Data Room 2024 _ Supplemental Documentation 2/Legal (Supplementary Docs)/Company Minute Book and Corporate Records/Pre-Seed Investment Documents/Suitability Questionnaires/Jon Levitt ISQ 2021.4.24.pdf,COMPANIES/Cambium/02_Financing_and_Legal/Jon Levitt ISQ 2021.4.24.pdf,PLACED,02 Financing & Legal,False,moved,True
F00393,Cambium,Diligence/Cost Parity/Cambium Data Room 2024 _ Supplemental Documentation 2/Legal (Supplementary Docs)/Company Minute Book and Corporate Records/Pre-Seed Investment Documents/Suitability Questionnaires/KevinWebb_InvestorSuitability_0721.pdf,COMPANIES/Cambium/02_Financing_and_Legal/KevinWebb_InvestorSuitability_0721.pdf,PLACED,02 Financing & Legal,False,moved,True
F00394,Cambium,Diligence/Cost Parity/Cambium Data Room 2024 _ Supplemental Documentation 2/Legal (Supplementary Docs)/Company Minute Book and Corporate Records/Pre-Seed Investment Documents/Suitability Questionnaires/TedWeise_ISQ_0721.pdf,COMPANIES/Cambium/02_Financing_and_Legal/TedWeise_ISQ_0721.pdf,PLACED,02 Financing & Legal,False,moved,True
F00395,Cambium,Diligence/Cost Parity/Cambium Data Room 2024 _ Supplemental Documentation 2/Legal (Supplementary Docs)/Company Minute Book and Corporate Records/Pre-Seed Investment Documents/Suitability Questionnaires/TomOKeefe_ISQ.pdf,COMPANIES/Cambium/02_Financing_and_Legal/TomOKeefe_ISQ.pdf,PLACED,02 Financing & Legal,False,moved,True
F00396,Cambium,Diligence/Cost Parity/Cambium Data Room 2024 _ Supplemental Documentation 2/Legal (Supplementary Docs)/Company Minute Book and Corporate Records/Seed Round Investment Documents/Board Consent - Cambium Carbon PBC (re. SAFE Financing_ Stock Plan Amendment) - signed (2).pdf,COMPANIES/Cambium/02_Financing_and_Legal/Board Consent - Cambium Carbon PBC (re. SAFE Financing_ Stock Plan Amendment) - signed (2).pdf,PLACED,02 Financing & Legal,False,moved,True
F00397,Cambium,Diligence/Cost Parity/Cambium Data Room 2024 _ Supplemental Documentation 2/Legal (Supplementary Docs)/Company Minute Book and Corporate Records/Seed Round Investment Documents/Board Consent – Seed +.pdf,COMPANIES/Cambium/02_Financing_and_Legal/Board Consent – Seed +.pdf,PLACED,02 Financing & Legal,False,moved,True
F00398,Cambium,Diligence/Cost Parity/Cambium Data Room 2024 _ Supplemental Documentation 2/Legal (Supplementary Docs)/Company Minute Book and Corporate Records/Seed Round Investment Documents/Investor Suitability Documents/Investor Suitability Questionnaire - Cambium Carbon PBC-2.docx,COMPANIES/Cambium/02_Financing_and_Legal/Investor Suitability Questionnaire - Cambium Carbon PBC-2.docx,PLACED,02 Financing & Legal,False,moved,True
F00399,Cambium,Diligence/Cost Parity/Cambium Data Room 2024 _ Supplemental Documentation 2/Legal (Supplementary Docs)/Company Minute Book and Corporate Records/Seed Round Investment Documents/SAFE/Postmoney Safe - Discount Only v1.1.docx,COMPANIES/Cambium/02_Financing_and_Legal/Postmoney Safe - Discount Only v1.1.docx,PLACED,02 Financing & Legal,False,moved,True
F00400,Cambium,Diligence/Cost Parity/Cambium Data Room 2024 _ Supplemental Documentation 2/Legal (Supplementary Docs)/Company Minute Book and Corporate Records/Seed Round Investment Documents/SAFE/Postmoney Safe - Valuation Cap Only v1.1.docx,COMPANIES/Cambium/02_Financing_and_Legal/Postmoney Safe - Valuation Cap Only v1.1.docx,PLACED,02 Financing & Legal,False,moved,True
F00401,Cambium,Diligence/Cost Parity/Cambium Data Room 2024 _ Supplemental Documentation 2/Legal (Supplementary Docs)/Company Minute Book and Corporate Records/Seed Round Investment Documents/SEC/SEC filing 11.28.23.pdf,COMPANIES/Cambium/02_Financing_and_Legal/SEC filing 11.28.23.pdf,PLACED,02 Financing & Legal,False,moved,True
F00402,Cambium,Diligence/Cost Parity/Cambium Data Room 2024 _ Supplemental Documentation 2/Legal (Supplementary Docs)/Company Minute Book and Corporate Records/Seed Round Investment Documents/Signed Documents/2022 SAFEs/81C- MRL Side Letter Cambium Carbon Seed SAFE Financing_FINAL.pdf,COMPANIES/Cambium/02_Financing_and_Legal/81C- MRL Side Letter Cambium Carbon Seed SAFE Financing_FINAL.pdf,PLACED,02 Financing & Legal,False,moved,True
F00403,Cambium,Diligence/Cost Parity/Cambium Data Room 2024 _ Supplemental Documentation 2/Legal (Supplementary Docs)/Company Minute Book and Corporate Records/Seed Round Investment Documents/Signed Documents/2022 SAFEs/BluePool - MRL Side Letter Cambium Carbon Seed SAFE Financing_FINAL certificate.pdf,COMPANIES/Cambium/02_Financing_and_Legal/BluePool - MRL Side Letter Cambium Carbon Seed SAFE Financing_FINAL certificate.pdf,PLACED,02 Financing & Legal,False,moved,True
F00404,Cambium,Diligence/Cost Parity/Cambium Data Room 2024 _ Supplemental Documentation 2/Legal (Supplementary Docs)/Company Minute Book and Corporate Records/Seed Round Investment Documents/Signed Documents/2022 SAFEs/BluePool - MRL Side Letter Cambium Carbon Seed SAFE Financing_FINAL signed.pdf,COMPANIES/Cambium/02_Financing_and_Legal/BluePool - MRL Side Letter Cambium Carbon Seed SAFE Financing_FINAL signed.pdf,PLACED,02 Financing & Legal,False,moved,True
F00405,Cambium,Diligence/Cost Parity/Cambium Data Room 2024 _ Supplemental Documentation 2/Legal (Supplementary Docs)/Company Minute Book and Corporate Records/Seed Round Investment Documents/Signed Documents/2022 SAFEs/MaC VC - MRL Side Letter Cambium Carbon Seed SAFE Financing certificate.pdf,COMPANIES/Cambium/02_Financing_and_Legal/MaC VC - MRL Side Letter Cambium Carbon Seed SAFE Financing certificate.pdf,PLACED,02 Financing & Legal,False,moved,True
F00406,Cambium,Diligence/Cost Parity/Cambium Data Room 2024 _ Supplemental Documentation 2/Legal (Supplementary Docs)/Company Minute Book and Corporate Records/Seed Round Investment Documents/Signed Documents/2022 SAFEs/MaC VC Cambium_SeedRound_SAFE_Final signed.pdf,COMPANIES/Cambium/02_Financing_and_Legal/MaC VC Cambium_SeedRound_SAFE_Final signed.pdf,PLACED,02 Financing & Legal,False,moved,True
F00407,Cambium,Diligence/Cost Parity/Cambium Data Room 2024 _ Supplemental Documentation 2/Legal (Supplementary Docs)/Company Minute Book and Corporate Records/Seed Round Investment Documents/Signed Documents/2022 SAFEs/Postmoney Safe - Valuation Cap Only_81Collective signed.pdf,COMPANIES/Cambium/02_Financing_and_Legal/Postmoney Safe - Valuation Cap Only_81Collective signed.pdf,PLACED,02 Financing & Legal,False,moved,True
F00408,Cambium,Diligence/Cost Parity/Cambium Data Room 2024 _ Supplemental Documentation 2/Legal (Supplementary Docs)/Company Minute Book and Corporate Records/Seed Round Investment Documents/Signed Documents/2022 SAFEs/Postmoney Safe - Valuation Cap Only_BluePool_Final certificate.pdf,COMPANIES/Cambium/02_Financing_and_Legal/Postmoney Safe - Valuation Cap Only_BluePool_Final certificate.pdf,PLACED,02 Financing & Legal,False,moved,True
F00409,Cambium,Diligence/Cost Parity/Cambium Data Room 2024 _ Supplemental Documentation 2/Legal (Supplementary Docs)/Company Minute Book and Corporate Records/Seed Round Investment Documents/Signed Documents/2022 SAFEs/Postmoney Safe - Valuation Cap Only_BluePool_Final signed.pdf,COMPANIES/Cambium/02_Financing_and_Legal/Postmoney Safe - Valuation Cap Only_BluePool_Final signed.pdf,PLACED,02 Financing & Legal,False,moved,True
F00410,Cambium,Diligence/Cost Parity/Cambium Data Room 2024 _ Supplemental Documentation 2/Legal (Supplementary Docs)/Company Minute Book and Corporate Records/Seed Round Investment Documents/Signed Documents/2022 SAFEs/Postmoney Safe - Valuation Cap Only_Soma certificate.pdf,COMPANIES/Cambium/02_Financing_and_Legal/Postmoney Safe - Valuation Cap Only_Soma certificate.pdf,PLACED,02 Financing & Legal,False,moved,True
F00411,Cambium,Diligence/Cost Parity/Cambium Data Room 2024 _ Supplemental Documentation 2/Legal (Supplementary Docs)/Company Minute Book and Corporate Records/Seed Round Investment Documents/Signed Documents/2022 SAFEs/Postmoney Safe - Valuation Cap Only_Soma signed.pdf,COMPANIES/Cambium/02_Financing_and_Legal/Postmoney Safe - Valuation Cap Only_Soma signed.pdf,PLACED,02 Financing & Legal,False,moved,True
F00412,Cambium,Diligence/Cost Parity/Cambium Data Room 2024 _ Supplemental Documentation 2/Legal (Supplementary Docs)/Company Minute Book and Corporate Records/Seed Round Investment Documents/Signed Documents/2022 SAFEs/Seed Round SAFE_AlumniVentures signed.pdf,COMPANIES/Cambium/02_Financing_and_Legal/Seed Round SAFE_AlumniVentures signed.pdf,PLACED,02 Financing & Legal,False,moved,True
F00413,Cambium,Diligence/Cost Parity/Cambium Data Room 2024 _ Supplemental Documentation 2/Legal (Supplementary Docs)/Company Minute Book and Corporate Records/Seed Round Investment Documents/Signed Documents/2022 SAFEs/Seed Round SAFE_AlumniVentures.pdf,COMPANIES/Cambium/14_Historical_Superseded/Seed Round SAFE_AlumniVentures.pdf,SUPERSEDED,14 Historical / Superseded,False,moved,True
F00414,Cambium,Diligence/Cost Parity/Cambium Data Room 2024 _ Supplemental Documentation 2/Legal (Supplementary Docs)/Company Minute Book and Corporate Records/Seed Round Investment Documents/Signed Documents/2022 SAFEs/Revolution-Rise of the Rest/Executed - Cambium Carbon_ROTR II_Investment Letter Agreement_SAFE.pdf,COMPANIES/Cambium/02_Financing_and_Legal/Executed - Cambium Carbon_ROTR II_Investment Letter Agreement_SAFE.pdf,PLACED,02 Financing & Legal,False,moved,True
F00415,Cambium,Diligence/Cost Parity/Cambium Data Room 2024 _ Supplemental Documentation 2/Legal (Supplementary Docs)/Company Minute Book and Corporate Records/Seed Round Investment Documents/Signed Documents/2022 SAFEs/Revolution-Rise of the Rest/Executed - SAFE - Cambium Carbon PBC - Revolution.pdf,COMPANIES/Cambium/02_Financing_and_Legal/Executed - SAFE - Cambium Carbon PBC - Revolution.pdf,PLACED,02 Financing & Legal,False,moved,True
F00416,Cambium,Diligence/Cost Parity/Cambium Data Room 2024 _ Supplemental Documentation 2/Legal (Supplementary Docs)/Company Minute Book and Corporate Records/Seed Round Investment Documents/Signed Documents/2023 Seed +/  Blue Pool Capital - Pre-Money SAFE Financing Form (Cap and Discount)signed.pdf,COMPANIES/Cambium/02_Financing_and_Legal/Blue Pool Capital - Pre-Money SAFE Financing Form (Cap and Discount)signed.pdf,PLACED,02 Financing & Legal,True,moved,True
F00417,Cambium,Diligence/Cost Parity/Cambium Data Room 2024 _ Supplemental Documentation 2/Legal (Supplementary Docs)/Company Minute Book and Corporate Records/Seed Round Investment Documents/Signed Documents/2023 Seed +/Alumni Ventures - Pre-Money SAFE Financing Form (Cap and Discount) _ signed.pdf,COMPANIES/Cambium/02_Financing_and_Legal/Alumni Ventures - Pre-Money SAFE Financing Form (Cap and Discount) _ signed.pdf,PLACED,02 Financing & Legal,False,moved,True
F00418,Cambium,Diligence/Cost Parity/Cambium Data Room 2024 _ Supplemental Documentation 2/Legal (Supplementary Docs)/Company Minute Book and Corporate Records/Seed Round Investment Documents/Signed Documents/2023 Seed +/BOARD CONSENT – SEED +.pdf,COMPANIES/Cambium/02_Financing_and_Legal/BOARD CONSENT – SEED +__F00418.pdf,PLACED,02 Financing & Legal,False,moved,True
F00419,Cambium,Diligence/Cost Parity/Cambium Data Room 2024 _ Supplemental Documentation 2/Legal (Supplementary Docs)/Company Minute Book and Corporate Records/Seed Round Investment Documents/Signed Documents/2023 Seed +/Cambium Carbon PBC - Pre-Money SAFE Financing Form (Cap and Discount) - Avesta Fund I signed.pdf,COMPANIES/Cambium/02_Financing_and_Legal/Cambium Carbon PBC - Pre-Money SAFE Financing Form (Cap and Discount) - Avesta Fund I signed.pdf,PLACED,02 Financing & Legal,False,moved,True
F00420,Cambium,Diligence/Cost Parity/Cambium Data Room 2024 _ Supplemental Documentation 2/Legal (Supplementary Docs)/Company Minute Book and Corporate Records/Seed Round Investment Documents/Signed Documents/2023 Seed +/Connecticut Innovations- Pre-Money SAFE Financing Form (Cap and Discount) signed.pdf,COMPANIES/Cambium/02_Financing_and_Legal/Connecticut Innovations- Pre-Money SAFE Financing Form (Cap and Discount) signed.pdf,PLACED,02 Financing & Legal,False,moved,True
F00421,Cambium,Diligence/Cost Parity/Cambium Data Room 2024 _ Supplemental Documentation 2/Legal (Supplementary Docs)/Company Minute Book and Corporate Records/Seed Round Investment Documents/Signed Documents/2023 Seed +/MAC signature page.pdf,COMPANIES/Cambium/02_Financing_and_Legal/MAC signature page.pdf,PLACED,02 Financing & Legal,False,moved,True
F00422,Cambium,"Diligence/Cost Parity/Cambium Data Room 2024 _ Supplemental Documentation 2/Legal (Supplementary Docs)/Company Minute Book and Corporate Records/Seed Round Investment Documents/Signed Documents/2023 Seed +/MaC Venture Capital – Pre-Money SAFE Financing $750,000.pdf","COMPANIES/Cambium/02_Financing_and_Legal/MaC Venture Capital – Pre-Money SAFE Financing $750,000.pdf",PLACED,02 Financing & Legal,False,moved,True
F00423,Cambium,"Diligence/Cost Parity/Cambium Data Room 2024 _ Supplemental Documentation 2/Legal (Supplementary Docs)/Company Minute Book and Corporate Records/Seed Round Investment Documents/Signed Documents/2023 Seed +/Rise of the Rest - Pre-Money SAFE Financing $500,000.pdf","COMPANIES/Cambium/02_Financing_and_Legal/Rise of the Rest - Pre-Money SAFE Financing $500,000.pdf",PLACED,02 Financing & Legal,False,moved,True
F00424,Cambium,Diligence/Cost Parity/Cambium Data Room 2024 _ Supplemental Documentation 2/Legal (Supplementary Docs)/Company Minute Book and Corporate Records/Seed Round Investment Documents/Signed Documents/2023 Seed +/Mana Ventures (w- side letter)/Mana - Side Letter with Cambium Carbon signed.pdf,COMPANIES/Cambium/02_Financing_and_Legal/Mana - Side Letter with Cambium Carbon signed.pdf,PLACED,02 Financing & Legal,False,moved,True
F00425,Cambium,Diligence/Cost Parity/Cambium Data Room 2024 _ Supplemental Documentation 2/Legal (Supplementary Docs)/Company Minute Book and Corporate Records/Seed Round Investment Documents/Signed Documents/2023 Seed +/Mana Ventures (w- side letter)/UPDATED Cambium Carbon PBC - Pre-Money SAFE Financing Form (Cap and Discount) _ Mana signed.pdf,COMPANIES/Cambium/02_Financing_and_Legal/UPDATED Cambium Carbon PBC - Pre-Money SAFE Financing Form (Cap and Discount) _ Mana signed.pdf,PLACED,02 Financing & Legal,False,moved,True
F00426,Cambium,Diligence/Cost Parity/Cambium Data Room 2024 _ Supplemental Documentation 2/Legal (Supplementary Docs)/Company Minute Book and Corporate Records/Seed Round Investment Documents/Signed Documents/2024 Bridge Round/Blue Ivy Promissory Note Executed.pdf,COMPANIES/Cambium/02_Financing_and_Legal/Blue Ivy Promissory Note Executed.pdf,PLACED,02 Financing & Legal,False,moved,True
F00427,Cambium,Diligence/Cost Parity/Cambium Data Room 2024 _ Supplemental Documentation 2/Legal (Supplementary Docs)/Company Minute Book and Corporate Records/Seed Round Investment Documents/Signed Documents/2024 Bridge Round/David Sobotka_Cambium Carbon PBC - Convertible Promissory Note - Series 2024A.docx (1) (1).pdf,COMPANIES/Cambium/02_Financing_and_Legal/David Sobotka_Cambium Carbon PBC - Convertible Promissory Note - Series 2024A.docx (1) (1).pdf,PLACED,02 Financing & Legal,False,moved,True
F00428,Cambium,Diligence/Cost Parity/Cambium Data Room 2024 _ Supplemental Documentation 2/Legal (Supplementary Docs)/Company Minute Book and Corporate Records/Seed Round Investment Documents/Signed Documents/2024 Bridge Round/MaC x Cambium Carbon - Amendment No. 2 to 2022 SAFEs_EXECUTED.pdf,COMPANIES/Cambium/02_Financing_and_Legal/MaC x Cambium Carbon - Amendment No. 2 to 2022 SAFEs_EXECUTED.pdf,PLACED,02 Financing & Legal,False,moved,True
F00429,Cambium,Diligence/Cost Parity/Cambium Data Room 2024 _ Supplemental Documentation 2/Legal (Supplementary Docs)/Company Minute Book and Corporate Records/Seed Round Investment Documents/Signed Documents/2024 Bridge Round/White Bait_Cambium Carbon PBC - Convertible Promissory Note - Signed.pdf,COMPANIES/Cambium/02_Financing_and_Legal/White Bait_Cambium Carbon PBC - Convertible Promissory Note - Signed.pdf,PLACED,02 Financing & Legal,False,moved,True
F00430,Cambium,Diligence/Cost Parity/Cambium Data Room 2024 _ Supplemental Documentation 2/Legal (Supplementary Docs)/Company Minute Book and Corporate Records/Series A Documents/2024 Fall Bridge Notes.xlsx,COMPANIES/Cambium/02_Financing_and_Legal/2024 Fall Bridge Notes.xlsx,PLACED,02 Financing & Legal,False,moved,True
F00431,Cambium,Diligence/Cost Parity/Cambium Data Room 2024 _ Supplemental Documentation 2/Legal (Supplementary Docs)/Company Minute Book and Corporate Records/Series A Documents/Cambium Carbon PBC - Note Financing - Board Consent (July 2024).pdf,COMPANIES/Cambium/02_Financing_and_Legal/Cambium Carbon PBC - Note Financing - Board Consent (July 2024).pdf,PLACED,02 Financing & Legal,False,moved,True
F00432,Cambium,Diligence/Cost Parity/Cambium Data Room 2024 _ Supplemental Documentation 2/Legal (Supplementary Docs)/Company Minute Book and Corporate Records/Series A Documents/VoLo- Cambium Series A Term Sheet (Executed).pdf,COMPANIES/Cambium/02_Financing_and_Legal/VoLo- Cambium Series A Term Sheet (Executed).pdf,PLACED,02 Financing & Legal,False,moved,True
F00433,Cambium,Diligence/Cost Parity/Cambium Data Room 2024 _ Supplemental Documentation 2/Legal (Supplementary Docs)/Company Minute Book and Corporate Records/Series A Documents/Convertible Notes /Cambium Carbon PBC Wiring Instructions (2025) (1).pdf,COMPANIES/Cambium/02_Financing_and_Legal/Cambium Carbon PBC Wiring Instructions (2025) (1).pdf,PLACED,02 Financing & Legal,False,moved,True
F00434,Cambium,Diligence/Cost Parity/Cambium Data Room 2024 _ Supplemental Documentation 2/Legal (Supplementary Docs)/Company Minute Book and Corporate Records/Series A Documents/Convertible Notes /Crosscut_Cambium Carbon PBC - Convertible Promissory Note - Series 2024A (3).docx,COMPANIES/Cambium/02_Financing_and_Legal/Crosscut_Cambium Carbon PBC - Convertible Promissory Note - Series 2024A (3).docx,PLACED,02 Financing & Legal,False,moved,True
F00435,Cambium,Diligence/Cost Parity/Cambium Data Room 2024 _ Supplemental Documentation 2/Legal (Supplementary Docs)/Company Minute Book and Corporate Records/Series A Documents/Convertible Notes /Crosscut_Cambium Carbon PBC - Convertible Promissory Note - Series 2024A (3).docx.pdf,COMPANIES/Cambium/02_Financing_and_Legal/Crosscut_Cambium Carbon PBC - Convertible Promissory Note - Series 2024A (3).docx.pdf,PLACED,02 Financing & Legal,False,moved,True
F00436,Cambium,Diligence/Cost Parity/Cambium Data Room 2024 _ Supplemental Documentation 2/Legal (Supplementary Docs)/Company Minute Book and Corporate Records/Series A Documents/Convertible Notes /Abelow Family Foundation/The Abelow Family Foundation_Cambium Carbon PBC - Convertible Promissory Note - Series 2024A -1 copy.pdf,COMPANIES/Cambium/02_Financing_and_Legal/The Abelow Family Foundation_Cambium Carbon PBC - Convertible Promissory Note - Series 2024A -1 copy.pdf,PLACED,02 Financing & Legal,False,moved,True
F00437,Cambium,Diligence/Cost Parity/Cambium Data Room 2024 _ Supplemental Documentation 2/Legal (Supplementary Docs)/Company Minute Book and Corporate Records/Series A Documents/Convertible Notes /Blue Ivy/Blue Ivy Promissory Note Executed.pdf,COMPANIES/Cambium/02_Financing_and_Legal/Blue Ivy Promissory Note Executed__F00437.pdf,PLACED,02 Financing & Legal,False,moved,True
F00438,Cambium,Diligence/Cost Parity/Cambium Data Room 2024 _ Supplemental Documentation 2/Legal (Supplementary Docs)/Company Minute Book and Corporate Records/Series A Documents/Convertible Notes /Blue Ivy/Complete_with_Docusign_Blue_Ivy_Copy_of_Camb.pdf,COMPANIES/Cambium/02_Financing_and_Legal/Complete_with_Docusign_Blue_Ivy_Copy_of_Camb.pdf,PLACED,02 Financing & Legal,False,moved,True
F00439,Cambium,Diligence/Cost Parity/Cambium Data Room 2024 _ Supplemental Documentation 2/Legal (Supplementary Docs)/Company Minute Book and Corporate Records/Series A Documents/Convertible Notes /Brad and Carolyn Abelow/Brad and Carolyn Abelow_Cambium Carbon PBC - Convertible Promissory Note - Series 2024A  copy.pdf,COMPANIES/Cambium/02_Financing_and_Legal/Brad and Carolyn Abelow_Cambium Carbon PBC - Convertible Promissory Note - Series 2024A copy.pdf,PLACED,02 Financing & Legal,True,moved,True
F00440,Cambium,Diligence/Cost Parity/Cambium Data Room 2024 _ Supplemental Documentation 2/Legal (Supplementary Docs)/Company Minute Book and Corporate Records/Series A Documents/Convertible Notes /Crosscut Ventures/Complete_with_Docusign_Crosscut_Cambium_Carb.pdf,COMPANIES/Cambium/02_Financing_and_Legal/Complete_with_Docusign_Crosscut_Cambium_Carb.pdf,PLACED,02 Financing & Legal,False,moved,True
F00441,Cambium,Diligence/Cost Parity/Cambium Data Room 2024 _ Supplemental Documentation 2/Legal (Supplementary Docs)/Company Minute Book and Corporate Records/Series A Documents/Convertible Notes /Dangerous Ventures/Cambium Carbon_Side Letter_D.textClipping,COMPANIES/Cambium/02_Financing_and_Legal/Cambium Carbon_Side Letter_D.textClipping,PLACED,02 Financing & Legal,False,moved,True
F00442,Cambium,Diligence/Cost Parity/Cambium Data Room 2024 _ Supplemental Documentation 2/Legal (Supplementary Docs)/Company Minute Book and Corporate Records/Series A Documents/Convertible Notes /Dangerous Ventures/Cambium Carbon_Side Letter_Dangerous Ventures_EXECUTED 08302024.pdf,COMPANIES/Cambium/02_Financing_and_Legal/Cambium Carbon_Side Letter_Dangerous Ventures_EXECUTED 08302024.pdf,PLACED,02 Financing & Legal,False,moved,True
F00443,Cambium,Diligence/Cost Parity/Cambium Data Room 2024 _ Supplemental Documentation 2/Legal (Supplementary Docs)/Company Minute Book and Corporate Records/Series A Documents/Convertible Notes /Dangerous Ventures/Promissory Note EXECUTED_Dangerous_Cambium_September 2024.pdf,COMPANIES/Cambium/02_Financing_and_Legal/Promissory Note EXECUTED_Dangerous_Cambium_September 2024.pdf,PLACED,02 Financing & Legal,False,moved,True
F00444,Cambium,Diligence/Cost Parity/Cambium Data Room 2024 _ Supplemental Documentation 2/Legal (Supplementary Docs)/Company Minute Book and Corporate Records/Series A Documents/Convertible Notes /David Sobotka/David Sobotka_Cambium Carbon PBC - Convertible Promissory Note - Series 2024A.docx (1) (1) (1).pdf,COMPANIES/Cambium/02_Financing_and_Legal/David Sobotka_Cambium Carbon PBC - Convertible Promissory Note - Series 2024A.docx (1) (1) (1).pdf,PLACED,02 Financing & Legal,False,moved,True
F00445,Cambium,Diligence/Cost Parity/Cambium Data Room 2024 _ Supplemental Documentation 2/Legal (Supplementary Docs)/Company Minute Book and Corporate Records/Series A Documents/Convertible Notes /Erik Ryan/Complete_with_Docusign_Erik_Ryan_Cambium_Car.pdf,COMPANIES/Cambium/02_Financing_and_Legal/Complete_with_Docusign_Erik_Ryan_Cambium_Car.pdf,PLACED,02 Financing & Legal,False,moved,True
F00446,Cambium,Diligence/Cost Parity/Cambium Data Room 2024 _ Supplemental Documentation 2/Legal (Supplementary Docs)/Company Minute Book and Corporate Records/Series A Documents/Convertible Notes /Mary Miller/Mary Miller _Cambium Carbon PBC - Convertible Promissory Note - Series 2024A (3).docx-combined (1).pdf,COMPANIES/Cambium/02_Financing_and_Legal/Mary Miller _Cambium Carbon PBC - Convertible Promissory Note - Series 2024A (3).docx-combined (1).pdf,PLACED,02 Financing & Legal,False,moved,True
F00447,Cambium,Diligence/Cost Parity/Cambium Data Room 2024 _ Supplemental Documentation 2/Legal (Supplementary Docs)/Company Minute Book and Corporate Records/Series A Documents/Convertible Notes /Morrison Foundation/Complete_with_Docusign_Morrison_Family_Found.pdf,COMPANIES/Cambium/02_Financing_and_Legal/Complete_with_Docusign_Morrison_Family_Found.pdf,PLACED,02 Financing & Legal,False,moved,True
F00448,Cambium,Diligence/Cost Parity/Cambium Data Room 2024 _ Supplemental Documentation 2/Legal (Supplementary Docs)/Company Minute Book and Corporate Records/Series A Documents/Convertible Notes /Ted Wiese/Ted Wiese_Copy of Cambium Carbon PBC - Convertible Promissory Note - Series 2024A.docx (1).pdf,COMPANIES/Cambium/02_Financing_and_Legal/Ted Wiese_Copy of Cambium Carbon PBC - Convertible Promissory Note - Series 2024A.docx (1).pdf,PLACED,02 Financing & Legal,False,moved,True
F00449,Cambium,Diligence/Cost Parity/Cambium Data Room 2024 _ Supplemental Documentation 2/Legal (Supplementary Docs)/Company Minute Book and Corporate Records/Series A Documents/Convertible Notes /White Bait/White Bait_Cambium Carbon PBC - Convertible Promissory Note - Signed.pdf,COMPANIES/Cambium/02_Financing_and_Legal/White Bait_Cambium Carbon PBC - Convertible Promissory Note - Signed__F00449.pdf,PLACED,02 Financing & Legal,False,moved,True
F00450,Cambium,Diligence/Cost Parity/Cambium Data Room 2024 _ Supplemental Documentation 2/Legal (Supplementary Docs)/Company Minute Book and Corporate Records/Transaction Documents/Acquisition of Lumber Tracker/Term Sheet - Purchase of Lumber Tracker - Cambium Carbon.docx,COMPANIES/Cambium/02_Financing_and_Legal/Term Sheet - Purchase of Lumber Tracker - Cambium Carbon.docx,PLACED,02 Financing & Legal,False,moved,True
F00451,Cambium,Diligence/Cost Parity/Cambium Data Room 2024 _ Supplemental Documentation 2/Legal (Supplementary Docs)/Company Minute Book and Corporate Records/Transaction Documents/Acquisition of Lumber Tracker/Asset Purchase Agreement/Consent of the Board - re. Lumber Tracker Acquisition (Cambium Carbon PBC) - signed.pdf,COMPANIES/Cambium/02_Financing_and_Legal/Consent of the Board - re. Lumber Tracker Acquisition (Cambium Carbon PBC) - signed.pdf,PLACED,02 Financing & Legal,False,moved,True
F00452,Cambium,Diligence/Cost Parity/Cambium Data Room 2024 _ Supplemental Documentation 2/Legal (Supplementary Docs)/Company Minute Book and Corporate Records/Transaction Documents/Acquisition of Lumber Tracker/Asset Purchase Agreement/Consent of the Board - re. Lumber Tracker Acquisition (Cambium Carbon PBC).docx,COMPANIES/Cambium/14_Historical_Superseded/Consent of the Board - re. Lumber Tracker Acquisition (Cambium Carbon PBC).docx,SUPERSEDED,14 Historical / Superseded,False,moved,True
F00453,Cambium,Diligence/Cost Parity/Cambium Data Room 2024 _ Supplemental Documentation 2/Legal (Supplementary Docs)/Company Minute Book and Corporate Records/Transaction Documents/Acquisition of Lumber Tracker/Asset Purchase Agreement/Consent of the Board - re. Lumber Tracker Acquisition (Cambium Carbon PBC).pdf,COMPANIES/Cambium/14_Historical_Superseded/Consent of the Board - re. Lumber Tracker Acquisition (Cambium Carbon PBC).pdf,SUPERSEDED,14 Historical / Superseded,False,moved,True
F00454,Cambium,Diligence/Cost Parity/Cambium Data Room 2024 _ Supplemental Documentation 2/Legal (Supplementary Docs)/Company Minute Book and Corporate Records/Transaction Documents/Acquisition of Lumber Tracker/Asset Purchase Agreement/FINAL (Compiled) -  Asset Purchase Agreement - Cambium Carbon PBC - Lumber Tracker - Taddiken - signed.pdf,COMPANIES/Cambium/02_Financing_and_Legal/FINAL (Compiled) - Asset Purchase Agreement - Cambium Carbon PBC - Lumber Tracker - Taddiken - signed.pdf,PLACED,02 Financing & Legal,True,moved,True
F00455,Cambium,Diligence/Cost Parity/Cambium Data Room 2024 _ Supplemental Documentation 2/Legal (Supplementary Docs)/Company Minute Book and Corporate Records/Transaction Documents/Acquisition of Lumber Tracker/Asset Purchase Agreement/Drafts/FINAL -  Asset Purchase Agreement - Cambium Carbon PBC.doc,COMPANIES/Cambium/02_Financing_and_Legal/FINAL - Asset Purchase Agreement - Cambium Carbon PBC.doc,PLACED,02 Financing & Legal,True,moved,True
F00456,Cambium,Diligence/Cost Parity/Cambium Data Room 2024 _ Supplemental Documentation 2/Legal (Supplementary Docs)/Company Minute Book and Corporate Records/Transaction Documents/Acquisition of Lumber Tracker/Asset Purchase Agreement/Drafts/Final v. v3  Redline .docx,COMPANIES/Cambium/02_Financing_and_Legal/Final v. v3 Redline.docx,PLACED,02 Financing & Legal,True,moved,True
F00457,Cambium,"Diligence/Cost Parity/Cambium Data Room 2024 _ Supplemental Documentation 2/Legal (Supplementary Docs)/Company Minute Book and Corporate Records/Transaction Documents/Acquisition of Lumber Tracker/Asset Purchase Agreement/Drafts/REDLINE v2-3 - Asset Purchase Agreement (Cambium, Lumber Tracker, Taddiken).docx","COMPANIES/Cambium/02_Financing_and_Legal/REDLINE v2-3 - Asset Purchase Agreement (Cambium, Lumber Tracker, Taddiken).docx",PLACED,02 Financing & Legal,False,moved,True
F00458,Cambium,Diligence/Cost Parity/Cambium Data Room 2024 _ Supplemental Documentation 2/Legal (Supplementary Docs)/Company Minute Book and Corporate Records/Transaction Documents/Acquisition of Lumber Tracker/Asset Purchase Agreement/Drafts/v1 Asset Purchase Agreement - Cambium Carbon PBC.doc,COMPANIES/Cambium/14_Historical_Superseded/v1 Asset Purchase Agreement - Cambium Carbon PBC.doc,SUPERSEDED,14 Historical / Superseded,False,moved,True
F00459,Cambium,Diligence/Cost Parity/Cambium Data Room 2024 _ Supplemental Documentation 2/Legal (Supplementary Docs)/Company Minute Book and Corporate Records/Transaction Documents/Acquisition of Lumber Tracker/Asset Purchase Agreement/Drafts/v2 (LT CLEAN) Asset Purchase Agreement - Cambium Carbon PBC[70] (1).doc,COMPANIES/Cambium/02_Financing_and_Legal/v2 (LT CLEAN) Asset Purchase Agreement - Cambium Carbon PBC[70] (1).doc,PLACED,02 Financing & Legal,False,moved,True
F00460,Cambium,Diligence/Cost Parity/Cambium Data Room 2024 _ Supplemental Documentation 2/Legal (Supplementary Docs)/Company Minute Book and Corporate Records/Transaction Documents/Acquisition of Lumber Tracker/Asset Purchase Agreement/Drafts/v2 (LT Edits) Asset Purchase Agreement - Cambium Carbon PBC[70] (1).doc,COMPANIES/Cambium/02_Financing_and_Legal/v2 (LT Edits) Asset Purchase Agreement - Cambium Carbon PBC[70] (1).doc,PLACED,02 Financing & Legal,False,moved,True
F00461,Cambium,Diligence/Cost Parity/Cambium Data Room 2024 _ Supplemental Documentation 2/Legal (Supplementary Docs)/Company Minute Book and Corporate Records/Transaction Documents/Acquisition of Lumber Tracker/Asset Purchase Agreement/Drafts/v3 (CLEAN) Asset Purchase Agreement - Cambium Carbon PBC.doc,COMPANIES/Cambium/14_Historical_Superseded/v3 (CLEAN) Asset Purchase Agreement - Cambium Carbon PBC.doc,SUPERSEDED,14 Historical / Superseded,False,moved,True
F00462,Cambium,Diligence/Cost Parity/Cambium Data Room 2024 _ Supplemental Documentation 2/Legal (Supplementary Docs)/Company Minute Book and Corporate Records/Transaction Documents/Acquisition of Lumber Tracker/Asset Purchase Agreement/Drafts/v3 (RVL edits_comments) Asset Purchase Agreement - Cambium Carbon PBC.doc,COMPANIES/Cambium/02_Financing_and_Legal/v3 (RVL edits_comments) Asset Purchase Agreement - Cambium Carbon PBC.doc,PLACED,02 Financing & Legal,False,moved,True
F00463,Cambium,Diligence/Cost Parity/Cambium Data Room 2024 _ Supplemental Documentation 2/Legal (Supplementary Docs)/Company Minute Book and Corporate Records/Transaction Documents/Acquisition of Lumber Tracker/Asset Purchase Agreement/Drafts/v4 (CLEAN) Asset Purchase Agreement - Cambium Carbon PBC.doc,COMPANIES/Cambium/14_Historical_Superseded/v4 (CLEAN) Asset Purchase Agreement - Cambium Carbon PBC.doc,SUPERSEDED,14 Historical / Superseded,False,moved,True
F00464,Cambium,Diligence/Cost Parity/Cambium Data Room 2024 _ Supplemental Documentation 2/Legal (Supplementary Docs)/Company Minute Book and Corporate Records/Transaction Documents/Acquisition of Lumber Tracker/Asset Purchase Agreement/Drafts/Exhibits/Stock Plan - Cambium Carbon PBC.pdf,COMPANIES/Cambium/02_Financing_and_Legal/Stock Plan - Cambium Carbon PBC__F00464.pdf,PLACED,02 Financing & Legal,False,moved,True
F00465,Cambium,"Diligence/Cost Parity/Cambium Data Room 2024 _ Supplemental Documentation 2/Legal (Supplementary Docs)/Company Minute Book and Corporate Records/Transaction Documents/Acquisition of Lumber Tracker/Asset Purchase Agreement/Drafts/Exhibits/Exhibit A - Assignment and Assumption/v1 Exhibit A - Assignment and Assumption Agreement (Cambium, Lumber Tracker, Taddiken).doc","COMPANIES/Cambium/14_Historical_Superseded/v1 Exhibit A - Assignment and Assumption Agreement (Cambium, Lumber Tracker, Taddiken).doc",SUPERSEDED,14 Historical / Superseded,False,moved,True
F00466,Cambium,"Diligence/Cost Parity/Cambium Data Room 2024 _ Supplemental Documentation 2/Legal (Supplementary Docs)/Company Minute Book and Corporate Records/Transaction Documents/Acquisition of Lumber Tracker/Asset Purchase Agreement/Drafts/Exhibits/Exhibit A - Assignment and Assumption/v2 (LT CLEAN) Exhibit A - Assignment and Assumption Agreement (Cambium, Lumber Tracker, Taddiken)[41].doc","COMPANIES/Cambium/02_Financing_and_Legal/v2 (LT CLEAN) Exhibit A - Assignment and Assumption Agreement (Cambium, Lumber Tracker, Taddiken)[41].doc",PLACED,02 Financing & Legal,False,moved,True
F00467,Cambium,"Diligence/Cost Parity/Cambium Data Room 2024 _ Supplemental Documentation 2/Legal (Supplementary Docs)/Company Minute Book and Corporate Records/Transaction Documents/Acquisition of Lumber Tracker/Asset Purchase Agreement/Drafts/Exhibits/Exhibit A - Assignment and Assumption/v2 (LT Edits) Exhibit A - Assignment and Assumption Agreement (Cambium, Lumber Tracker, Taddiken)[41].doc","COMPANIES/Cambium/02_Financing_and_Legal/v2 (LT Edits) Exhibit A - Assignment and Assumption Agreement (Cambium, Lumber Tracker, Taddiken)[41].doc",PLACED,02 Financing & Legal,False,moved,True
F00468,Cambium,"Diligence/Cost Parity/Cambium Data Room 2024 _ Supplemental Documentation 2/Legal (Supplementary Docs)/Company Minute Book and Corporate Records/Transaction Documents/Acquisition of Lumber Tracker/Asset Purchase Agreement/Drafts/Exhibits/Exhibit A - Assignment and Assumption/v3 (Clean) Exhibit A - Assignment and Assumption Agreement (Cambium, Lumber Tracker, Taddiken).doc","COMPANIES/Cambium/02_Financing_and_Legal/v3 (Clean) Exhibit A - Assignment and Assumption Agreement (Cambium, Lumber Tracker, Taddiken).doc",PLACED,02 Financing & Legal,False,moved,True
F00469,Cambium,"Diligence/Cost Parity/Cambium Data Room 2024 _ Supplemental Documentation 2/Legal (Supplementary Docs)/Company Minute Book and Corporate Records/Transaction Documents/Acquisition of Lumber Tracker/Asset Purchase Agreement/Drafts/Exhibits/Exhibit A - Assignment and Assumption/v3 (RVL Edits) Exhibit A - Assignment and Assumption Agreement (Cambium, Lumber Tracker, Taddiken)[41].doc","COMPANIES/Cambium/02_Financing_and_Legal/v3 (RVL Edits) Exhibit A - Assignment and Assumption Agreement (Cambium, Lumber Tracker, Taddiken)[41].doc",PLACED,02 Financing & Legal,False,moved,True
F00470,Cambium,Diligence/Cost Parity/Cambium Data Room 2024 _ Supplemental Documentation 2/Legal (Supplementary Docs)/Company Minute Book and Corporate Records/Transaction Documents/Acquisition of Lumber Tracker/Asset Purchase Agreement/Drafts/Exhibits/Exhibit B - Transition Services Agreement/Exhibit B - Transition Services Agreement (Cambium - Taddiken).doc,COMPANIES/Cambium/14_Historical_Superseded/Exhibit B - Transition Services Agreement (Cambium - Taddiken).doc,SUPERSEDED,14 Historical / Superseded,False,moved,True
F00471,Cambium,Diligence/Cost Parity/Cambium Data Room 2024 _ Supplemental Documentation 2/Legal (Supplementary Docs)/Company Minute Book and Corporate Records/Transaction Documents/Acquisition of Lumber Tracker/Asset Purchase Agreement/Drafts/Exhibits/Exhibit B - Transition Services Agreement/Final - Exhibit B - Transition Services Agreement (Cambium - Taddiken).pdf,COMPANIES/Cambium/02_Financing_and_Legal/Final - Exhibit B - Transition Services Agreement (Cambium - Taddiken).pdf,PLACED,02 Financing & Legal,False,moved,True
F00472,Cambium,Diligence/Cost Parity/Cambium Data Room 2024 _ Supplemental Documentation 2/Legal (Supplementary Docs)/Company Minute Book and Corporate Records/Transaction Documents/Acquisition of Lumber Tracker/Asset Purchase Agreement/Drafts/Exhibits/Exhibit B - Transition Services Agreement/REDLINE v2-3 Exhibit B - Transition Services Agreement.docx,COMPANIES/Cambium/02_Financing_and_Legal/REDLINE v2-3 Exhibit B - Transition Services Agreement.docx,PLACED,02 Financing & Legal,False,moved,True
F00473,Cambium,Diligence/Cost Parity/Cambium Data Room 2024 _ Supplemental Documentation 2/Legal (Supplementary Docs)/Company Minute Book and Corporate Records/Transaction Documents/Acquisition of Lumber Tracker/Asset Purchase Agreement/Drafts/Exhibits/Exhibit B - Transition Services Agreement/v2 (LT CLEAN) Exhibit B - Transition Services Agreement (Cambium - Taddiken)[72].doc,COMPANIES/Cambium/02_Financing_and_Legal/v2 (LT CLEAN) Exhibit B - Transition Services Agreement (Cambium - Taddiken)[72].doc,PLACED,02 Financing & Legal,False,moved,True
F00474,Cambium,Diligence/Cost Parity/Cambium Data Room 2024 _ Supplemental Documentation 2/Legal (Supplementary Docs)/Company Minute Book and Corporate Records/Transaction Documents/Acquisition of Lumber Tracker/Asset Purchase Agreement/Drafts/Exhibits/Exhibit B - Transition Services Agreement/v2 (LT edits) Exhibit B - Transition Services Agreement (Cambium - Taddiken)[72].doc,COMPANIES/Cambium/02_Financing_and_Legal/v2 (LT edits) Exhibit B - Transition Services Agreement (Cambium - Taddiken)[72].doc,PLACED,02 Financing & Legal,False,moved,True
F00475,Cambium,Diligence/Cost Parity/Cambium Data Room 2024 _ Supplemental Documentation 2/Legal (Supplementary Docs)/Company Minute Book and Corporate Records/Transaction Documents/Acquisition of Lumber Tracker/Asset Purchase Agreement/Drafts/Exhibits/Exhibit B - Transition Services Agreement/v3 (RVL CLEAN) Exhibit B - Transition Services Agreement (Cambium - Taddiken).doc,COMPANIES/Cambium/02_Financing_and_Legal/v3 (RVL CLEAN) Exhibit B - Transition Services Agreement (Cambium - Taddiken).doc,PLACED,02 Financing & Legal,False,moved,True
F00476,Cambium,Diligence/Cost Parity/Cambium Data Room 2024 _ Supplemental Documentation 2/Legal (Supplementary Docs)/Company Minute Book and Corporate Records/Transaction Documents/Acquisition of Lumber Tracker/Asset Purchase Agreement/Drafts/Exhibits/Exhibit B - Transition Services Agreement/v3 (RVL edits) Exhibit B - Transition Services Agreement (Cambium - Taddiken)[72].doc,COMPANIES/Cambium/02_Financing_and_Legal/v3 (RVL edits) Exhibit B - Transition Services Agreement (Cambium - Taddiken)[72].doc,PLACED,02 Financing & Legal,False,moved,True
F00477,Cambium,Diligence/Cost Parity/Cambium Data Room 2024 _ Supplemental Documentation 2/Legal (Supplementary Docs)/Company Minute Book and Corporate Records/Transaction Documents/Acquisition of Lumber Tracker/Asset Purchase Agreement/Drafts/Exhibits/Exhibit C - Stock Option Agreement/REDLINE v2-3 - Exhibit C - Stock Option Award Agreement.docx,COMPANIES/Cambium/02_Financing_and_Legal/REDLINE v2-3 - Exhibit C - Stock Option Award Agreement.docx,PLACED,02 Financing & Legal,False,moved,True
F00478,Cambium,Diligence/Cost Parity/Cambium Data Room 2024 _ Supplemental Documentation 2/Legal (Supplementary Docs)/Company Minute Book and Corporate Records/Transaction Documents/Acquisition of Lumber Tracker/Asset Purchase Agreement/Drafts/Exhibits/Exhibit C - Stock Option Agreement/v1 Exhibit C - Stock Option Award Agreement - Cambium Carbon PBC - A. Taddiken.docx,COMPANIES/Cambium/14_Historical_Superseded/v1 Exhibit C - Stock Option Award Agreement - Cambium Carbon PBC - A. Taddiken.docx,SUPERSEDED,14 Historical / Superseded,False,moved,True
F00479,Cambium,Diligence/Cost Parity/Cambium Data Room 2024 _ Supplemental Documentation 2/Legal (Supplementary Docs)/Company Minute Book and Corporate Records/Transaction Documents/Acquisition of Lumber Tracker/Asset Purchase Agreement/Drafts/Exhibits/Exhibit C - Stock Option Agreement/v2 (LT CLEAN) Exhibit C - Stock Option Award Agreement - Cambium Carbon PBC - A. Taddiken[34].docx,COMPANIES/Cambium/02_Financing_and_Legal/v2 (LT CLEAN) Exhibit C - Stock Option Award Agreement - Cambium Carbon PBC - A. Taddiken[34].docx,PLACED,02 Financing & Legal,False,moved,True
F00480,Cambium,Diligence/Cost Parity/Cambium Data Room 2024 _ Supplemental Documentation 2/Legal (Supplementary Docs)/Company Minute Book and Corporate Records/Transaction Documents/Acquisition of Lumber Tracker/Asset Purchase Agreement/Drafts/Exhibits/Exhibit C - Stock Option Agreement/v2 (LT Edits) Exhibit C - Stock Option Award Agreement - Cambium Carbon PBC - A. Taddiken[34].docx,COMPANIES/Cambium/02_Financing_and_Legal/v2 (LT Edits) Exhibit C - Stock Option Award Agreement - Cambium Carbon PBC - A. Taddiken[34].docx,PLACED,02 Financing & Legal,False,moved,True
F00481,Cambium,Diligence/Cost Parity/Cambium Data Room 2024 _ Supplemental Documentation 2/Legal (Supplementary Docs)/Company Minute Book and Corporate Records/Transaction Documents/Acquisition of Lumber Tracker/Asset Purchase Agreement/Drafts/Exhibits/Exhibit C - Stock Option Agreement/v3 (CLEAN) Exhibit C - Stock Option Award Agreement - Cambium Carbon PBC - A. Taddiken.docx,COMPANIES/Cambium/02_Financing_and_Legal/v3 (CLEAN) Exhibit C - Stock Option Award Agreement - Cambium Carbon PBC - A. Taddiken.docx,PLACED,02 Financing & Legal,False,moved,True
F00482,Cambium,Diligence/Cost Parity/Cambium Data Room 2024 _ Supplemental Documentation 2/Legal (Supplementary Docs)/Company Minute Book and Corporate Records/Transaction Documents/Acquisition of Lumber Tracker/Asset Purchase Agreement/Drafts/Exhibits/Exhibit C - Stock Option Agreement/v3 (RVL edits) Exhibit C - Stock Option Award Agreement - Cambium Carbon PBC - A. Taddiken[34].docx,COMPANIES/Cambium/02_Financing_and_Legal/v3 (RVL edits) Exhibit C - Stock Option Award Agreement - Cambium Carbon PBC - A. Taddiken[34].docx,PLACED,02 Financing & Legal,False,moved,True
F00483,Cambium,Diligence/Cost Parity/Cambium Data Room 2024 _ Supplemental Documentation 2/Legal (Supplementary Docs)/Company Minute Book and Corporate Records/Transaction Documents/Acquisition of Lumber Tracker/Asset Purchase Agreement/For Signature/FINAL (Compiled) -  Asset Purchase Agreement - Cambium Carbon PBC.pdf,COMPANIES/Cambium/02_Financing_and_Legal/FINAL (Compiled) - Asset Purchase Agreement - Cambium Carbon PBC.pdf,PLACED,02 Financing & Legal,True,moved,True
F00484,Cambium,Diligence/Cost Parity/Cambium Data Room 2024 _ Supplemental Documentation 2/Legal (Supplementary Docs)/Company Minute Book and Corporate Records/Transaction Documents/Acquisition of Lumber Tracker/Asset Purchase Agreement/For Signature/FINAL -  Asset Purchase Agreement - Cambium Carbon PBC.pdf,COMPANIES/Cambium/02_Financing_and_Legal/FINAL - Asset Purchase Agreement - Cambium Carbon PBC.pdf,PLACED,02 Financing & Legal,True,moved,True
F00485,Cambium,Diligence/Cost Parity/Cambium Data Room 2024 _ Supplemental Documentation 2/Legal (Supplementary Docs)/Company Minute Book and Corporate Records/Transaction Documents/Acquisition of Lumber Tracker/Asset Purchase Agreement/For Signature/FINAL -  Exhibit C.pdf,COMPANIES/Cambium/02_Financing_and_Legal/FINAL - Exhibit C.pdf,PLACED,02 Financing & Legal,True,moved,True
F00486,Cambium,"Diligence/Cost Parity/Cambium Data Room 2024 _ Supplemental Documentation 2/Legal (Supplementary Docs)/Company Minute Book and Corporate Records/Transaction Documents/Acquisition of Lumber Tracker/Asset Purchase Agreement/For Signature/Final - Exhibit A - Assignment and Assumption Agreement (Cambium, Lumber Tracker, Taddiken).pdf","COMPANIES/Cambium/02_Financing_and_Legal/Final - Exhibit A - Assignment and Assumption Agreement (Cambium, Lumber Tracker, Taddiken).pdf",PLACED,02 Financing & Legal,False,moved,True
F00487,Cambium,Diligence/Cost Parity/Cambium Data Room 2024 _ Supplemental Documentation 2/Legal (Supplementary Docs)/Company Minute Book and Corporate Records/Transaction Documents/Acquisition of Lumber Tracker/Asset Purchase Agreement/For Signature/Final - Exhibit B - Transition Services Agreement (Cambium - Taddiken).pdf,COMPANIES/Cambium/02_Financing_and_Legal/Final - Exhibit B - Transition Services Agreement (Cambium - Taddiken)__F00487.pdf,PLACED,02 Financing & Legal,False,moved,True
F00488,Cambium,Diligence/Cost Parity/Cambium Data Room 2024 _ Supplemental Documentation 2/Legal (Supplementary Docs)/Company Minute Book and Corporate Records/Transaction Documents/Acquisition of Lumber Tracker/Asset Purchase Agreement/For Signature/Stock Plan - Cambium Carbon PBC.pdf,COMPANIES/Cambium/02_Financing_and_Legal/Stock Plan - Cambium Carbon PBC__F00488.pdf,PLACED,02 Financing & Legal,False,moved,True
F00489,Cambium,Diligence/Cost Parity/Cambium Data Room 2024 _ Supplemental Documentation 2/Legal (Supplementary Docs)/Company Minute Book and Corporate Records/Transaction Documents/Acquisition of Lumber Tracker/Asset Purchase Agreement/Not used/V2 (LT EDITS) _Asset Purchase Agreement - Cambium Carbon PBC[70].doc,COMPANIES/Cambium/02_Financing_and_Legal/V2 (LT EDITS) _Asset Purchase Agreement - Cambium Carbon PBC[70].doc,PLACED,02 Financing & Legal,False,moved,True
F00490,Cambium,Diligence/Cost Parity/Cambium Data Room 2024 _ Supplemental Documentation 2/Legal (Supplementary Docs)/Company Minute Book and Corporate Records/Transaction Documents/Acquisition of Lumber Tracker/LT Legal Due Diligence Folder/Legal Due Diligence Request List - Cambium Carbon - Lumber Tracker copy.docx,COMPANIES/Cambium/10_Technical_and_Diligence/Legal Due Diligence Request List - Cambium Carbon - Lumber Tracker copy.docx,PLACED,10 Technical & Diligence,False,moved,True
F00491,Cambium,Diligence/Cost Parity/Cambium Data Room 2024 _ Supplemental Documentation 2/Legal (Supplementary Docs)/Company Minute Book and Corporate Records/Transaction Documents/Acquisition of Lumber Tracker/LT Legal Due Diligence Folder/Legal Due Diligence Request List - Cambium Carbon - Lumber Tracker.docx,COMPANIES/Cambium/14_Historical_Superseded/Legal Due Diligence Request List - Cambium Carbon - Lumber Tracker.docx,SUPERSEDED,14 Historical / Superseded,False,moved,True
F00492,Cambium,Diligence/Cost Parity/Cambium Data Room 2024 _ Supplemental Documentation 2/Legal (Supplementary Docs)/Company Minute Book and Corporate Records/Transaction Documents/Acquisition of Lumber Tracker/LT Legal Due Diligence Folder/Legal Due Diligence Request List.docx,COMPANIES/Cambium/10_Technical_and_Diligence/Legal Due Diligence Request List.docx,PLACED,10 Technical & Diligence,False,moved,True
F00493,Cambium,Diligence/Cost Parity/Cambium Data Room 2024 _ Supplemental Documentation 2/Legal (Supplementary Docs)/Company Minute Book and Corporate Records/Transaction Documents/Acquisition of Lumber Tracker/LT Legal Due Diligence Folder/Tech Audit _ Due Diligence Completed V1.docx,COMPANIES/Cambium/10_Technical_and_Diligence/Tech Audit _ Due Diligence Completed V1.docx,PLACED,10 Technical & Diligence,False,moved,True
F00494,Cambium,Diligence/Cost Parity/Cambium Data Room 2024 _ Supplemental Documentation 2/Legal (Supplementary Docs)/Company Minute Book and Corporate Records/Transaction Documents/Acquisition of Lumber Tracker/LT Legal Due Diligence Folder/GDSoft Agreements/Amended and Restated LumberTracker GDsoft Agreement.doc,COMPANIES/Cambium/10_Technical_and_Diligence/Amended and Restated LumberTracker GDsoft Agreement.doc,PLACED,10 Technical & Diligence,False,moved,True
F00495,Cambium,Diligence/Cost Parity/Cambium Data Room 2024 _ Supplemental Documentation 2/Legal (Supplementary Docs)/Company Minute Book and Corporate Records/Transaction Documents/Acquisition of Lumber Tracker/LT Legal Due Diligence Folder/GDSoft Agreements/GDSoft - Lumber Tracker Development Agreement.pdf,COMPANIES/Cambium/10_Technical_and_Diligence/GDSoft - Lumber Tracker Development Agreement.pdf,PLACED,10 Technical & Diligence,False,moved,True
F00496,Cambium,Diligence/Cost Parity/Cambium Data Room 2024 _ Supplemental Documentation 2/Legal (Supplementary Docs)/Company Minute Book and Corporate Records/Transaction Documents/Acquisition of Lumber Tracker/LT Legal Due Diligence Folder/GDSoft Agreements/Lumber-Tracker-gdSoft_NDA.doc,COMPANIES/Cambium/10_Technical_and_Diligence/Lumber-Tracker-gdSoft_NDA.doc,PLACED,10 Technical & Diligence,False,moved,True
F00497,Cambium,Diligence/Cost Parity/Cambium Data Room 2024 _ Supplemental Documentation 2/Legal (Supplementary Docs)/Company Minute Book and Corporate Records/Transaction Documents/Acquisition of Lumber Tracker/LT Legal Due Diligence Folder/GDSoft Agreements/gdSoft NDA 6.22 signed.pdf,COMPANIES/Cambium/10_Technical_and_Diligence/gdSoft NDA 6.22 signed.pdf,PLACED,10 Technical & Diligence,False,moved,True
F00498,Cambium,Diligence/Cost Parity/Cambium Data Room 2024 _ Supplemental Documentation 2/Legal (Supplementary Docs)/Company Minute Book and Corporate Records/Transaction Documents/Acquisition of Lumber Tracker/LT Legal Due Diligence Folder/Lumber Tracker/Financials/2019 Scedule C Lumber Tracker.pdf,COMPANIES/Cambium/10_Technical_and_Diligence/2019 Scedule C Lumber Tracker.pdf,PLACED,10 Technical & Diligence,False,moved,True
F00499,Cambium,Diligence/Cost Parity/Cambium Data Room 2024 _ Supplemental Documentation 2/Legal (Supplementary Docs)/Company Minute Book and Corporate Records/Transaction Documents/Acquisition of Lumber Tracker/LT Legal Due Diligence Folder/Lumber Tracker/Financials/Balance Sheet 1-2021.pdf,COMPANIES/Cambium/04_Financials_and_Models/Balance Sheet 1-2021.pdf,PLACED,04 Financials & Models,False,moved,True
F00500,Cambium,Diligence/Cost Parity/Cambium Data Room 2024 _ Supplemental Documentation 2/Legal (Supplementary Docs)/Company Minute Book and Corporate Records/Transaction Documents/Acquisition of Lumber Tracker/LT Legal Due Diligence Folder/Lumber Tracker/Financials/Balance Sheet 2-2021.pdf,COMPANIES/Cambium/04_Financials_and_Models/Balance Sheet 2-2021.pdf,PLACED,04 Financials & Models,False,moved,True
F00501,Cambium,Diligence/Cost Parity/Cambium Data Room 2024 _ Supplemental Documentation 2/Legal (Supplementary Docs)/Company Minute Book and Corporate Records/Transaction Documents/Acquisition of Lumber Tracker/LT Legal Due Diligence Folder/Lumber Tracker/Financials/Balance Sheet 2020.pdf,COMPANIES/Cambium/04_Financials_and_Models/Balance Sheet 2020.pdf,PLACED,04 Financials & Models,False,moved,True
F00502,Cambium,Diligence/Cost Parity/Cambium Data Room 2024 _ Supplemental Documentation 2/Legal (Supplementary Docs)/Company Minute Book and Corporate Records/Transaction Documents/Acquisition of Lumber Tracker/LT Legal Due Diligence Folder/Lumber Tracker/Financials/Balance Sheet 3-2021.pdf,COMPANIES/Cambium/04_Financials_and_Models/Balance Sheet 3-2021.pdf,PLACED,04 Financials & Models,False,moved,True
F00503,Cambium,Diligence/Cost Parity/Cambium Data Room 2024 _ Supplemental Documentation 2/Legal (Supplementary Docs)/Company Minute Book and Corporate Records/Transaction Documents/Acquisition of Lumber Tracker/LT Legal Due Diligence Folder/Lumber Tracker/Financials/Balance Sheet 4-2021.pdf,COMPANIES/Cambium/04_Financials_and_Models/Balance Sheet 4-2021.pdf,PLACED,04 Financials & Models,False,moved,True
F00504,Cambium,Diligence/Cost Parity/Cambium Data Room 2024 _ Supplemental Documentation 2/Legal (Supplementary Docs)/Company Minute Book and Corporate Records/Transaction Documents/Acquisition of Lumber Tracker/LT Legal Due Diligence Folder/Lumber Tracker/Financials/Balance Sheet 5-2021.pdf,COMPANIES/Cambium/04_Financials_and_Models/Balance Sheet 5-2021.pdf,PLACED,04 Financials & Models,False,moved,True
F00505,Cambium,Diligence/Cost Parity/Cambium Data Room 2024 _ Supplemental Documentation 2/Legal (Supplementary Docs)/Company Minute Book and Corporate Records/Transaction Documents/Acquisition of Lumber Tracker/LT Legal Due Diligence Folder/Lumber Tracker/Financials/Balance Sheet 6-17-2021 MTD.pdf,COMPANIES/Cambium/04_Financials_and_Models/Balance Sheet 6-17-2021 MTD.pdf,PLACED,04 Financials & Models,False,moved,True
F00506,Cambium,Diligence/Cost Parity/Cambium Data Room 2024 _ Supplemental Documentation 2/Legal (Supplementary Docs)/Company Minute Book and Corporate Records/Transaction Documents/Acquisition of Lumber Tracker/LT Legal Due Diligence Folder/Lumber Tracker/Financials/Balance Sheet 6-17-2021 YTD.pdf,COMPANIES/Cambium/04_Financials_and_Models/Balance Sheet 6-17-2021 YTD.pdf,PLACED,04 Financials & Models,False,moved,True
F00507,Cambium,Diligence/Cost Parity/Cambium Data Room 2024 _ Supplemental Documentation 2/Legal (Supplementary Docs)/Company Minute Book and Corporate Records/Transaction Documents/Acquisition of Lumber Tracker/LT Legal Due Diligence Folder/Lumber Tracker/Financials/BalanceSheet 2019.pdf,COMPANIES/Cambium/10_Technical_and_Diligence/BalanceSheet 2019.pdf,PLACED,10 Technical & Diligence,False,moved,True
F00508,Cambium,Diligence/Cost Parity/Cambium Data Room 2024 _ Supplemental Documentation 2/Legal (Supplementary Docs)/Company Minute Book and Corporate Records/Transaction Documents/Acquisition of Lumber Tracker/LT Legal Due Diligence Folder/Lumber Tracker/Financials/Profit and Loss 1-2021.pdf,COMPANIES/Cambium/04_Financials_and_Models/Profit and Loss 1-2021.pdf,PLACED,04 Financials & Models,False,moved,True
F00509,Cambium,Diligence/Cost Parity/Cambium Data Room 2024 _ Supplemental Documentation 2/Legal (Supplementary Docs)/Company Minute Book and Corporate Records/Transaction Documents/Acquisition of Lumber Tracker/LT Legal Due Diligence Folder/Lumber Tracker/Financials/Profit and Loss 2-2021.pdf,COMPANIES/Cambium/04_Financials_and_Models/Profit and Loss 2-2021.pdf,PLACED,04 Financials & Models,False,moved,True
F00510,Cambium,Diligence/Cost Parity/Cambium Data Room 2024 _ Supplemental Documentation 2/Legal (Supplementary Docs)/Company Minute Book and Corporate Records/Transaction Documents/Acquisition of Lumber Tracker/LT Legal Due Diligence Folder/Lumber Tracker/Financials/Profit and Loss 3-21.pdf,COMPANIES/Cambium/04_Financials_and_Models/Profit and Loss 3-21.pdf,PLACED,04 Financials & Models,False,moved,True
F00511,Cambium,Diligence/Cost Parity/Cambium Data Room 2024 _ Supplemental Documentation 2/Legal (Supplementary Docs)/Company Minute Book and Corporate Records/Transaction Documents/Acquisition of Lumber Tracker/LT Legal Due Diligence Folder/Lumber Tracker/Financials/Profit and Loss 4-2021.pdf,COMPANIES/Cambium/04_Financials_and_Models/Profit and Loss 4-2021.pdf,PLACED,04 Financials & Models,False,moved,True
F00512,Cambium,Diligence/Cost Parity/Cambium Data Room 2024 _ Supplemental Documentation 2/Legal (Supplementary Docs)/Company Minute Book and Corporate Records/Transaction Documents/Acquisition of Lumber Tracker/LT Legal Due Diligence Folder/Lumber Tracker/Financials/Profit and Loss 5-2021.pdf,COMPANIES/Cambium/04_Financials_and_Models/Profit and Loss 5-2021.pdf,PLACED,04 Financials & Models,False,moved,True
F00513,Cambium,Diligence/Cost Parity/Cambium Data Room 2024 _ Supplemental Documentation 2/Legal (Supplementary Docs)/Company Minute Book and Corporate Records/Transaction Documents/Acquisition of Lumber Tracker/LT Legal Due Diligence Folder/Lumber Tracker/Financials/Profit and Loss 6-17-2021 MTD.pdf,COMPANIES/Cambium/04_Financials_and_Models/Profit and Loss 6-17-2021 MTD.pdf,PLACED,04 Financials & Models,False,moved,True
F00514,Cambium,Diligence/Cost Parity/Cambium Data Room 2024 _ Supplemental Documentation 2/Legal (Supplementary Docs)/Company Minute Book and Corporate Records/Transaction Documents/Acquisition of Lumber Tracker/LT Legal Due Diligence Folder/Lumber Tracker/Financials/Profit and Loss 6-17-2021 YTD .pdf,COMPANIES/Cambium/04_Financials_and_Models/Profit and Loss 6-17-2021 YTD.pdf,PLACED,04 Financials & Models,True,moved,True
F00515,Cambium,Diligence/Cost Parity/Cambium Data Room 2024 _ Supplemental Documentation 2/Legal (Supplementary Docs)/Company Minute Book and Corporate Records/Transaction Documents/Acquisition of Lumber Tracker/LT Legal Due Diligence Folder/Lumber Tracker/Financials/ProfitandLoss -2019.pdf,COMPANIES/Cambium/14_Historical_Superseded/ProfitandLoss -2019.pdf,SUPERSEDED,14 Historical / Superseded,False,moved,True
F00516,Cambium,Diligence/Cost Parity/Cambium Data Room 2024 _ Supplemental Documentation 2/Legal (Supplementary Docs)/Company Minute Book and Corporate Records/Transaction Documents/Acquisition of Lumber Tracker/LT Legal Due Diligence Folder/Lumber Tracker/Financials/ProfitandLoss-2020.pdf,COMPANIES/Cambium/10_Technical_and_Diligence/ProfitandLoss-2020.pdf,PLACED,10 Technical & Diligence,False,moved,True
F00517,Cambium,Diligence/Cost Parity/Cambium Data Room 2024 _ Supplemental Documentation 2/Legal (Supplementary Docs)/Company Minute Book and Corporate Records/Transaction Documents/Acquisition of Lumber Tracker/LT Legal Due Diligence Folder/Lumber Tracker/Financials/SCHEDULE C 2020 Lumber Tracker.pdf,COMPANIES/Cambium/10_Technical_and_Diligence/SCHEDULE C 2020 Lumber Tracker.pdf,PLACED,10 Technical & Diligence,False,moved,True
F00518,Cambium,Diligence/Cost Parity/Cambium Data Room 2024 _ Supplemental Documentation 2/Legal (Supplementary Docs)/Company Minute Book and Corporate Records/Transaction Documents/Acquisition of Lumber Tracker/LT Legal Due Diligence Folder/Lumber Tracker/Legal/LT articles of organization 2019.pdf,COMPANIES/Cambium/10_Technical_and_Diligence/LT articles of organization 2019.pdf,PLACED,10 Technical & Diligence,False,moved,True
F00519,Cambium,Diligence/Cost Parity/Cambium Data Room 2024 _ Supplemental Documentation 2/Legal (Supplementary Docs)/Company Minute Book and Corporate Records/Transaction Documents/Acquisition of Lumber Tracker/LT Legal Due Diligence Folder/Lumber Tracker/Legal/Lumber Tracker operating Agreement 2019.pdf,COMPANIES/Cambium/02_Financing_and_Legal/Lumber Tracker operating Agreement 2019.pdf,PLACED,02 Financing & Legal,False,moved,True
F00520,Cambium,Diligence/Cost Parity/Cambium Data Room 2024 _ Supplemental Documentation 2/Legal (Supplementary Docs)/Company Minute Book and Corporate Records/Transaction Documents/Acquisition of Lumber Tracker/LT Legal Due Diligence Folder/Lumber Tracker/NDA_s/Greg gdSoft NDA/nda_lt.docx,COMPANIES/Cambium/10_Technical_and_Diligence/nda_lt.docx,PLACED,10 Technical & Diligence,False,moved,True
F00521,Cambium,Diligence/Cost Parity/Cambium Data Room 2024 _ Supplemental Documentation 2/Legal (Supplementary Docs)/Company Minute Book and Corporate Records/Transaction Documents/Acquisition of Lumber Tracker/LT Legal Due Diligence Folder/Lumber Tracker/NDA_s/Greg gdSoft NDA/nda_lt.pdf,COMPANIES/Cambium/14_Historical_Superseded/nda_lt.pdf,SUPERSEDED,14 Historical / Superseded,False,moved,True
F00522,Cambium,Diligence/Cost Parity/Cambium Data Room 2024 _ Supplemental Documentation 2/Legal (Supplementary Docs)/Company Minute Book and Corporate Records/Transaction Documents/Conversion to PBC/Merger Checklist Cambium Carbon.docx,COMPANIES/Cambium/02_Financing_and_Legal/Merger Checklist Cambium Carbon.docx,PLACED,02 Financing & Legal,False,moved,True
F00523,Cambium,Diligence/Cost Parity/Cambium Data Room 2024 _ Supplemental Documentation 2/Legal (Supplementary Docs)/Company Minute Book and Corporate Records/Transaction Documents/Conversion to PBC/Executed Documents/Certificate of Incorporation of Cambium Carbon PBC.pdf,COMPANIES/Cambium/02_Financing_and_Legal/Certificate of Incorporation of Cambium Carbon PBC.pdf,PLACED,02 Financing & Legal,False,moved,True
F00524,Cambium,Diligence/Cost Parity/Cambium Data Room 2024 _ Supplemental Documentation 2/Legal (Supplementary Docs)/Company Minute Book and Corporate Records/Transaction Documents/Conversion to PBC/Executed Documents/Certificate of Merger Cambium Carbon - signed.pdf,COMPANIES/Cambium/02_Financing_and_Legal/Certificate of Merger Cambium Carbon - signed.pdf,PLACED,02 Financing & Legal,False,moved,True
F00525,Cambium,Diligence/Cost Parity/Cambium Data Room 2024 _ Supplemental Documentation 2/Legal (Supplementary Docs)/Company Minute Book and Corporate Records/Transaction Documents/Conversion to PBC/Executed Documents/SS-4 - Cambium Carbon PBC_Final.pdf,COMPANIES/Cambium/02_Financing_and_Legal/SS-4 - Cambium Carbon PBC_Final.pdf,PLACED,02 Financing & Legal,False,moved,True
F00526,Cambium,Diligence/Cost Parity/Cambium Data Room 2024 _ Supplemental Documentation 2/Legal (Supplementary Docs)/Company Minute Book and Corporate Records/Transaction Documents/Conversion to PBC/Executed Documents/Merger Executed/Agreement and Plan of Merger - Cambium Carbon - signed.pdf,COMPANIES/Cambium/02_Financing_and_Legal/Agreement and Plan of Merger - Cambium Carbon - signed.pdf,PLACED,02 Financing & Legal,False,moved,True
F00527,Cambium,Diligence/Cost Parity/Cambium Data Room 2024 _ Supplemental Documentation 2/Legal (Supplementary Docs)/Company Minute Book and Corporate Records/Transaction Documents/Conversion to PBC/Executed Documents/Merger Executed/Articles of Merger - Cambium Carbon - signed (1).pdf,COMPANIES/Cambium/02_Financing_and_Legal/Articles of Merger - Cambium Carbon - signed (1).pdf,PLACED,02 Financing & Legal,False,moved,True
F00528,Cambium,Diligence/Cost Parity/Cambium Data Room 2024 _ Supplemental Documentation 2/Legal (Supplementary Docs)/Company Minute Book and Corporate Records/Transaction Documents/Conversion to PBC/Executed Documents/Merger Executed/Cert. of Merger - Cambium Carbon PBC.pdf,COMPANIES/Cambium/02_Financing_and_Legal/Cert. of Merger - Cambium Carbon PBC.pdf,PLACED,02 Financing & Legal,False,moved,True
F00529,Cambium,Diligence/Cost Parity/Cambium Data Room 2024 _ Supplemental Documentation 2/Legal (Supplementary Docs)/Company Minute Book and Corporate Records/Transaction Documents/Conversion to PBC/Executed Documents/Merger Executed/Filed Certificate of Merger.pdf,COMPANIES/Cambium/02_Financing_and_Legal/Filed Certificate of Merger.pdf,PLACED,02 Financing & Legal,False,moved,True
F00530,Cambium,Diligence/Cost Parity/Cambium Data Room 2024 _ Supplemental Documentation 2/Legal (Supplementary Docs)/Company Minute Book and Corporate Records/Transaction Documents/Conversion to PBC/Executed Documents/Merger Executed/fprmerger-i - signed.pdf,COMPANIES/Cambium/02_Financing_and_Legal/fprmerger-i - signed.pdf,PLACED,02 Financing & Legal,False,moved,True
F00531,Cambium,Diligence/Cost Parity/Cambium Data Room 2024 _ Supplemental Documentation 2/Legal (Supplementary Docs)/Company Minute Book and Corporate Records/Transaction Documents/Conversion to PBC/Executed Documents/Personnel Documents/Stock Plan of Cambium Carbon PBC - signed.pdf,COMPANIES/Cambium/02_Financing_and_Legal/Stock Plan of Cambium Carbon PBC - signed__F00531.pdf,PLACED,02 Financing & Legal,False,moved,True
F00532,Cambium,Diligence/Cost Parity/Cambium Data Room 2024 _ Supplemental Documentation 2/Legal (Supplementary Docs)/Company Minute Book and Corporate Records/Transaction Documents/Conversion to PBC/Executed Documents/Personnel Documents/Subscription Agreement - Cambium Carbon LLC - signed (1).pdf,COMPANIES/Cambium/02_Financing_and_Legal/Subscription Agreement - Cambium Carbon LLC - signed (1)__F00532.pdf,PLACED,02 Financing & Legal,False,moved,True
F00533,Cambium,Diligence/Cost Parity/Cambium Data Room 2024 _ Supplemental Documentation 2/Legal (Supplementary Docs)/Company Minute Book and Corporate Records/Transaction Documents/Conversion to PBC/Executed Documents/Personnel Documents/CIIAAs/Christensen - CIIAA - Cambium Carbon PBC - signed.pdf,COMPANIES/Cambium/02_Financing_and_Legal/Christensen - CIIAA - Cambium Carbon PBC - signed__F00533.pdf,PLACED,02 Financing & Legal,False,moved,True
F00534,Cambium,Diligence/Cost Parity/Cambium Data Room 2024 _ Supplemental Documentation 2/Legal (Supplementary Docs)/Company Minute Book and Corporate Records/Transaction Documents/Conversion to PBC/Executed Documents/Personnel Documents/CIIAAs/Hooker CIIAA - Cambium Carbon PBC - signed.pdf,COMPANIES/Cambium/02_Financing_and_Legal/Hooker CIIAA - Cambium Carbon PBC - signed__F00534.pdf,PLACED,02 Financing & Legal,False,moved,True
F00535,Cambium,Diligence/Cost Parity/Cambium Data Room 2024 _ Supplemental Documentation 2/Legal (Supplementary Docs)/Company Minute Book and Corporate Records/Transaction Documents/Conversion to PBC/Executed Documents/Personnel Documents/CIIAAs/Repka - CIIAA - Cambium Carbon PBC - signed.pdf,COMPANIES/Cambium/02_Financing_and_Legal/Repka - CIIAA - Cambium Carbon PBC - signed__F00535.pdf,PLACED,02 Financing & Legal,False,moved,True
F00536,Cambium,Diligence/Cost Parity/Cambium Data Room 2024 _ Supplemental Documentation 2/Legal (Supplementary Docs)/Company Minute Book and Corporate Records/Transaction Documents/Conversion to PBC/Executed Documents/Personnel Documents/RSPAs Executed/Christensen - 83(b).pdf,COMPANIES/Cambium/02_Financing_and_Legal/Christensen - 83(b)__F00536.pdf,PLACED,02 Financing & Legal,False,moved,True
F00537,Cambium,Diligence/Cost Parity/Cambium Data Room 2024 _ Supplemental Documentation 2/Legal (Supplementary Docs)/Company Minute Book and Corporate Records/Transaction Documents/Conversion to PBC/Executed Documents/Personnel Documents/RSPAs Executed/Christensen - Restricted Stock Purchase Agreement - Cambium Carbon PBC - signed.pdf,COMPANIES/Cambium/02_Financing_and_Legal/Christensen - Restricted Stock Purchase Agreement - Cambium Carbon PBC - signed__F00537.pdf,PLACED,02 Financing & Legal,False,moved,True
F00538,Cambium,Diligence/Cost Parity/Cambium Data Room 2024 _ Supplemental Documentation 2/Legal (Supplementary Docs)/Company Minute Book and Corporate Records/Transaction Documents/Conversion to PBC/Executed Documents/Personnel Documents/RSPAs Executed/Hooker - 83(b).pdf,COMPANIES/Cambium/02_Financing_and_Legal/Hooker - 83(b)__F00538.pdf,PLACED,02 Financing & Legal,False,moved,True
F00539,Cambium,Diligence/Cost Parity/Cambium Data Room 2024 _ Supplemental Documentation 2/Legal (Supplementary Docs)/Company Minute Book and Corporate Records/Transaction Documents/Conversion to PBC/Executed Documents/Personnel Documents/RSPAs Executed/Hooker - Restricted Stock Purchase Agreement - Cambium Carbon PBC - signed.pdf,COMPANIES/Cambium/02_Financing_and_Legal/Hooker - Restricted Stock Purchase Agreement - Cambium Carbon PBC - signed__F00539.pdf,PLACED,02 Financing & Legal,False,moved,True
F00540,Cambium,Diligence/Cost Parity/Cambium Data Room 2024 _ Supplemental Documentation 2/Legal (Supplementary Docs)/Company Minute Book and Corporate Records/Transaction Documents/Conversion to PBC/Executed Documents/Personnel Documents/RSPAs Executed/Repka - 83(b).pdf,COMPANIES/Cambium/02_Financing_and_Legal/Repka - 83(b)__F00540.pdf,PLACED,02 Financing & Legal,False,moved,True
F00541,Cambium,Diligence/Cost Parity/Cambium Data Room 2024 _ Supplemental Documentation 2/Legal (Supplementary Docs)/Company Minute Book and Corporate Records/Transaction Documents/Conversion to PBC/Executed Documents/Personnel Documents/RSPAs Executed/Repka - Restricted Stock Purchase Agreement - Cambium Carbon PBC - signed.pdf,COMPANIES/Cambium/02_Financing_and_Legal/Repka - Restricted Stock Purchase Agreement - Cambium Carbon PBC - signed__F00541.pdf,PLACED,02 Financing & Legal,False,moved,True
F00542,Cambium,Diligence/Cost Parity/Cambium Data Room 2024 _ Supplemental Documentation 2/Legal (Supplementary Docs)/Company Minute Book and Corporate Records/Transaction Documents/Conversion to PBC/Executed Documents/Resolutions/Action by Written Consent of Sole Incorporator - Cambium Carbon PBC.pdf,COMPANIES/Cambium/02_Financing_and_Legal/Action by Written Consent of Sole Incorporator - Cambium Carbon PBC__F00542.pdf,PLACED,02 Financing & Legal,False,moved,True
F00543,Cambium,Diligence/Cost Parity/Cambium Data Room 2024 _ Supplemental Documentation 2/Legal (Supplementary Docs)/Company Minute Book and Corporate Records/Transaction Documents/Conversion to PBC/Executed Documents/Resolutions/Consent in Writing of the Members of Cambium Carbon LLC - signed.pdf,COMPANIES/Cambium/02_Financing_and_Legal/Consent in Writing of the Members of Cambium Carbon LLC - signed__F00543.pdf,PLACED,02 Financing & Legal,False,moved,True
F00544,Cambium,Diligence/Cost Parity/Cambium Data Room 2024 _ Supplemental Documentation 2/Legal (Supplementary Docs)/Company Minute Book and Corporate Records/Transaction Documents/Conversion to PBC/Executed Documents/Resolutions/Joint Action by Written Consent of the Board of Directors and Stockholders in Lieu of Initial Meeting - Cambium Carbon PBC - signed.pdf,COMPANIES/Cambium/02_Financing_and_Legal/Joint Action by Written Consent of the Board of Directors and Stockholders in Lieu of Initial Meeting - Cambium Carbon PBC - signed__F00544.pdf,PLACED,02 Financing & Legal,False,moved,True
F00545,Cambium,Diligence/Cost Parity/Cambium Data Room 2024 _ Supplemental Documentation 2/Legal (Supplementary Docs)/Company Minute Book and Corporate Records/Transaction Documents/Conversion to PBC/Step 1. Issuance and LLC Approval/Drafts/Consent in Writing of the Members of Cambium Carbon LLC.docx,COMPANIES/Cambium/02_Financing_and_Legal/Consent in Writing of the Members of Cambium Carbon LLC.docx,PLACED,02 Financing & Legal,False,moved,True
F00546,Cambium,Diligence/Cost Parity/Cambium Data Room 2024 _ Supplemental Documentation 2/Legal (Supplementary Docs)/Company Minute Book and Corporate Records/Transaction Documents/Conversion to PBC/Step 1. Issuance and LLC Approval/Drafts/Subscription Agreement - Cambium Carbon LLC.docx,COMPANIES/Cambium/02_Financing_and_Legal/Subscription Agreement - Cambium Carbon LLC.docx,PLACED,02 Financing & Legal,False,moved,True
F00547,Cambium,Diligence/Cost Parity/Cambium Data Room 2024 _ Supplemental Documentation 2/Legal (Supplementary Docs)/Company Minute Book and Corporate Records/Transaction Documents/Conversion to PBC/Step 1. Issuance and LLC Approval/For Execution/Consent in Writing of the Members of Cambium Carbon LLC.pdf,COMPANIES/Cambium/02_Financing_and_Legal/Consent in Writing of the Members of Cambium Carbon LLC.pdf,PLACED,02 Financing & Legal,False,moved,True
F00548,Cambium,Diligence/Cost Parity/Cambium Data Room 2024 _ Supplemental Documentation 2/Legal (Supplementary Docs)/Company Minute Book and Corporate Records/Transaction Documents/Conversion to PBC/Step 1. Issuance and LLC Approval/For Execution/Subscription Agreement - Cambium Carbon LLC.pdf,COMPANIES/Cambium/02_Financing_and_Legal/Subscription Agreement - Cambium Carbon LLC.pdf,PLACED,02 Financing & Legal,False,moved,True
F00549,Cambium,Diligence/Cost Parity/Cambium Data Room 2024 _ Supplemental Documentation 2/Legal (Supplementary Docs)/Company Minute Book and Corporate Records/Transaction Documents/Conversion to PBC/Step 2. Formation of Cambium Carbon PBC/Governing Documents/Bylaws of Cambium Carbon PBC .docx,COMPANIES/Cambium/11_Impact_and_Climate/Bylaws of Cambium Carbon PBC.docx,PLACED,11 Impact & Climate,True,moved,True
F00550,Cambium,Diligence/Cost Parity/Cambium Data Room 2024 _ Supplemental Documentation 2/Legal (Supplementary Docs)/Company Minute Book and Corporate Records/Transaction Documents/Conversion to PBC/Step 2. Formation of Cambium Carbon PBC/Governing Documents/Certificate of Incorporation of Cambium Carbon PBC.docx,COMPANIES/Cambium/14_Historical_Superseded/Certificate of Incorporation of Cambium Carbon PBC.docx,SUPERSEDED,14 Historical / Superseded,False,moved,True
F00551,Cambium,Diligence/Cost Parity/Cambium Data Room 2024 _ Supplemental Documentation 2/Legal (Supplementary Docs)/Company Minute Book and Corporate Records/Transaction Documents/Conversion to PBC/Step 2. Formation of Cambium Carbon PBC/Governing Documents/Certificate of Incorporation of Cambium Carbon PBC.pdf,COMPANIES/Cambium/02_Financing_and_Legal/Certificate of Incorporation of Cambium Carbon PBC__F00551.pdf,PLACED,02 Financing & Legal,False,moved,True
F00552,Cambium,Diligence/Cost Parity/Cambium Data Room 2024 _ Supplemental Documentation 2/Legal (Supplementary Docs)/Company Minute Book and Corporate Records/Transaction Documents/Conversion to PBC/Step 2. Formation of Cambium Carbon PBC/Personnel Docs/ Restricted Stock Purchase Agreement - Cambium Carbon PBC.doc,COMPANIES/Cambium/02_Financing_and_Legal/Restricted Stock Purchase Agreement - Cambium Carbon PBC.doc,PLACED,02 Financing & Legal,True,moved,True
F00553,Cambium,Diligence/Cost Parity/Cambium Data Room 2024 _ Supplemental Documentation 2/Legal (Supplementary Docs)/Company Minute Book and Corporate Records/Transaction Documents/Conversion to PBC/Step 2. Formation of Cambium Carbon PBC/Personnel Docs/Form of CIIAA - Cambium Carbon PBC.docx,COMPANIES/Cambium/11_Impact_and_Climate/Form of CIIAA - Cambium Carbon PBC.docx,PLACED,11 Impact & Climate,False,moved,True
F00554,Cambium,Diligence/Cost Parity/Cambium Data Room 2024 _ Supplemental Documentation 2/Legal (Supplementary Docs)/Company Minute Book and Corporate Records/Transaction Documents/Conversion to PBC/Step 2. Formation of Cambium Carbon PBC/Personnel Docs/Stock Plan of Cambium Carbon PBC.docx,COMPANIES/Cambium/11_Impact_and_Climate/Stock Plan of Cambium Carbon PBC.docx,PLACED,11 Impact & Climate,False,moved,True
F00555,Cambium,Diligence/Cost Parity/Cambium Data Room 2024 _ Supplemental Documentation 2/Legal (Supplementary Docs)/Company Minute Book and Corporate Records/Transaction Documents/Conversion to PBC/Step 2. Formation of Cambium Carbon PBC/Personnel Docs/For Execution/ Form Restricted Stock Purchase Agreement - Cambium Carbon PBC.pdf,COMPANIES/Cambium/02_Financing_and_Legal/Form Restricted Stock Purchase Agreement - Cambium Carbon PBC.pdf,PLACED,02 Financing & Legal,True,moved,True
F00556,Cambium,Diligence/Cost Parity/Cambium Data Room 2024 _ Supplemental Documentation 2/Legal (Supplementary Docs)/Company Minute Book and Corporate Records/Transaction Documents/Conversion to PBC/Step 2. Formation of Cambium Carbon PBC/Personnel Docs/For Execution/Christensen - CIIAA - Cambium Carbon PBC.pdf,COMPANIES/Cambium/11_Impact_and_Climate/Christensen - CIIAA - Cambium Carbon PBC.pdf,PLACED,11 Impact & Climate,False,moved,True
F00557,Cambium,Diligence/Cost Parity/Cambium Data Room 2024 _ Supplemental Documentation 2/Legal (Supplementary Docs)/Company Minute Book and Corporate Records/Transaction Documents/Conversion to PBC/Step 2. Formation of Cambium Carbon PBC/Personnel Docs/For Execution/Christensen - Restricted Stock Purchase Agreement - Cambium Carbon PBC.pdf,COMPANIES/Cambium/02_Financing_and_Legal/Christensen - Restricted Stock Purchase Agreement - Cambium Carbon PBC.pdf,PLACED,02 Financing & Legal,False,moved,True
F00558,Cambium,Diligence/Cost Parity/Cambium Data Room 2024 _ Supplemental Documentation 2/Legal (Supplementary Docs)/Company Minute Book and Corporate Records/Transaction Documents/Conversion to PBC/Step 2. Formation of Cambium Carbon PBC/Personnel Docs/For Execution/Form of CIIAA - Cambium Carbon PBC.pdf,COMPANIES/Cambium/11_Impact_and_Climate/Form of CIIAA - Cambium Carbon PBC.pdf,PLACED,11 Impact & Climate,False,moved,True
F00559,Cambium,Diligence/Cost Parity/Cambium Data Room 2024 _ Supplemental Documentation 2/Legal (Supplementary Docs)/Company Minute Book and Corporate Records/Transaction Documents/Conversion to PBC/Step 2. Formation of Cambium Carbon PBC/Personnel Docs/For Execution/Hooker - Restricted Stock Purchase Agreement - Cambium Carbon PBC.pdf,COMPANIES/Cambium/02_Financing_and_Legal/Hooker - Restricted Stock Purchase Agreement - Cambium Carbon PBC.pdf,PLACED,02 Financing & Legal,False,moved,True
F00560,Cambium,Diligence/Cost Parity/Cambium Data Room 2024 _ Supplemental Documentation 2/Legal (Supplementary Docs)/Company Minute Book and Corporate Records/Transaction Documents/Conversion to PBC/Step 2. Formation of Cambium Carbon PBC/Personnel Docs/For Execution/Hooker CIIAA - Cambium Carbon PBC.pdf,COMPANIES/Cambium/11_Impact_and_Climate/Hooker CIIAA - Cambium Carbon PBC.pdf,PLACED,11 Impact & Climate,False,moved,True
F00561,Cambium,Diligence/Cost Parity/Cambium Data Room 2024 _ Supplemental Documentation 2/Legal (Supplementary Docs)/Company Minute Book and Corporate Records/Transaction Documents/Conversion to PBC/Step 2. Formation of Cambium Carbon PBC/Personnel Docs/For Execution/Repka - CIIAA - Cambium Carbon PBC.pdf,COMPANIES/Cambium/11_Impact_and_Climate/Repka - CIIAA - Cambium Carbon PBC.pdf,PLACED,11 Impact & Climate,False,moved,True
F00562,Cambium,Diligence/Cost Parity/Cambium Data Room 2024 _ Supplemental Documentation 2/Legal (Supplementary Docs)/Company Minute Book and Corporate Records/Transaction Documents/Conversion to PBC/Step 2. Formation of Cambium Carbon PBC/Personnel Docs/For Execution/Repka - Restricted Stock Purchase Agreement - Cambium Carbon PBC.pdf,COMPANIES/Cambium/02_Financing_and_Legal/Repka - Restricted Stock Purchase Agreement - Cambium Carbon PBC.pdf,PLACED,02 Financing & Legal,False,moved,True
F00563,Cambium,Diligence/Cost Parity/Cambium Data Room 2024 _ Supplemental Documentation 2/Legal (Supplementary Docs)/Company Minute Book and Corporate Records/Transaction Documents/Conversion to PBC/Step 2. Formation of Cambium Carbon PBC/Personnel Docs/For Execution/Stock Plan of Cambium Carbon PBC.pdf,COMPANIES/Cambium/11_Impact_and_Climate/Stock Plan of Cambium Carbon PBC.pdf,PLACED,11 Impact & Climate,False,moved,True
F00564,Cambium,Diligence/Cost Parity/Cambium Data Room 2024 _ Supplemental Documentation 2/Legal (Supplementary Docs)/Company Minute Book and Corporate Records/Transaction Documents/Conversion to PBC/Step 2. Formation of Cambium Carbon PBC/Resolutions/Action by Written Consent of Sole Incorporator - Cambium Carbon PBC.docx,COMPANIES/Cambium/14_Historical_Superseded/Action by Written Consent of Sole Incorporator - Cambium Carbon PBC.docx,SUPERSEDED,14 Historical / Superseded,False,moved,True
F00565,Cambium,Diligence/Cost Parity/Cambium Data Room 2024 _ Supplemental Documentation 2/Legal (Supplementary Docs)/Company Minute Book and Corporate Records/Transaction Documents/Conversion to PBC/Step 2. Formation of Cambium Carbon PBC/Resolutions/Action by Written Consent of Sole Incorporator - Cambium Carbon PBC.pdf,COMPANIES/Cambium/11_Impact_and_Climate/Action by Written Consent of Sole Incorporator - Cambium Carbon PBC.pdf,PLACED,11 Impact & Climate,False,moved,True
F00566,Cambium,Diligence/Cost Parity/Cambium Data Room 2024 _ Supplemental Documentation 2/Legal (Supplementary Docs)/Company Minute Book and Corporate Records/Transaction Documents/Conversion to PBC/Step 2. Formation of Cambium Carbon PBC/Resolutions/Joint Action by Written Consent of the Board of Directors and Stockholders in Lieu of Initial Meeting - Cambium Carbon PBC.docx,COMPANIES/Cambium/14_Historical_Superseded/Joint Action by Written Consent of the Board of Directors and Stockholders in Lieu of Initial Meeting - Cambium Carbon PBC__F00566.docx,SUPERSEDED,14 Historical / Superseded,False,moved,True
F00567,Cambium,Diligence/Cost Parity/Cambium Data Room 2024 _ Supplemental Documentation 2/Legal (Supplementary Docs)/Company Minute Book and Corporate Records/Transaction Documents/Conversion to PBC/Step 2. Formation of Cambium Carbon PBC/Resolutions/Joint Action by Written Consent of the Board of Directors and Stockholders in Lieu of Initial Meeting - Cambium Carbon PBC.pdf,COMPANIES/Cambium/11_Impact_and_Climate/Joint Action by Written Consent of the Board of Directors and Stockholders in Lieu of Initial Meeting - Cambium Carbon PBC.pdf,PLACED,11 Impact & Climate,False,moved,True
F00568,Cambium,Diligence/Cost Parity/Cambium Data Room 2024 _ Supplemental Documentation 2/Legal (Supplementary Docs)/Company Minute Book and Corporate Records/Transaction Documents/Conversion to PBC/Step 3. Merger and Re-domestication/Drafts/Agreement and Plan of Merger - Cambium Carbon.docx,COMPANIES/Cambium/02_Financing_and_Legal/Agreement and Plan of Merger - Cambium Carbon.docx,PLACED,02 Financing & Legal,False,moved,True
F00569,Cambium,Diligence/Cost Parity/Cambium Data Room 2024 _ Supplemental Documentation 2/Legal (Supplementary Docs)/Company Minute Book and Corporate Records/Transaction Documents/Conversion to PBC/Step 3. Merger and Re-domestication/Drafts/Articles of Merger - Cambium Carbon.docx,COMPANIES/Cambium/02_Financing_and_Legal/Articles of Merger - Cambium Carbon.docx,PLACED,02 Financing & Legal,False,moved,True
F00570,Cambium,Diligence/Cost Parity/Cambium Data Room 2024 _ Supplemental Documentation 2/Legal (Supplementary Docs)/Company Minute Book and Corporate Records/Transaction Documents/Conversion to PBC/Step 3. Merger and Re-domestication/Drafts/Cert - DE corp(surv) + For LLC09.pdf,COMPANIES/Cambium/02_Financing_and_Legal/Cert - DE corp(surv) + For LLC09.pdf,PLACED,02 Financing & Legal,False,moved,True
F00571,Cambium,Diligence/Cost Parity/Cambium Data Room 2024 _ Supplemental Documentation 2/Legal (Supplementary Docs)/Company Minute Book and Corporate Records/Transaction Documents/Conversion to PBC/Step 3. Merger and Re-domestication/Drafts/Certificate of Merger Cambium Carbon.docx,COMPANIES/Cambium/02_Financing_and_Legal/Certificate of Merger Cambium Carbon.docx,PLACED,02 Financing & Legal,False,moved,True
F00572,Cambium,Diligence/Cost Parity/Cambium Data Room 2024 _ Supplemental Documentation 2/Legal (Supplementary Docs)/Company Minute Book and Corporate Records/Transaction Documents/Conversion to PBC/Step 3. Merger and Re-domestication/For Execution/Agreement and Plan of Merger - Cambium Carbon.pdf,COMPANIES/Cambium/02_Financing_and_Legal/Agreement and Plan of Merger - Cambium Carbon.pdf,PLACED,02 Financing & Legal,False,moved,True
F00573,Cambium,Diligence/Cost Parity/Cambium Data Room 2024 _ Supplemental Documentation 2/Legal (Supplementary Docs)/Company Minute Book and Corporate Records/Transaction Documents/Conversion to PBC/Step 3. Merger and Re-domestication/For Execution/Articles of Merger - Cambium Carbon.pdf,COMPANIES/Cambium/02_Financing_and_Legal/Articles of Merger - Cambium Carbon.pdf,PLACED,02 Financing & Legal,False,moved,True
F00574,Cambium,Diligence/Cost Parity/Cambium Data Room 2024 _ Supplemental Documentation 2/Legal (Supplementary Docs)/Company Minute Book and Corporate Records/Transaction Documents/Conversion to PBC/Step 3. Merger and Re-domestication/For Execution/Certificate of Merger Cambium Carbon.pdf,COMPANIES/Cambium/02_Financing_and_Legal/Certificate of Merger Cambium Carbon.pdf,PLACED,02 Financing & Legal,False,moved,True
F00575,Cambium,Diligence/Cost Parity/Cambium Data Room 2024 _ Supplemental Documentation 2/Legal (Supplementary Docs)/Trademarks/CSW USPTO submission.pdf,COMPANIES/Cambium/02_Financing_and_Legal/CSW USPTO submission.pdf,PLACED,02 Financing & Legal,False,moved,True
F00576,Cambium,Diligence/Cost Parity/Cambium Data Room 2024 _ Supplemental Documentation 2/Legal (Supplementary Docs)/Trademarks/Carbon Smart Wood Trademark Filing Receipt.pdf,COMPANIES/Cambium/02_Financing_and_Legal/Carbon Smart Wood Trademark Filing Receipt.pdf,PLACED,02 Financing & Legal,False,moved,True
F00577,Cambium,Diligence/Cost Parity/Cambium Data Room 2024 _ Supplemental Documentation 2/Legal (Supplementary Docs)/Trademarks/Traece USPTO Official Trademark.pdf,COMPANIES/Cambium/02_Financing_and_Legal/Traece USPTO Official Trademark.pdf,PLACED,02 Financing & Legal,False,moved,True
F00578,Cambium,Diligence/Cost Parity/Cambium Data Room 2024 _ Supplemental Documentation 2/Legal (Supplementary Docs)/Trademarks/USPTO Certificate of Registration – Traece.pdf,COMPANIES/Cambium/02_Financing_and_Legal/USPTO Certificate of Registration – Traece.pdf,PLACED,02 Financing & Legal,False,moved,True
F00579,Cambium,Diligence/Cost Parity/Cambium Data Room 2024 _ Supplemental Documentation 2/Legal (Supplementary Docs)/Trademarks/traece uspto.pdf,COMPANIES/Cambium/02_Financing_and_Legal/traece uspto.pdf,PLACED,02 Financing & Legal,False,moved,True
F00580,Cambium,Diligence/Cost Parity/Cambium Data Room 2024 _ Supplemental Documentation 2/Sales (Supplementary Docs)/Amazon - Central Hub Specs for Carbon Smart Wood.pdf,COMPANIES/Cambium/09_Commercial_and_Customers/Amazon - Central Hub Specs for Carbon Smart Wood.pdf,PLACED,09 Commercial & Customers,False,moved,True
F00581,Cambium,"Diligence/Cost Parity/Cambium Data Room 2024 _ Supplemental Documentation 2/Sales (Supplementary Docs)/Letter of Intent (Mass Timber) _ SmartLam, Cambium_executed.pdf","COMPANIES/Cambium/09_Commercial_and_Customers/Letter of Intent (Mass Timber) _ SmartLam, Cambium_executed.pdf",PLACED,09 Commercial & Customers,False,moved,True
F00582,Cambium,Diligence/Cost Parity/Cambium Data Room 2024 _ Supplemental Documentation 2/Sales (Supplementary Docs)/Yellow Poplar CLT testing - Interim Report.pdf,COMPANIES/Cambium/09_Commercial_and_Customers/Yellow Poplar CLT testing - Interim Report.pdf,PLACED,09 Commercial & Customers,False,moved,True
F00583,Cambium,Diligence/Cost Parity/Cambium Data Room 2024 _ Supplemental Documentation 2/Sales (Supplementary Docs)/Amazon - DALz Mass Timber Build/01 8160 - Wood Supply Chain Disclosure Requirements.docx,COMPANIES/Cambium/09_Commercial_and_Customers/01 8160 - Wood Supply Chain Disclosure Requirements.docx,PLACED,09 Commercial & Customers,False,moved,True
F00584,Cambium,Diligence/Cost Parity/Cambium Data Room 2024 _ Supplemental Documentation 2/Sales (Supplementary Docs)/Amazon - DALz Mass Timber Build/06 1719 CROSS LAMINATED TIMBER PANELS_draft_04.26.2024.docx,COMPANIES/Cambium/09_Commercial_and_Customers/06 1719 CROSS LAMINATED TIMBER PANELS_draft_04.26.2024.docx,PLACED,09 Commercial & Customers,False,moved,True
F00585,Cambium,Diligence/Cost Parity/Cambium Data Room 2024 _ Supplemental Documentation 2/Sales (Supplementary Docs)/Amazon - DALz Mass Timber Build/2023-12-07 Wood Product Sourcing Transparency Form DRAFT.pdf,COMPANIES/Cambium/09_Commercial_and_Customers/2023-12-07 Wood Product Sourcing Transparency Form DRAFT.pdf,PLACED,09 Commercial & Customers,False,moved,True
F00586,Cambium,Diligence/Cost Parity/Cambium Data Room 2024 _ Supplemental Documentation 2/Sales (Supplementary Docs)/Amazon - DALz Mass Timber Build/Break Room_DRAFT_08.20.2024.png,COMPANIES/Cambium/09_Commercial_and_Customers/Break Room_DRAFT_08.20.2024.png,PLACED,09 Commercial & Customers,False,moved,True
F00587,Cambium,Diligence/Cost Parity/Cambium Data Room 2024 _ Supplemental Documentation 2/Sales (Supplementary Docs)/Amazon - DALz Mass Timber Build/DALz Outdoor Materials.pdf,COMPANIES/Cambium/09_Commercial_and_Customers/DALz Outdoor Materials.pdf,PLACED,09 Commercial & Customers,False,moved,True
F00588,Cambium,Diligence/Cost Parity/Cambium Data Room 2024 _ Supplemental Documentation 2/Sales (Supplementary Docs)/Amazon - DALz Mass Timber Build/NASC CentralHub_Courtyard_Draft_sm_08.09.2024.jpg,COMPANIES/Cambium/09_Commercial_and_Customers/NASC CentralHub_Courtyard_Draft_sm_08.09.2024.jpg,PLACED,09 Commercial & Customers,False,moved,True
F00589,Cambium,Diligence/Cost Parity/Cambium Data Room 2024 _ Supplemental Documentation 2/Sales (Supplementary Docs)/Amazon - DALz Mass Timber Build/Outdoor courtyard_CANOPY PLAN_progress.png,COMPANIES/Cambium/09_Commercial_and_Customers/Outdoor courtyard_CANOPY PLAN_progress.png,PLACED,09 Commercial & Customers,False,moved,True
F00590,Cambium,Diligence/Cost Parity/Cambium Data Room 2024 _ Supplemental Documentation 2/Sales (Supplementary Docs)/Amazon - DALz Mass Timber Build/Outdoor courtyard_PLAN_progress.png,COMPANIES/Cambium/09_Commercial_and_Customers/Outdoor courtyard_PLAN_progress.png,PLACED,09 Commercial & Customers,False,moved,True
F00591,Cambium,Diligence/Cost Parity/Cambium Data Room 2024 _ Supplemental Documentation 2/Sales (Supplementary Docs)/Amazon - DALz Mass Timber Build/Security Area_cnc_DRAFT_08.20.2024.png,COMPANIES/Cambium/09_Commercial_and_Customers/Security Area_cnc_DRAFT_08.20.2024.png,PLACED,09 Commercial & Customers,False,moved,True
F00592,Cambium,Diligence/Cost Parity/Cambium Data Room 2024 _ Supplemental Documentation 2/Sales (Supplementary Docs)/Sales & Marketing Collateral/2024 Cambium Forecast Model.xlsx,COMPANIES/Cambium/09_Commercial_and_Customers/2024 Cambium Forecast Model.xlsx,PLACED,09 Commercial & Customers,False,moved,True
F00593,Cambium,Diligence/Cost Parity/Cambium Data Room 2024 _ Supplemental Documentation 2/Sales (Supplementary Docs)/Sales & Marketing Collateral/Active and Upcoming projects.pdf,COMPANIES/Cambium/09_Commercial_and_Customers/Active and Upcoming projects.pdf,PLACED,09 Commercial & Customers,False,moved,True
F00594,Cambium,Diligence/Cost Parity/Cambium Data Room 2024 _ Supplemental Documentation 2/Sales (Supplementary Docs)/Sales & Marketing Collateral/Amazon Office Block Wood Fiber 2025 - 2026 - Total BDFT.xlsx,COMPANIES/Cambium/09_Commercial_and_Customers/Amazon Office Block Wood Fiber 2025 - 2026 - Total BDFT.xlsx,PLACED,09 Commercial & Customers,False,moved,True
F00595,Cambium,Diligence/Cost Parity/Cambium Data Room 2024 _ Supplemental Documentation 2/Sales (Supplementary Docs)/Sales & Marketing Collateral/Cambium - Brand Guidelines.pdf,COMPANIES/Cambium/09_Commercial_and_Customers/Cambium - Brand Guidelines.pdf,PLACED,09 Commercial & Customers,False,moved,True
F00596,Cambium,Diligence/Cost Parity/Cambium Data Room 2024 _ Supplemental Documentation 2/Sales (Supplementary Docs)/Sales & Marketing Collateral/Cambium Brand Overview Feb 2024.pdf,COMPANIES/Cambium/09_Commercial_and_Customers/Cambium Brand Overview Feb 2024.pdf,PLACED,09 Commercial & Customers,False,moved,True
F00597,Cambium,Diligence/Cost Parity/Cambium Data Room 2024 _ Supplemental Documentation 2/Sales (Supplementary Docs)/Sales & Marketing Collateral/Cambium Carbon GTM Strategy Outdoor Materials 2024.pdf,COMPANIES/Cambium/09_Commercial_and_Customers/Cambium Carbon GTM Strategy Outdoor Materials 2024.pdf,PLACED,09 Commercial & Customers,False,moved,True
F00598,Cambium,Diligence/Cost Parity/Cambium Data Room 2024 _ Supplemental Documentation 2/Sales (Supplementary Docs)/Sales & Marketing Collateral/Carbon Smart Wood™ Presentation.pdf,COMPANIES/Cambium/09_Commercial_and_Customers/Carbon Smart Wood™ Presentation.pdf,PLACED,09 Commercial & Customers,False,moved,True
F00599,Cambium,Diligence/Cost Parity/Cambium Data Room 2024 _ Supplemental Documentation 2/Sales (Supplementary Docs)/Sales & Marketing Collateral/Carbon Smart Wood™ Product Catalog 2024.pdf,COMPANIES/Cambium/09_Commercial_and_Customers/Carbon Smart Wood™ Product Catalog 2024.pdf,PLACED,09 Commercial & Customers,False,moved,True
F00600,Cambium,Diligence/Cost Parity/Cambium Data Room 2024 _ Supplemental Documentation 2/Sales (Supplementary Docs)/Sales & Marketing Collateral/J. Crew Carbon Smart Wood Design Book.pdf,COMPANIES/Cambium/09_Commercial_and_Customers/J. Crew Carbon Smart Wood Design Book.pdf,PLACED,09 Commercial & Customers,False,moved,True
F00601,Cambium,Diligence/Cost Parity/Cambium Data Room 2024 _ Supplemental Documentation 2/Sales (Supplementary Docs)/Sales & Marketing Collateral/Logo-20240221T181231Z-001.zip,COMPANIES/Cambium/09_Commercial_and_Customers/Logo-20240221T181231Z-001.zip,PLACED,09 Commercial & Customers,False,moved,True
F00602,Cambium,Diligence/Cost Parity/Cambium Data Room 2024 _ Supplemental Documentation 2/Sales (Supplementary Docs)/Sales & Marketing Collateral/Lowe_s Carbon Smart Wood Collection.pdf,COMPANIES/Cambium/09_Commercial_and_Customers/Lowe_s Carbon Smart Wood Collection.pdf,PLACED,09 Commercial & Customers,False,moved,True
F00603,Cambium,Diligence/Cost Parity/Cambium Data Room 2024 _ Supplemental Documentation 2/Sales (Supplementary Docs)/Sales & Marketing Collateral/Steelcase Bassline Collection Carbon Smart Wood.pdf,COMPANIES/Cambium/09_Commercial_and_Customers/Steelcase Bassline Collection Carbon Smart Wood.pdf,PLACED,09 Commercial & Customers,False,moved,True
F00604,Cambium,Diligence/Cost Parity/Cambium Data Room 2024 _ Supplemental Documentation 2/Sales (Supplementary Docs)/Sales & Marketing Collateral/POs & Contracts/Amazon PO-2D-13419188_v1_20240321.gdoc,COMPANIES/Cambium/09_Commercial_and_Customers/Amazon PO-2D-13419188_v1_20240321.gdoc,PLACED,09 Commercial & Customers,False,moved,True
F00605,Cambium,Diligence/Cost Parity/Cambium Data Room 2024 _ Supplemental Documentation 2/Sales (Supplementary Docs)/Sales & Marketing Collateral/POs & Contracts/Amazon PO-2D-13419188_v1_20240321.pdf,COMPANIES/Cambium/14_Historical_Superseded/Amazon PO-2D-13419188_v1_20240321.pdf,SUPERSEDED,14 Historical / Superseded,False,moved,True
F00606,Cambium,Diligence/Cost Parity/Cambium Data Room 2024 _ Supplemental Documentation 2/Sales (Supplementary Docs)/Sales & Marketing Collateral/POs & Contracts/Amazon Production Order.pdf,COMPANIES/Cambium/09_Commercial_and_Customers/Amazon Production Order.pdf,PLACED,09 Commercial & Customers,False,moved,True
F00607,Cambium,Diligence/Cost Parity/Cambium Data Room 2024 _ Supplemental Documentation 2/Sales (Supplementary Docs)/Sales & Marketing Collateral/POs & Contracts/Arbor Wood Production Order.pdf,COMPANIES/Cambium/09_Commercial_and_Customers/Arbor Wood Production Order.pdf,PLACED,09 Commercial & Customers,False,moved,True
F00608,Cambium,Diligence/Cost Parity/Cambium Data Room 2024 _ Supplemental Documentation 2/Sales (Supplementary Docs)/Sales & Marketing Collateral/POs & Contracts/Emeco Production Order.pdf,COMPANIES/Cambium/09_Commercial_and_Customers/Emeco Production Order.pdf,PLACED,09 Commercial & Customers,False,moved,True
F00609,Cambium,Diligence/Cost Parity/Cambium Data Room 2024 _ Supplemental Documentation 2/Sales (Supplementary Docs)/Sales & Marketing Collateral/POs & Contracts/Equinox Holdings via Madera PO.pdf,COMPANIES/Cambium/09_Commercial_and_Customers/Equinox Holdings via Madera PO.pdf,PLACED,09 Commercial & Customers,False,moved,True
F00610,Cambium,Diligence/Cost Parity/Cambium Data Room 2024 _ Supplemental Documentation 2/Sales (Supplementary Docs)/Sales & Marketing Collateral/POs & Contracts/Equinox Production Order.pdf,COMPANIES/Cambium/09_Commercial_and_Customers/Equinox Production Order.pdf,PLACED,09 Commercial & Customers,False,moved,True
F00611,Cambium,Diligence/Cost Parity/Cambium Data Room 2024 _ Supplemental Documentation 2/Sales (Supplementary Docs)/Sales & Marketing Collateral/POs & Contracts/Google PO  4100180009.PDF,COMPANIES/Cambium/09_Commercial_and_Customers/Google PO 4100180009.PDF,PLACED,09 Commercial & Customers,True,moved,True
F00612,Cambium,Diligence/Cost Parity/Cambium Data Room 2024 _ Supplemental Documentation 2/Sales (Supplementary Docs)/Sales & Marketing Collateral/POs & Contracts/Google PO 4100370673 Hangar 3.pdf,COMPANIES/Cambium/09_Commercial_and_Customers/Google PO 4100370673 Hangar 3.pdf,PLACED,09 Commercial & Customers,False,moved,True
F00613,Cambium,Diligence/Cost Parity/Cambium Data Room 2024 _ Supplemental Documentation 2/Sales (Supplementary Docs)/Sales & Marketing Collateral/POs & Contracts/Heartwood CLT Production Order.pdf,COMPANIES/Cambium/09_Commercial_and_Customers/Heartwood CLT Production Order.pdf,PLACED,09 Commercial & Customers,False,moved,True
F00614,Cambium,Diligence/Cost Parity/Cambium Data Room 2024 _ Supplemental Documentation 2/Sales (Supplementary Docs)/Sales & Marketing Collateral/POs & Contracts/InventWood Production Order.pdf,COMPANIES/Cambium/09_Commercial_and_Customers/InventWood Production Order.pdf,PLACED,09 Commercial & Customers,False,moved,True
F00615,Cambium,Diligence/Cost Parity/Cambium Data Room 2024 _ Supplemental Documentation 2/Sales (Supplementary Docs)/Sales & Marketing Collateral/POs & Contracts/Larimer County P002342 Cambium Carbon PBC P23-25 (2).PDF,COMPANIES/Cambium/09_Commercial_and_Customers/Larimer County P002342 Cambium Carbon PBC P23-25 (2).PDF,PLACED,09 Commercial & Customers,False,moved,True
F00616,Cambium,Diligence/Cost Parity/Cambium Data Room 2024 _ Supplemental Documentation 2/Sales (Supplementary Docs)/Sales & Marketing Collateral/POs & Contracts/Lowe_s Production Order.pdf,COMPANIES/Cambium/09_Commercial_and_Customers/Lowe_s Production Order.pdf,PLACED,09 Commercial & Customers,False,moved,True
F00617,Cambium,Diligence/Cost Parity/Cambium Data Room 2024 _ Supplemental Documentation 2/Sales (Supplementary Docs)/Sales & Marketing Collateral/POs & Contracts/Room & Board Production Order.pdf,COMPANIES/Cambium/09_Commercial_and_Customers/Room & Board Production Order.pdf,PLACED,09 Commercial & Customers,False,moved,True
F00618,Cambium,Diligence/Cost Parity/Cambium Data Room 2024 _ Supplemental Documentation 2/Sales (Supplementary Docs)/Sales & Marketing Collateral/POs & Contracts/Steelcase Production Order.pdf,COMPANIES/Cambium/09_Commercial_and_Customers/Steelcase Production Order.pdf,PLACED,09 Commercial & Customers,False,moved,True
F00619,Cambium,Diligence/Cost Parity/Cambium Data Room 2024 _ Supplemental Documentation 2/Sales (Supplementary Docs)/Sales & Marketing Collateral/POs & Contracts/Vaagen Timbers Production Order.pdf,COMPANIES/Cambium/09_Commercial_and_Customers/Vaagen Timbers Production Order.pdf,PLACED,09 Commercial & Customers,False,moved,True
F00620,Cambium,Diligence/Cost Parity/Cambium Data Room 2024 _ Supplemental Documentation 2/Sales (Supplementary Docs)/Sales & Marketing Collateral/POs & Contracts/Woodline Frisco - Signed Agreement (1).pdf,COMPANIES/Cambium/09_Commercial_and_Customers/Woodline Frisco - Signed Agreement (1).pdf,PLACED,09 Commercial & Customers,False,moved,True
F00621,Cambium,Diligence/Cost Parity/Cambium Data Room 2024 _ Supplemental Documentation 2/Technology (Supplementary Docs)/2024 Technology Roadmap.pdf,COMPANIES/Cambium/10_Technical_and_Diligence/2024 Technology Roadmap.pdf,PLACED,10 Technical & Diligence,False,moved,True
F00622,Cambium,Diligence/Cost Parity/Cambium Data Room 2024 _ Supplemental Documentation 2/Technology (Supplementary Docs)/Tech Stack & Ops Stack 2024.pdf,COMPANIES/Cambium/10_Technical_and_Diligence/Tech Stack & Ops Stack 2024.pdf,PLACED,10 Technical & Diligence,False,moved,True
F00623,Cambium,Diligence/Cost Parity/Cambium Data Room 2024 _ Supplemental Documentation 2/Technology (Supplementary Docs)/Traece Overview and Links.pdf,COMPANIES/Cambium/10_Technical_and_Diligence/Traece Overview and Links.pdf,PLACED,10 Technical & Diligence,False,moved,True
F00624,Cambium,Diligence/Culture Index/Cambium Carbon - Culture Index.gdoc,COMPANIES/Cambium/14_Historical_Superseded/Cambium Carbon - Culture Index.gdoc,SUPERSEDED,14 Historical / Superseded,False,moved,True
F00625,Cambium,Diligence/Culture Index/Cambium Carbon - Culture Index.pdf,COMPANIES/Cambium/10_Technical_and_Diligence/Cambium Carbon - Culture Index.pdf,PLACED,10 Technical & Diligence,False,moved,True
F00626,Cambium,Diligence/Culture Index/Culture Index Report - Cambium - Ben.pdf,COMPANIES/Cambium/10_Technical_and_Diligence/Culture Index Report - Cambium - Ben.pdf,PLACED,10 Technical & Diligence,False,moved,True
F00627,Cambium,Diligence/Culture Index/Culture Index Report - Cambium - Marisa.pdf,COMPANIES/Cambium/10_Technical_and_Diligence/Culture Index Report - Cambium - Marisa.pdf,PLACED,10 Technical & Diligence,False,moved,True
F00628,Cambium,Diligence/Culture Index/Culture Index Report - Cambium - Theo.pdf,COMPANIES/Cambium/10_Technical_and_Diligence/Culture Index Report - Cambium - Theo.pdf,PLACED,10 Technical & Diligence,False,moved,True
F00629,Cambium,Diligence/Financials/Cambium Carbon - Valuation Analyses.xlsx,COMPANIES/Cambium/04_Financials_and_Models/Cambium Carbon - Valuation Analyses.xlsx,PLACED,04 Financials & Models,False,moved,True
F00630,Cambium,Diligence/Financials/Cambium Carbon Series A V7.1.xlsx,COMPANIES/Cambium/04_Financials_and_Models/Cambium Carbon Series A V7.1.xlsx,PLACED,04 Financials & Models,False,moved,True
F00631,Cambium,Diligence/Funding History/Cambium+Funding+History.pdf,COMPANIES/Cambium/10_Technical_and_Diligence/Cambium+Funding+History.pdf,PLACED,10 Technical & Diligence,False,moved,True
F00632,Cambium,Diligence/Funding History/2022 SAFEs/81C- MRL Side Letter Cambium Carbon Seed SAFE Financing_FINAL.pdf,COMPANIES/Cambium/10_Technical_and_Diligence/81C- MRL Side Letter Cambium Carbon Seed SAFE Financing_FINAL.pdf,PLACED,10 Technical & Diligence,False,moved,True
F00633,Cambium,Diligence/Funding History/2022 SAFEs/BluePool - MRL Side Letter Cambium Carbon Seed SAFE Financing_FINAL certificate.pdf,COMPANIES/Cambium/10_Technical_and_Diligence/BluePool - MRL Side Letter Cambium Carbon Seed SAFE Financing_FINAL certificate.pdf,PLACED,10 Technical & Diligence,False,moved,True
F00634,Cambium,Diligence/Funding History/2022 SAFEs/BluePool - MRL Side Letter Cambium Carbon Seed SAFE Financing_FINAL signed.pdf,COMPANIES/Cambium/10_Technical_and_Diligence/BluePool - MRL Side Letter Cambium Carbon Seed SAFE Financing_FINAL signed.pdf,PLACED,10 Technical & Diligence,False,moved,True
F00635,Cambium,Diligence/Funding History/2022 SAFEs/MaC VC - MRL Side Letter Cambium Carbon Seed SAFE Financing certificate.pdf,COMPANIES/Cambium/10_Technical_and_Diligence/MaC VC - MRL Side Letter Cambium Carbon Seed SAFE Financing certificate.pdf,PLACED,10 Technical & Diligence,False,moved,True
F00636,Cambium,Diligence/Funding History/2022 SAFEs/MaC VC Cambium_SeedRound_SAFE_Final signed.pdf,COMPANIES/Cambium/10_Technical_and_Diligence/MaC VC Cambium_SeedRound_SAFE_Final signed.pdf,PLACED,10 Technical & Diligence,False,moved,True
F00637,Cambium,Diligence/Funding History/2022 SAFEs/Postmoney Safe - Valuation Cap Only_81Collective signed.pdf,COMPANIES/Cambium/10_Technical_and_Diligence/Postmoney Safe - Valuation Cap Only_81Collective signed.pdf,PLACED,10 Technical & Diligence,False,moved,True
F00638,Cambium,Diligence/Funding History/2022 SAFEs/Postmoney Safe - Valuation Cap Only_BluePool_Final certificate.pdf,COMPANIES/Cambium/10_Technical_and_Diligence/Postmoney Safe - Valuation Cap Only_BluePool_Final certificate.pdf,PLACED,10 Technical & Diligence,False,moved,True
F00639,Cambium,Diligence/Funding History/2022 SAFEs/Postmoney Safe - Valuation Cap Only_BluePool_Final signed.pdf,COMPANIES/Cambium/10_Technical_and_Diligence/Postmoney Safe - Valuation Cap Only_BluePool_Final signed.pdf,PLACED,10 Technical & Diligence,False,moved,True
F00640,Cambium,Diligence/Funding History/2022 SAFEs/Postmoney Safe - Valuation Cap Only_Soma certificate.pdf,COMPANIES/Cambium/10_Technical_and_Diligence/Postmoney Safe - Valuation Cap Only_Soma certificate.pdf,PLACED,10 Technical & Diligence,False,moved,True
F00641,Cambium,Diligence/Funding History/2022 SAFEs/Postmoney Safe - Valuation Cap Only_Soma signed.pdf,COMPANIES/Cambium/10_Technical_and_Diligence/Postmoney Safe - Valuation Cap Only_Soma signed.pdf,PLACED,10 Technical & Diligence,False,moved,True
F00642,Cambium,Diligence/Funding History/2022 SAFEs/Seed Round SAFE_AlumniVentures signed.pdf,COMPANIES/Cambium/10_Technical_and_Diligence/Seed Round SAFE_AlumniVentures signed.pdf,PLACED,10 Technical & Diligence,False,moved,True
F00643,Cambium,Diligence/Funding History/2022 SAFEs/Seed Round SAFE_AlumniVentures.pdf,COMPANIES/Cambium/14_Historical_Superseded/Seed Round SAFE_AlumniVentures__F00643.pdf,SUPERSEDED,14 Historical / Superseded,False,moved,True
F00644,Cambium,Diligence/Funding History/2022 SAFEs/Revolution-Rise of the Rest/Executed - Cambium Carbon_ROTR II_Investment Letter Agreement_SAFE.pdf,COMPANIES/Cambium/10_Technical_and_Diligence/Executed - Cambium Carbon_ROTR II_Investment Letter Agreement_SAFE.pdf,PLACED,10 Technical & Diligence,False,moved,True
F00645,Cambium,Diligence/Funding History/2022 SAFEs/Revolution-Rise of the Rest/Executed - SAFE - Cambium Carbon PBC - Revolution.pdf,COMPANIES/Cambium/10_Technical_and_Diligence/Executed - SAFE - Cambium Carbon PBC - Revolution.pdf,PLACED,10 Technical & Diligence,False,moved,True
F00646,Cambium,Diligence/Funding History/2023 Seed +/  Blue Pool Capital - Pre-Money SAFE Financing Form (Cap and Discount)signed.pdf,COMPANIES/Cambium/10_Technical_and_Diligence/Blue Pool Capital - Pre-Money SAFE Financing Form (Cap and Discount)signed.pdf,PLACED,10 Technical & Diligence,True,moved,True
F00647,Cambium,Diligence/Funding History/2023 Seed +/Alumni Ventures - Pre-Money SAFE Financing Form (Cap and Discount) _ signed.pdf,COMPANIES/Cambium/10_Technical_and_Diligence/Alumni Ventures - Pre-Money SAFE Financing Form (Cap and Discount) _ signed.pdf,PLACED,10 Technical & Diligence,False,moved,True
F00648,Cambium,Diligence/Funding History/2023 Seed +/BOARD CONSENT – SEED +.pdf,COMPANIES/Cambium/10_Technical_and_Diligence/BOARD CONSENT – SEED +.pdf,PLACED,10 Technical & Diligence,False,moved,True
F00649,Cambium,Diligence/Funding History/2023 Seed +/Cambium Carbon PBC - Pre-Money SAFE Financing Form (Cap and Discount) - Avesta Fund I signed.pdf,COMPANIES/Cambium/10_Technical_and_Diligence/Cambium Carbon PBC - Pre-Money SAFE Financing Form (Cap and Discount) - Avesta Fund I signed.pdf,PLACED,10 Technical & Diligence,False,moved,True
F00650,Cambium,Diligence/Funding History/2023 Seed +/Connecticut Innovations- Pre-Money SAFE Financing Form (Cap and Discount) signed.pdf,COMPANIES/Cambium/10_Technical_and_Diligence/Connecticut Innovations- Pre-Money SAFE Financing Form (Cap and Discount) signed.pdf,PLACED,10 Technical & Diligence,False,moved,True
F00651,Cambium,Diligence/Funding History/2023 Seed +/MAC signature page.pdf,COMPANIES/Cambium/10_Technical_and_Diligence/MAC signature page.pdf,PLACED,10 Technical & Diligence,False,moved,True
F00652,Cambium,"Diligence/Funding History/2023 Seed +/MaC Venture Capital – Pre-Money SAFE Financing $750,000.pdf","COMPANIES/Cambium/10_Technical_and_Diligence/MaC Venture Capital – Pre-Money SAFE Financing $750,000.pdf",PLACED,10 Technical & Diligence,False,moved,True
F00653,Cambium,"Diligence/Funding History/2023 Seed +/Rise of the Rest - Pre-Money SAFE Financing $500,000.pdf","COMPANIES/Cambium/10_Technical_and_Diligence/Rise of the Rest - Pre-Money SAFE Financing $500,000.pdf",PLACED,10 Technical & Diligence,False,moved,True
F00654,Cambium,Diligence/Funding History/2023 Seed +/Mana Ventures (w- side letter)/Mana - Side Letter with Cambium Carbon signed.pdf,COMPANIES/Cambium/10_Technical_and_Diligence/Mana - Side Letter with Cambium Carbon signed.pdf,PLACED,10 Technical & Diligence,False,moved,True
F00655,Cambium,Diligence/Funding History/2023 Seed +/Mana Ventures (w- side letter)/UPDATED Cambium Carbon PBC - Pre-Money SAFE Financing Form (Cap and Discount) _ Mana signed.pdf,COMPANIES/Cambium/10_Technical_and_Diligence/UPDATED Cambium Carbon PBC - Pre-Money SAFE Financing Form (Cap and Discount) _ Mana signed.pdf,PLACED,10 Technical & Diligence,False,moved,True
F00656,Cambium,Diligence/Funding History/Seed Round Investment Documents/2022 SAFEs/81C- MRL Side Letter Cambium Carbon Seed SAFE Financing_FINAL.pdf,COMPANIES/Cambium/10_Technical_and_Diligence/81C- MRL Side Letter Cambium Carbon Seed SAFE Financing_FINAL__F00656.pdf,PLACED,10 Technical & Diligence,False,moved,True
F00657,Cambium,Diligence/Funding History/Seed Round Investment Documents/2022 SAFEs/BluePool - MRL Side Letter Cambium Carbon Seed SAFE Financing_FINAL certificate.pdf,COMPANIES/Cambium/10_Technical_and_Diligence/BluePool - MRL Side Letter Cambium Carbon Seed SAFE Financing_FINAL certificate__F00657.pdf,PLACED,10 Technical & Diligence,False,moved,True
F00658,Cambium,Diligence/Funding History/Seed Round Investment Documents/2022 SAFEs/BluePool - MRL Side Letter Cambium Carbon Seed SAFE Financing_FINAL signed.pdf,COMPANIES/Cambium/10_Technical_and_Diligence/BluePool - MRL Side Letter Cambium Carbon Seed SAFE Financing_FINAL signed__F00658.pdf,PLACED,10 Technical & Diligence,False,moved,True
F00659,Cambium,Diligence/Funding History/Seed Round Investment Documents/2022 SAFEs/MaC VC - MRL Side Letter Cambium Carbon Seed SAFE Financing certificate.pdf,COMPANIES/Cambium/10_Technical_and_Diligence/MaC VC - MRL Side Letter Cambium Carbon Seed SAFE Financing certificate__F00659.pdf,PLACED,10 Technical & Diligence,False,moved,True
F00660,Cambium,Diligence/Funding History/Seed Round Investment Documents/2022 SAFEs/MaC VC Cambium_SeedRound_SAFE_Final signed.pdf,COMPANIES/Cambium/10_Technical_and_Diligence/MaC VC Cambium_SeedRound_SAFE_Final signed__F00660.pdf,PLACED,10 Technical & Diligence,False,moved,True
F00661,Cambium,Diligence/Funding History/Seed Round Investment Documents/2022 SAFEs/Postmoney Safe - Valuation Cap Only_81Collective signed.pdf,COMPANIES/Cambium/10_Technical_and_Diligence/Postmoney Safe - Valuation Cap Only_81Collective signed__F00661.pdf,PLACED,10 Technical & Diligence,False,moved,True
F00662,Cambium,Diligence/Funding History/Seed Round Investment Documents/2022 SAFEs/Postmoney Safe - Valuation Cap Only_BluePool_Final certificate.pdf,COMPANIES/Cambium/10_Technical_and_Diligence/Postmoney Safe - Valuation Cap Only_BluePool_Final certificate__F00662.pdf,PLACED,10 Technical & Diligence,False,moved,True
F00663,Cambium,Diligence/Funding History/Seed Round Investment Documents/2022 SAFEs/Postmoney Safe - Valuation Cap Only_BluePool_Final signed.pdf,COMPANIES/Cambium/10_Technical_and_Diligence/Postmoney Safe - Valuation Cap Only_BluePool_Final signed__F00663.pdf,PLACED,10 Technical & Diligence,False,moved,True
F00664,Cambium,Diligence/Funding History/Seed Round Investment Documents/2022 SAFEs/Postmoney Safe - Valuation Cap Only_Soma certificate.pdf,COMPANIES/Cambium/10_Technical_and_Diligence/Postmoney Safe - Valuation Cap Only_Soma certificate__F00664.pdf,PLACED,10 Technical & Diligence,False,moved,True
F00665,Cambium,Diligence/Funding History/Seed Round Investment Documents/2022 SAFEs/Postmoney Safe - Valuation Cap Only_Soma signed.pdf,COMPANIES/Cambium/10_Technical_and_Diligence/Postmoney Safe - Valuation Cap Only_Soma signed__F00665.pdf,PLACED,10 Technical & Diligence,False,moved,True
F00666,Cambium,Diligence/Funding History/Seed Round Investment Documents/2022 SAFEs/Seed Round SAFE_AlumniVentures signed.pdf,COMPANIES/Cambium/10_Technical_and_Diligence/Seed Round SAFE_AlumniVentures signed__F00666.pdf,PLACED,10 Technical & Diligence,False,moved,True
F00667,Cambium,Diligence/Funding History/Seed Round Investment Documents/2022 SAFEs/Seed Round SAFE_AlumniVentures.pdf,COMPANIES/Cambium/14_Historical_Superseded/Seed Round SAFE_AlumniVentures__F00667.pdf,SUPERSEDED,14 Historical / Superseded,False,moved,True
F00668,Cambium,Diligence/Funding History/Seed Round Investment Documents/2022 SAFEs/Revolution-Rise of the Rest/Executed - Cambium Carbon_ROTR II_Investment Letter Agreement_SAFE.pdf,COMPANIES/Cambium/10_Technical_and_Diligence/Executed - Cambium Carbon_ROTR II_Investment Letter Agreement_SAFE__F00668.pdf,PLACED,10 Technical & Diligence,False,moved,True
F00669,Cambium,Diligence/Funding History/Seed Round Investment Documents/2022 SAFEs/Revolution-Rise of the Rest/Executed - SAFE - Cambium Carbon PBC - Revolution.pdf,COMPANIES/Cambium/10_Technical_and_Diligence/Executed - SAFE - Cambium Carbon PBC - Revolution__F00669.pdf,PLACED,10 Technical & Diligence,False,moved,True
F00670,Cambium,Diligence/Funding History/Seed Round Investment Documents/2023 Seed +/  Blue Pool Capital - Pre-Money SAFE Financing Form (Cap and Discount)signed.pdf,COMPANIES/Cambium/10_Technical_and_Diligence/Blue Pool Capital - Pre-Money SAFE Financing Form (Cap and Discount)signed__F00670.pdf,PLACED,10 Technical & Diligence,True,moved,True
F00671,Cambium,Diligence/Funding History/Seed Round Investment Documents/2023 Seed +/Alumni Ventures - Pre-Money SAFE Financing Form (Cap and Discount) _ signed.pdf,COMPANIES/Cambium/10_Technical_and_Diligence/Alumni Ventures - Pre-Money SAFE Financing Form (Cap and Discount) _ signed__F00671.pdf,PLACED,10 Technical & Diligence,False,moved,True
F00672,Cambium,Diligence/Funding History/Seed Round Investment Documents/2023 Seed +/BOARD CONSENT – SEED +.pdf,COMPANIES/Cambium/10_Technical_and_Diligence/BOARD CONSENT – SEED +__F00672.pdf,PLACED,10 Technical & Diligence,False,moved,True
F00673,Cambium,Diligence/Funding History/Seed Round Investment Documents/2023 Seed +/Cambium Carbon PBC - Pre-Money SAFE Financing Form (Cap and Discount) - Avesta Fund I signed.pdf,COMPANIES/Cambium/10_Technical_and_Diligence/Cambium Carbon PBC - Pre-Money SAFE Financing Form (Cap and Discount) - Avesta Fund I signed__F00673.pdf,PLACED,10 Technical & Diligence,False,moved,True
F00674,Cambium,Diligence/Funding History/Seed Round Investment Documents/2023 Seed +/Connecticut Innovations- Pre-Money SAFE Financing Form (Cap and Discount) signed.pdf,COMPANIES/Cambium/10_Technical_and_Diligence/Connecticut Innovations- Pre-Money SAFE Financing Form (Cap and Discount) signed__F00674.pdf,PLACED,10 Technical & Diligence,False,moved,True
F00675,Cambium,Diligence/Funding History/Seed Round Investment Documents/2023 Seed +/MAC signature page.pdf,COMPANIES/Cambium/10_Technical_and_Diligence/MAC signature page__F00675.pdf,PLACED,10 Technical & Diligence,False,moved,True
F00676,Cambium,"Diligence/Funding History/Seed Round Investment Documents/2023 Seed +/MaC Venture Capital – Pre-Money SAFE Financing $750,000.pdf","COMPANIES/Cambium/10_Technical_and_Diligence/MaC Venture Capital – Pre-Money SAFE Financing $750,000__F00676.pdf",PLACED,10 Technical & Diligence,False,moved,True
F00677,Cambium,"Diligence/Funding History/Seed Round Investment Documents/2023 Seed +/Rise of the Rest - Pre-Money SAFE Financing $500,000.pdf","COMPANIES/Cambium/10_Technical_and_Diligence/Rise of the Rest - Pre-Money SAFE Financing $500,000__F00677.pdf",PLACED,10 Technical & Diligence,False,moved,True
F00678,Cambium,Diligence/Funding History/Seed Round Investment Documents/2023 Seed +/Mana Ventures (w- side letter)/Mana - Side Letter with Cambium Carbon signed.pdf,COMPANIES/Cambium/10_Technical_and_Diligence/Mana - Side Letter with Cambium Carbon signed__F00678.pdf,PLACED,10 Technical & Diligence,False,moved,True
F00679,Cambium,Diligence/Funding History/Seed Round Investment Documents/2023 Seed +/Mana Ventures (w- side letter)/UPDATED Cambium Carbon PBC - Pre-Money SAFE Financing Form (Cap and Discount) _ Mana signed.pdf,COMPANIES/Cambium/10_Technical_and_Diligence/UPDATED Cambium Carbon PBC - Pre-Money SAFE Financing Form (Cap and Discount) _ Mana signed__F00679.pdf,PLACED,10 Technical & Diligence,False,moved,True
F00680,Cambium,Diligence/Impact/01_Carbon-Smart Wood Impact Model.xlsx,COMPANIES/Cambium/11_Impact_and_Climate/01_Carbon-Smart Wood Impact Model.xlsx,PLACED,11 Impact & Climate,False,moved,True
F00681,Cambium,Diligence/Impact/Cambium Impact Model_2024_09_06 (1).xlsx,COMPANIES/Cambium/11_Impact_and_Climate/Cambium Impact Model_2024_09_06 (1).xlsx,PLACED,11 Impact & Climate,False,moved,True
F00682,Cambium,Diligence/Impact/Cambium Impact Model_2024_09_06(Cambium Estimates (2020-2050)).csv,COMPANIES/Cambium/14_Historical_Superseded/Cambium Impact Model_2024_09_06(Cambium Estimates (2020-2050)).csv,SUPERSEDED,14 Historical / Superseded,False,moved,True
F00683,Cambium,Diligence/Impact/Cambium Impact Model_2024_09_06(Cambium Estimates (2020-2050)).gsheet,COMPANIES/Cambium/11_Impact_and_Climate/Cambium Impact Model_2024_09_06(Cambium Estimates (2020-2050)).gsheet,PLACED,11 Impact & Climate,False,moved,True
F00684,Cambium,Diligence/Impact/Cambium Impact Model_2024_09_06.xlsx,COMPANIES/Cambium/14_Historical_Superseded/Cambium Impact Model_2024_09_06.xlsx,SUPERSEDED,14 Historical / Superseded,False,moved,True
F00685,Cambium,Diligence/Impact/Cambium+IP+One+Pager (2).pdf,COMPANIES/Cambium/11_Impact_and_Climate/Cambium+IP+One+Pager (2).pdf,PLACED,11 Impact & Climate,False,moved,True
F00686,Cambium,Diligence/Impact/Carbon Calc Cambium Work.gsheet,COMPANIES/Cambium/11_Impact_and_Climate/Carbon Calc Cambium Work.gsheet,PLACED,11 Impact & Climate,False,moved,True
F00687,Cambium,Diligence/Impact/Carbon+Smart+Wood+Products+Impact+Methodology+Report_August+2024.pdf,COMPANIES/Cambium/11_Impact_and_Climate/Carbon+Smart+Wood+Products+Impact+Methodology+Report_August+2024.pdf,PLACED,11 Impact & Climate,False,moved,True
F00688,Cambium,Diligence/Information Requests/Cambium Info Request.gdoc,COMPANIES/Cambium/10_Technical_and_Diligence/Cambium Info Request.gdoc,PLACED,10 Technical & Diligence,False,moved,True
F00689,Cambium,Diligence/Information Requests/Level I _ Cambium Company Overview _ 2024.pdf,COMPANIES/Cambium/10_Technical_and_Diligence/Level I _ Cambium Company Overview _ 2024.pdf,PLACED,10 Technical & Diligence,False,moved,True
F00690,Cambium,Diligence/Information Requests/Volo Ventures _ Cambium Diligence (1).pdf,COMPANIES/Cambium/10_Technical_and_Diligence/Volo Ventures _ Cambium Diligence (1).pdf,PLACED,10 Technical & Diligence,False,moved,True
F00691,Cambium,Diligence/Legal/VoLo - Cambium Series A Term Sheet (Execution Copy) 10.29.24 - signed.pdf,COMPANIES/Cambium/02_Financing_and_Legal/VoLo - Cambium Series A Term Sheet (Execution Copy) 10.29.24 - signed__F00691.pdf,PLACED,02 Financing & Legal,False,moved,True
F00692,Cambium,Diligence/Market & Customers/Amazon+Atlanta++Fulfillment+Hub+FAQ.pdf,COMPANIES/Cambium/09_Commercial_and_Customers/Amazon+Atlanta++Fulfillment+Hub+FAQ.pdf,PLACED,09 Commercial & Customers,False,moved,True
F00693,Cambium,Diligence/Market & Customers/Cambium Carbon Customer Context - Amazon (Co Provided).gdoc,COMPANIES/Cambium/09_Commercial_and_Customers/Cambium Carbon Customer Context - Amazon (Co Provided).gdoc,PLACED,09 Commercial & Customers,False,moved,True
F00694,Cambium,Diligence/Market & Customers/Cambium Carbon Income by Customer.xlsx,COMPANIES/Cambium/09_Commercial_and_Customers/Cambium Carbon Income by Customer.xlsx,PLACED,09 Commercial & Customers,False,moved,True
F00695,Cambium,Diligence/Market & Customers/Cambium+IP+One+Pager (2).pdf,COMPANIES/Cambium/09_Commercial_and_Customers/Cambium+IP+One+Pager (2).pdf,PLACED,09 Commercial & Customers,False,moved,True
F00696,Cambium,Diligence/Market & Customers/Mass Timber Competitive Edge - Q&A.gdoc,COMPANIES/Cambium/09_Commercial_and_Customers/Mass Timber Competitive Edge - Q&A.gdoc,PLACED,09 Commercial & Customers,False,moved,True
F00697,Cambium,Diligence/Market & Customers/Milling Drying Service Providers FAQ.gdoc,COMPANIES/Cambium/09_Commercial_and_Customers/Milling Drying Service Providers FAQ.gdoc,PLACED,09 Commercial & Customers,False,moved,True
F00698,Cambium,Diligence/Market & Customers/Pipeline & Supporting Docs.xlsx,COMPANIES/Cambium/09_Commercial_and_Customers/Pipeline & Supporting Docs.xlsx,PLACED,09 Commercial & Customers,False,moved,True
F00699,Cambium,Diligence/Market & Customers/Customer References/(Confidential) Cambium Carbon Customer Call - Building Decarb (Amazon).gdoc,COMPANIES/Cambium/14_Historical_Superseded/(Confidential) Cambium Carbon Customer Call - Building Decarb (Amazon).gdoc,SUPERSEDED,14 Historical / Superseded,False,moved,True
F00700,Cambium,Diligence/Market & Customers/Customer References/(Confidential) Cambium Carbon Customer Call - Building Decarb (Amazon).pdf,COMPANIES/Cambium/09_Commercial_and_Customers/(Confidential) Cambium Carbon Customer Call - Building Decarb (Amazon).pdf,PLACED,09 Commercial & Customers,False,moved,True
F00701,Cambium,Diligence/Market & Customers/Customer References/Cambium Carbon Customer Call -  Log Trucker (Miguel Raymond) (1).pdf,COMPANIES/Cambium/09_Commercial_and_Customers/Cambium Carbon Customer Call - Log Trucker (Miguel Raymond) (1).pdf,PLACED,09 Commercial & Customers,True,moved,True
F00702,Cambium,Diligence/Market & Customers/Customer References/Cambium Carbon Customer Call -  Log Trucker (Miguel Raymond).gdoc,COMPANIES/Cambium/14_Historical_Superseded/Cambium Carbon Customer Call - Log Trucker (Miguel Raymond).gdoc,SUPERSEDED,14 Historical / Superseded,True,moved,True
F00703,Cambium,Diligence/Market & Customers/Customer References/Cambium Carbon Customer Call - Forester   Sawmill (Glenn Zane).gdoc,COMPANIES/Cambium/09_Commercial_and_Customers/Cambium Carbon Customer Call - Forester Sawmill (Glenn Zane).gdoc,PLACED,09 Commercial & Customers,True,moved,True
F00704,Cambium,Diligence/Market & Customers/Customer References/Cambium Carbon Customer Call - Forester _ Sawmill (Glenn Zane).pdf,COMPANIES/Cambium/14_Historical_Superseded/Cambium Carbon Customer Call - Forester _ Sawmill (Glenn Zane).pdf,SUPERSEDED,14 Historical / Superseded,False,moved,True
F00705,Cambium,Diligence/Market & Customers/Customer References/Cambium Carbon Customer Call - Mass Timber (Amazon).gdoc,COMPANIES/Cambium/14_Historical_Superseded/Cambium Carbon Customer Call - Mass Timber (Amazon).gdoc,SUPERSEDED,14 Historical / Superseded,False,moved,True
F00706,Cambium,Diligence/Market & Customers/Customer References/Cambium Carbon Customer Call - Mass Timber (Amazon).pdf,COMPANIES/Cambium/09_Commercial_and_Customers/Cambium Carbon Customer Call - Mass Timber (Amazon).pdf,PLACED,09 Commercial & Customers,False,moved,True
F00707,Cambium,Diligence/Market & Customers/Customer References/Cambium Carbon Customer Call - Tree Service (Justin Floyd) (2).pdf,COMPANIES/Cambium/09_Commercial_and_Customers/Cambium Carbon Customer Call - Tree Service (Justin Floyd) (2).pdf,PLACED,09 Commercial & Customers,False,moved,True
F00708,Cambium,Diligence/Market & Customers/Customer References/Cambium Carbon Customer Call - Tree Service (Justin Floyd).gdoc,COMPANIES/Cambium/14_Historical_Superseded/Cambium Carbon Customer Call - Tree Service (Justin Floyd).gdoc,SUPERSEDED,14 Historical / Superseded,False,moved,True
F00709,Cambium,Diligence/Market & Customers/Customer References/Cambium Mill Call Notes (Avesta).pdf,COMPANIES/Cambium/09_Commercial_and_Customers/Cambium Mill Call Notes (Avesta).pdf,PLACED,09 Commercial & Customers,False,moved,True
F00710,Cambium,Diligence/Market & Customers/POs & Contracts/Amazon PO-2D-13419188_v1_20240321.pdf,COMPANIES/Cambium/09_Commercial_and_Customers/Amazon PO-2D-13419188_v1_20240321.pdf,PLACED,09 Commercial & Customers,False,moved,True
F00711,Cambium,Diligence/Market & Customers/POs & Contracts/Amazon Production Order.pdf,COMPANIES/Cambium/09_Commercial_and_Customers/Amazon Production Order__F00711.pdf,PLACED,09 Commercial & Customers,False,moved,True
F00712,Cambium,Diligence/Market & Customers/POs & Contracts/Arbor Wood Production Order.pdf,COMPANIES/Cambium/09_Commercial_and_Customers/Arbor Wood Production Order__F00712.pdf,PLACED,09 Commercial & Customers,False,moved,True
F00713,Cambium,Diligence/Market & Customers/POs & Contracts/Emeco Production Order.pdf,COMPANIES/Cambium/09_Commercial_and_Customers/Emeco Production Order__F00713.pdf,PLACED,09 Commercial & Customers,False,moved,True
F00714,Cambium,Diligence/Market & Customers/POs & Contracts/Equinox Holdings via Madera PO.pdf,COMPANIES/Cambium/09_Commercial_and_Customers/Equinox Holdings via Madera PO__F00714.pdf,PLACED,09 Commercial & Customers,False,moved,True
F00715,Cambium,Diligence/Market & Customers/POs & Contracts/Equinox Production Order.pdf,COMPANIES/Cambium/09_Commercial_and_Customers/Equinox Production Order__F00715.pdf,PLACED,09 Commercial & Customers,False,moved,True
F00716,Cambium,Diligence/Market & Customers/POs & Contracts/Google PO  4100180009.PDF,COMPANIES/Cambium/09_Commercial_and_Customers/Google PO 4100180009__F00716.PDF,PLACED,09 Commercial & Customers,True,moved,True
F00717,Cambium,Diligence/Market & Customers/POs & Contracts/Google PO 4100370673 Hangar 3.pdf,COMPANIES/Cambium/09_Commercial_and_Customers/Google PO 4100370673 Hangar 3__F00717.pdf,PLACED,09 Commercial & Customers,False,moved,True
F00718,Cambium,Diligence/Market & Customers/POs & Contracts/Heartwood CLT Production Order.pdf,COMPANIES/Cambium/09_Commercial_and_Customers/Heartwood CLT Production Order__F00718.pdf,PLACED,09 Commercial & Customers,False,moved,True
F00719,Cambium,Diligence/Market & Customers/POs & Contracts/InventWood Production Order.pdf,COMPANIES/Cambium/09_Commercial_and_Customers/InventWood Production Order__F00719.pdf,PLACED,09 Commercial & Customers,False,moved,True
F00720,Cambium,Diligence/Market & Customers/POs & Contracts/Larimer County P002342 Cambium Carbon PBC P23-25 (2).PDF,COMPANIES/Cambium/09_Commercial_and_Customers/Larimer County P002342 Cambium Carbon PBC P23-25 (2)__F00720.PDF,PLACED,09 Commercial & Customers,False,moved,True
F00721,Cambium,Diligence/Market & Customers/POs & Contracts/Lowe_s Production Order.pdf,COMPANIES/Cambium/09_Commercial_and_Customers/Lowe_s Production Order__F00721.pdf,PLACED,09 Commercial & Customers,False,moved,True
F00722,Cambium,Diligence/Market & Customers/POs & Contracts/Room & Board Production Order.pdf,COMPANIES/Cambium/09_Commercial_and_Customers/Room & Board Production Order__F00722.pdf,PLACED,09 Commercial & Customers,False,moved,True
F00723,Cambium,Diligence/Market & Customers/POs & Contracts/Steelcase Production Order.pdf,COMPANIES/Cambium/09_Commercial_and_Customers/Steelcase Production Order__F00723.pdf,PLACED,09 Commercial & Customers,False,moved,True
F00724,Cambium,Diligence/Market & Customers/POs & Contracts/Vaagen Timbers Production Order.pdf,COMPANIES/Cambium/09_Commercial_and_Customers/Vaagen Timbers Production Order__F00724.pdf,PLACED,09 Commercial & Customers,False,moved,True
F00725,Cambium,Diligence/Market & Customers/POs & Contracts/Woodline Frisco - Signed Agreement (1).pdf,COMPANIES/Cambium/09_Commercial_and_Customers/Woodline Frisco - Signed Agreement (1)__F00725.pdf,PLACED,09 Commercial & Customers,False,moved,True
F00726,Cambium,Diligence/Supplemental Documentation/HR (Supplementary Docs)/2024 Cambium Benefits Guide.pdf,COMPANIES/Cambium/10_Technical_and_Diligence/2024 Cambium Benefits Guide__F00726.pdf,PLACED,10 Technical & Diligence,False,moved,True
F00727,Cambium,Diligence/Supplemental Documentation/HR (Supplementary Docs)/Cambium Employee Handbook.pdf,COMPANIES/Cambium/10_Technical_and_Diligence/Cambium Employee Handbook__F00727.pdf,PLACED,10 Technical & Diligence,False,moved,True
F00728,Cambium,Diligence/Supplemental Documentation/Impact (Supplementary Docs)/Cambium Impact Overview.pdf,COMPANIES/Cambium/11_Impact_and_Climate/Cambium Impact Overview__F00728.pdf,PLACED,11 Impact & Climate,False,moved,True
F00729,Cambium,Diligence/Supplemental Documentation/Impact (Supplementary Docs)/Reforestation Hubs Concept Note.pdf,COMPANIES/Cambium/11_Impact_and_Climate/Reforestation Hubs Concept Note__F00729.pdf,PLACED,11 Impact & Climate,False,moved,True
F00730,Cambium,Diligence/Supplemental Documentation/Impact (Supplementary Docs)/Certifications/Declare Label/Declare  Manufacturer_s Guide.pdf,COMPANIES/Cambium/11_Impact_and_Climate/Declare Manufacturer_s Guide__F00730.pdf,PLACED,11 Impact & Climate,True,moved,True
F00731,Cambium,Diligence/Supplemental Documentation/Impact (Supplementary Docs)/Certifications/Declare Label/Declare Label_Carbon Smart Wood.docx,COMPANIES/Cambium/11_Impact_and_Climate/Declare Label_Carbon Smart Wood__F00731.docx,PLACED,11 Impact & Climate,False,moved,True
F00732,Cambium,Diligence/Supplemental Documentation/Impact (Supplementary Docs)/Certifications/Declare Label/Declare Label_Carbon Smart Wood.jpg,COMPANIES/Cambium/14_Historical_Superseded/Declare Label_Carbon Smart Wood__F00732.jpg,SUPERSEDED,14 Historical / Superseded,False,moved,True
F00733,Cambium,Diligence/Supplemental Documentation/Impact (Supplementary Docs)/Certifications/Declare Label/Declare Label_Thermo.docx,COMPANIES/Cambium/11_Impact_and_Climate/Declare Label_Thermo__F00733.docx,PLACED,11 Impact & Climate,False,moved,True
F00734,Cambium,Diligence/Supplemental Documentation/Impact (Supplementary Docs)/Certifications/Declare Label/RedOak_Siding_ClearOil_5.jpg,COMPANIES/Cambium/11_Impact_and_Climate/RedOak_Siding_ClearOil_5__F00734.jpg,PLACED,11 Impact & Climate,False,moved,True
F00735,Cambium,Diligence/Supplemental Documentation/Impact (Supplementary Docs)/Certifications/Declare Label/red oak siding_csw label.png,COMPANIES/Cambium/11_Impact_and_Climate/red oak siding_csw label__F00735.png,PLACED,11 Impact & Climate,False,moved,True
F00736,Cambium,Diligence/Supplemental Documentation/Impact (Supplementary Docs)/Certifications/Declare Label/white oak_csw label.png,COMPANIES/Cambium/11_Impact_and_Climate/white oak_csw label__F00736.png,PLACED,11 Impact & Climate,False,moved,True
F00737,Cambium,Diligence/Supplemental Documentation/Impact (Supplementary Docs)/Certifications/USDA Biobased/BioPreferredLabel_Black SVG.SVG,COMPANIES/Cambium/11_Impact_and_Climate/BioPreferredLabel_Black SVG__F00737.SVG,PLACED,11 Impact & Climate,False,moved,True
F00738,Cambium,Diligence/Supplemental Documentation/Impact (Supplementary Docs)/Certifications/USDA Biobased/BioPreferredLabel_Black.PNG,COMPANIES/Cambium/11_Impact_and_Climate/BioPreferredLabel_Black__F00738.PNG,PLACED,11 Impact & Climate,False,moved,True
F00739,Cambium,Diligence/Supplemental Documentation/Impact (Supplementary Docs)/Certifications/USDA Biobased/BioPreferredLabel_Color SVG.SVG,COMPANIES/Cambium/11_Impact_and_Climate/BioPreferredLabel_Color SVG__F00739.SVG,PLACED,11 Impact & Climate,False,moved,True
F00740,Cambium,Diligence/Supplemental Documentation/Impact (Supplementary Docs)/Certifications/USDA Biobased/BioPreferredLabel_Color.PNG,COMPANIES/Cambium/11_Impact_and_Climate/BioPreferredLabel_Color__F00740.PNG,PLACED,11 Impact & Climate,False,moved,True
F00741,Cambium,Diligence/Supplemental Documentation/Impact (Supplementary Docs)/Certifications/USDA Biobased/BioPreferredLabel_White SVG.SVG,COMPANIES/Cambium/11_Impact_and_Climate/BioPreferredLabel_White SVG__F00741.SVG,PLACED,11 Impact & Climate,False,moved,True
F00742,Cambium,Diligence/Supplemental Documentation/Impact (Supplementary Docs)/Certifications/USDA Biobased/BioPreferredLabel_White.PNG,COMPANIES/Cambium/11_Impact_and_Climate/BioPreferredLabel_White__F00742.PNG,PLACED,11 Impact & Climate,False,moved,True
F00743,Cambium,Diligence/Supplemental Documentation/Impact (Supplementary Docs)/Certifications/USDA Biobased/USDA BioPreferred Certification_Carbon Smart Wood.pdf,COMPANIES/Cambium/11_Impact_and_Climate/USDA BioPreferred Certification_Carbon Smart Wood__F00743.pdf,PLACED,11 Impact & Climate,False,moved,True
F00744,Cambium,Diligence/Supplemental Documentation/Impact (Supplementary Docs)/Certifications/USDA Biobased/USDA Biobased Application_Carbon Smart Wood.docx,COMPANIES/Cambium/11_Impact_and_Climate/USDA Biobased Application_Carbon Smart Wood__F00744.docx,PLACED,11 Impact & Climate,False,moved,True
F00745,Cambium,Diligence/Supplemental Documentation/Impact (Supplementary Docs)/Certifications/USDA Biobased/USDA_Guidelines_Final.pdf,COMPANIES/Cambium/11_Impact_and_Climate/USDA_Guidelines_Final__F00745.pdf,PLACED,11 Impact & Climate,False,moved,True
F00746,Cambium,Diligence/Supplemental Documentation/Impact (Supplementary Docs)/Consulting Agreements /8 Rivers Feedstock Sourcing + Testing.pdf,COMPANIES/Cambium/11_Impact_and_Climate/8 Rivers Feedstock Sourcing + Testing__F00746.pdf,PLACED,11 Impact & Climate,False,moved,True
F00747,Cambium,Diligence/Supplemental Documentation/Impact (Supplementary Docs)/Consulting Agreements /8Rivers _ Executive Summary.pdf,COMPANIES/Cambium/11_Impact_and_Climate/8Rivers _ Executive Summary__F00747.pdf,PLACED,11 Impact & Climate,False,moved,True
F00748,Cambium,Diligence/Supplemental Documentation/Impact (Supplementary Docs)/Consulting Agreements /Landforce x Cambium MSA.pdf,COMPANIES/Cambium/11_Impact_and_Climate/Landforce x Cambium MSA__F00748.pdf,PLACED,11 Impact & Climate,False,moved,True
F00749,Cambium,Diligence/Supplemental Documentation/Impact (Supplementary Docs)/Consulting Agreements /Larimer County CO & Cambium contract ($300k).PDF,COMPANIES/Cambium/11_Impact_and_Climate/Larimer County CO & Cambium contract ($300k)__F00749.PDF,PLACED,11 Impact & Climate,False,moved,True
F00750,Cambium,Diligence/Supplemental Documentation/Impact (Supplementary Docs)/Consulting Agreements /Lendlease Fort Cavazos Contract.pdf,COMPANIES/Cambium/11_Impact_and_Climate/Lendlease Fort Cavazos Contract__F00750.pdf,PLACED,11 Impact & Climate,False,moved,True
F00751,Cambium,Diligence/Supplemental Documentation/Impact (Supplementary Docs)/Consulting Agreements /Partnership on Waste & Energy Phase II Contract.pdf,COMPANIES/Cambium/11_Impact_and_Climate/Partnership on Waste & Energy Phase II Contract__F00751.pdf,PLACED,11 Impact & Climate,False,moved,True
F00752,Cambium,Diligence/Supplemental Documentation/Impact (Supplementary Docs)/Consulting Agreements /Penninsula Open Space Trust Contract.pdf,COMPANIES/Cambium/11_Impact_and_Climate/Penninsula Open Space Trust Contract__F00752.pdf,PLACED,11 Impact & Climate,False,moved,True
F00753,Cambium,Diligence/Supplemental Documentation/Impact (Supplementary Docs)/Impact Quantification Tools [Confidential & Proprietary]/Biogenic Carbon Storage & Reinvestment Calculator.xlsx,COMPANIES/Cambium/11_Impact_and_Climate/Biogenic Carbon Storage & Reinvestment Calculator__F00753.xlsx,PLACED,11 Impact & Climate,False,moved,True
F00754,Cambium,Diligence/Supplemental Documentation/Impact (Supplementary Docs)/Impact Quantification Tools [Confidential & Proprietary]/Carbon Smart Wood Impact Model.xlsx,COMPANIES/Cambium/11_Impact_and_Climate/Carbon Smart Wood Impact Model__F00754.xlsx,PLACED,11 Impact & Climate,False,moved,True
F00755,Cambium,Diligence/Supplemental Documentation/Impact (Supplementary Docs)/Impact Quantification Tools [Confidential & Proprietary]/Traece-generated CSW Project Impact Report (Sample).pdf,COMPANIES/Cambium/11_Impact_and_Climate/Traece-generated CSW Project Impact Report (Sample)__F00755.pdf,PLACED,11 Impact & Climate,False,moved,True
F00756,Cambium,Diligence/Supplemental Documentation/Legal (Supplementary Docs)/Company Minute Book and Corporate Records/Confidentiality and Nondisclosure Agreement - CAMBIUM CARBON PBC Firewood Farms UNEXECUTED.docx,COMPANIES/Cambium/02_Financing_and_Legal/Confidentiality and Nondisclosure Agreement - CAMBIUM CARBON PBC Firewood Farms UNEXECUTED__F00756.docx,PLACED,02 Financing & Legal,False,moved,True
F00757,Cambium,Diligence/Supplemental Documentation/Legal (Supplementary Docs)/Company Minute Book and Corporate Records/Confidentiality and Nondisclosure Agreement - CAMBIUM CARBON PBC _ ChipDrop.docx,COMPANIES/Cambium/02_Financing_and_Legal/Confidentiality and Nondisclosure Agreement - CAMBIUM CARBON PBC _ ChipDrop__F00757.docx,PLACED,02 Financing & Legal,False,moved,True
F00758,Cambium,Diligence/Supplemental Documentation/Legal (Supplementary Docs)/Company Minute Book and Corporate Records/Confidentiality and Nondisclosure Agreement - CAMBIUM CARBON PBC.docx,COMPANIES/Cambium/02_Financing_and_Legal/Confidentiality and Nondisclosure Agreement - CAMBIUM CARBON PBC__F00758.docx,PLACED,02 Financing & Legal,False,moved,True
F00759,Cambium,Diligence/Supplemental Documentation/Legal (Supplementary Docs)/Company Minute Book and Corporate Records/Confidentiality and Nondisclosure Agreement - CAMBIUM CARBON PBC_PlanITgeo.docx,COMPANIES/Cambium/02_Financing_and_Legal/Confidentiality and Nondisclosure Agreement - CAMBIUM CARBON PBC_PlanITgeo__F00759.docx,PLACED,02 Financing & Legal,False,moved,True
F00760,Cambium,Diligence/Supplemental Documentation/Legal (Supplementary Docs)/Company Minute Book and Corporate Records/Confidentiality and Nondisclosure Agreement - CAMBIUM CARBON PBC_TimberEye.docx,COMPANIES/Cambium/02_Financing_and_Legal/Confidentiality and Nondisclosure Agreement - CAMBIUM CARBON PBC_TimberEye__F00760.docx,PLACED,02 Financing & Legal,False,moved,True
F00761,Cambium,Diligence/Supplemental Documentation/Legal (Supplementary Docs)/Company Minute Book and Corporate Records/Confidentiality and Nondisclosure Agreement - CAMBIUM CARBON PBC_WorkingTrees.docx,COMPANIES/Cambium/02_Financing_and_Legal/Confidentiality and Nondisclosure Agreement - CAMBIUM CARBON PBC_WorkingTrees__F00761.docx,PLACED,02 Financing & Legal,False,moved,True
F00762,Cambium,Diligence/Supplemental Documentation/Legal (Supplementary Docs)/Company Minute Book and Corporate Records/Confidentiality and Nondisclosure Agreement - CAMBIUM CARBON PBC_c scale.docx,COMPANIES/Cambium/02_Financing_and_Legal/Confidentiality and Nondisclosure Agreement - CAMBIUM CARBON PBC_c scale__F00762.docx,PLACED,02 Financing & Legal,False,moved,True
F00763,Cambium,Diligence/Supplemental Documentation/Legal (Supplementary Docs)/Company Minute Book and Corporate Records/Digital Acknowledgement _ Confidentiality and Nondisclosure Agreement - CAMBIUM CARBON PBC.docx,COMPANIES/Cambium/02_Financing_and_Legal/Digital Acknowledgement _ Confidentiality and Nondisclosure Agreement - CAMBIUM CARBON PBC__F00763.docx,PLACED,02 Financing & Legal,False,moved,True
F00764,Cambium,Diligence/Supplemental Documentation/Legal (Supplementary Docs)/Company Minute Book and Corporate Records/Forward Forestry Confidentiality and Nondisclosure Agreement - CAMBIUM CARBON PBC.docx,COMPANIES/Cambium/02_Financing_and_Legal/Forward Forestry Confidentiality and Nondisclosure Agreement - CAMBIUM CARBON PBC__F00764.docx,PLACED,02 Financing & Legal,False,moved,True
F00765,Cambium,Diligence/Supplemental Documentation/Legal (Supplementary Docs)/Company Minute Book and Corporate Records/[TEMPLATE] Confidentiality and Nondisclosure Agreement - CAMBIUM CARBON PBC.docx,COMPANIES/Cambium/02_Financing_and_Legal/[TEMPLATE] Confidentiality and Nondisclosure Agreement - CAMBIUM CARBON PBC__F00765.docx,PLACED,02 Financing & Legal,False,moved,True
F00766,Cambium,Diligence/Supplemental Documentation/Legal (Supplementary Docs)/Company Minute Book and Corporate Records/Acquisition of Forward Forestry/Executed Forward Forestry Asset Purchase Agreement wet signature.pdf,COMPANIES/Cambium/02_Financing_and_Legal/Executed Forward Forestry Asset Purchase Agreement wet signature__F00766.pdf,PLACED,02 Financing & Legal,False,moved,True
F00767,Cambium,Diligence/Supplemental Documentation/Legal (Supplementary Docs)/Company Minute Book and Corporate Records/Acquisition of Forward Forestry/Final and Comprised (6.7.24) - Asset Purchase Agreement - Forward Forestry - Cambium Carbon PBC - unsigned.pdf,COMPANIES/Cambium/02_Financing_and_Legal/Final and Comprised (6.7.24) - Asset Purchase Agreement - Forward Forestry - Cambium Carbon PBC - unsigned__F00767.pdf,PLACED,02 Financing & Legal,False,moved,True
F00768,Cambium,Diligence/Supplemental Documentation/Legal (Supplementary Docs)/Company Minute Book and Corporate Records/Acquisition of OE Custom/3-31-22 Employment Agreement - Paul Timmins (Execution Copy) .docx,COMPANIES/Cambium/02_Financing_and_Legal/3-31-22 Employment Agreement - Paul Timmins (Execution Copy)__F00768.docx,PLACED,02 Financing & Legal,True,moved,True
F00769,Cambium,Diligence/Supplemental Documentation/Legal (Supplementary Docs)/Company Minute Book and Corporate Records/Acquisition of OE Custom/Copy of IMG_7069.jpg,COMPANIES/Cambium/02_Financing_and_Legal/Copy of IMG_7069__F00769.jpg,PLACED,02 Financing & Legal,False,moved,True
F00770,Cambium,Diligence/Supplemental Documentation/Legal (Supplementary Docs)/Company Minute Book and Corporate Records/Acquisition of OE Custom/IMG_7069.jpg,COMPANIES/Cambium/02_Financing_and_Legal/IMG_7069__F00770.jpg,PLACED,02 Financing & Legal,False,moved,True
F00771,Cambium,Diligence/Supplemental Documentation/Legal (Supplementary Docs)/Company Minute Book and Corporate Records/Acquisition of OE Custom/IMG_7070.jpg,COMPANIES/Cambium/02_Financing_and_Legal/IMG_7070__F00771.jpg,PLACED,02 Financing & Legal,False,moved,True
F00772,Cambium,Diligence/Supplemental Documentation/Legal (Supplementary Docs)/Company Minute Book and Corporate Records/Acquisition of OE Custom/Letter_Requesting_Permission_to_Assignment_BFL_Lease.docx,COMPANIES/Cambium/02_Financing_and_Legal/Letter_Requesting_Permission_to_Assignment_BFL_Lease__F00772.docx,PLACED,02 Financing & Legal,False,moved,True
F00773,Cambium,Diligence/Supplemental Documentation/Legal (Supplementary Docs)/Company Minute Book and Corporate Records/Acquisition of OE Custom/OE Business Plan Outline V2.0.docx,COMPANIES/Cambium/02_Financing_and_Legal/OE Business Plan Outline V2.0__F00773.docx,PLACED,02 Financing & Legal,False,moved,True
F00774,Cambium,Diligence/Supplemental Documentation/Legal (Supplementary Docs)/Company Minute Book and Corporate Records/Acquisition of OE Custom/Questions for Paul.docx,COMPANIES/Cambium/02_Financing_and_Legal/Questions for Paul__F00774.docx,PLACED,02 Financing & Legal,False,moved,True
F00775,Cambium,Diligence/Supplemental Documentation/Legal (Supplementary Docs)/Company Minute Book and Corporate Records/Acquisition of OE Custom/Signed Purchase Agreement - BFL.docx,COMPANIES/Cambium/02_Financing_and_Legal/Signed Purchase Agreement - BFL__F00775.docx,PLACED,02 Financing & Legal,False,moved,True
F00776,Cambium,Diligence/Supplemental Documentation/Legal (Supplementary Docs)/Company Minute Book and Corporate Records/Acquisition of OE Custom/Signed Purchase Agreement - BFL.pdf,COMPANIES/Cambium/14_Historical_Superseded/Signed Purchase Agreement - BFL__F00776.pdf,SUPERSEDED,14 Historical / Superseded,False,moved,True
F00777,Cambium,Diligence/Supplemental Documentation/Legal (Supplementary Docs)/Company Minute Book and Corporate Records/Acquisition of OE Custom/TH_License.pdf,COMPANIES/Cambium/02_Financing_and_Legal/TH_License__F00777.pdf,PLACED,02 Financing & Legal,False,moved,True
F00778,Cambium,Diligence/Supplemental Documentation/Legal (Supplementary Docs)/Company Minute Book and Corporate Records/Acquisition of OE Custom/To Do BFL (Passwords and Account Info).xlsx,COMPANIES/Cambium/02_Financing_and_Legal/To Do BFL (Passwords and Account Info)__F00778.xlsx,PLACED,02 Financing & Legal,False,moved,True
F00779,Cambium,Diligence/Supplemental Documentation/Legal (Supplementary Docs)/Company Minute Book and Corporate Records/Acquisition of OE Custom/BFL Records - Company Docs/BFL Bank Docs - Mar 23 2022 - 3-59 PM.pdf,COMPANIES/Cambium/02_Financing_and_Legal/BFL Bank Docs - Mar 23 2022 - 3-59 PM__F00779.pdf,PLACED,02 Financing & Legal,False,moved,True
F00780,Cambium,Diligence/Supplemental Documentation/Legal (Supplementary Docs)/Company Minute Book and Corporate Records/Acquisition of OE Custom/BFL Records - Company Docs/BFL Bank Docs 2 - Mar 23 2022 - 4-37 PM.pdf,COMPANIES/Cambium/02_Financing_and_Legal/BFL Bank Docs 2 - Mar 23 2022 - 4-37 PM__F00780.pdf,PLACED,02 Financing & Legal,False,moved,True
F00781,Cambium,Diligence/Supplemental Documentation/Legal (Supplementary Docs)/Company Minute Book and Corporate Records/Acquisition of OE Custom/BFL Records - Company Docs/BFL Farm Lease Jan 2023 - 3 year term.pdf,COMPANIES/Cambium/02_Financing_and_Legal/BFL Farm Lease Jan 2023 - 3 year term__F00781.pdf,PLACED,02 Financing & Legal,False,moved,True
F00782,Cambium,Diligence/Supplemental Documentation/Legal (Supplementary Docs)/Company Minute Book and Corporate Records/Acquisition of OE Custom/BFL Records - Company Docs/BFL Ram Truck Title.pdf,COMPANIES/Cambium/02_Financing_and_Legal/BFL Ram Truck Title__F00782.pdf,PLACED,02 Financing & Legal,False,moved,True
F00783,Cambium,Diligence/Supplemental Documentation/Legal (Supplementary Docs)/Company Minute Book and Corporate Records/Acquisition of OE Custom/BFL Records - Company Docs/BFL Sales & Use Tax.jpg,COMPANIES/Cambium/02_Financing_and_Legal/BFL Sales & Use Tax__F00783.jpg,PLACED,02 Financing & Legal,False,moved,True
F00784,Cambium,Diligence/Supplemental Documentation/Legal (Supplementary Docs)/Company Minute Book and Corporate Records/Acquisition of OE Custom/BFL Records - Company Docs/BFL Sulphur Springs Lease 2023.pdf,COMPANIES/Cambium/02_Financing_and_Legal/BFL Sulphur Springs Lease 2023__F00784.pdf,PLACED,02 Financing & Legal,False,moved,True
F00785,Cambium,Diligence/Supplemental Documentation/Legal (Supplementary Docs)/Company Minute Book and Corporate Records/Acquisition of OE Custom/BFL Records - Company Docs/Baltimore Fallen Lumber Co - Cert of Insurance (Sandy Spring).pdf,COMPANIES/Cambium/02_Financing_and_Legal/Baltimore Fallen Lumber Co - Cert of Insurance (Sandy Spring)__F00785.pdf,PLACED,02 Financing & Legal,False,moved,True
F00786,Cambium,Diligence/Supplemental Documentation/Legal (Supplementary Docs)/Company Minute Book and Corporate Records/Acquisition of OE Custom/BFL Records - Company Docs/Erie Insurance - Baltimore Fallen Lumber Co (Apps - Unsigned).pdf,COMPANIES/Cambium/02_Financing_and_Legal/Erie Insurance - Baltimore Fallen Lumber Co (Apps - Unsigned)__F00786.pdf,PLACED,02 Financing & Legal,False,moved,True
F00787,Cambium,Diligence/Supplemental Documentation/Legal (Supplementary Docs)/Company Minute Book and Corporate Records/Acquisition of OE Custom/BFL Records - Company Docs/Execution Copy - Lease - Bluemount Manor Farm (00362666xA886F).PDF.pdf,COMPANIES/Cambium/02_Financing_and_Legal/Execution Copy - Lease - Bluemount Manor Farm (00362666xA886F).PDF__F00787.pdf,PLACED,02 Financing & Legal,False,moved,True
F00788,Cambium,Diligence/Supplemental Documentation/Legal (Supplementary Docs)/Company Minute Book and Corporate Records/Acquisition of OE Custom/BFL Records - Company Docs/MD Certificate of Title - BFL Ram.heic,COMPANIES/Cambium/02_Financing_and_Legal/MD Certificate of Title - BFL Ram__F00788.heic,PLACED,02 Financing & Legal,False,moved,True
F00789,Cambium,Diligence/Supplemental Documentation/Legal (Supplementary Docs)/Company Minute Book and Corporate Records/Acquisition of OE Custom/BFL Records - Company Docs/MHIC_BFL exp 12032024.log,COMPANIES/Cambium/02_Financing_and_Legal/MHIC_BFL exp 12032024__F00789.log,PLACED,02 Financing & Legal,False,moved,True
F00790,Cambium,Diligence/Supplemental Documentation/Legal (Supplementary Docs)/Company Minute Book and Corporate Records/Acquisition of OE Custom/BFL Records - Company Docs/MHIC_TIMMINS_BFL exp 12032024.log.pdf,COMPANIES/Cambium/02_Financing_and_Legal/MHIC_TIMMINS_BFL exp 12032024.log__F00790.pdf,PLACED,02 Financing & Legal,False,moved,True
F00791,Cambium,Diligence/Supplemental Documentation/Legal (Supplementary Docs)/Company Minute Book and Corporate Records/Acquisition of OE Custom/BFL Records - Company Docs/OE Assets Aug 2021 - Sheet1.pdf,COMPANIES/Cambium/02_Financing_and_Legal/OE Assets Aug 2021 - Sheet1__F00791.pdf,PLACED,02 Financing & Legal,False,moved,True
F00792,Cambium,Diligence/Supplemental Documentation/Legal (Supplementary Docs)/Company Minute Book and Corporate Records/Acquisition of OE Custom/BFL Records - Company Docs/Sawyer License - John Ferrara BFL 2022 - May 17 2022 - 10-19 AM.pdf,COMPANIES/Cambium/02_Financing_and_Legal/Sawyer License - John Ferrara BFL 2022 - May 17 2022 - 10-19 AM__F00792.pdf,PLACED,02 Financing & Legal,False,moved,True
F00793,Cambium,Diligence/Supplemental Documentation/Legal (Supplementary Docs)/Company Minute Book and Corporate Records/Acquisition of OE Custom/BFL Records - Company Docs/Storage Lease (1).pdf,COMPANIES/Cambium/02_Financing_and_Legal/Storage Lease (1)__F00793.pdf,PLACED,02 Financing & Legal,False,moved,True
F00794,Cambium,Diligence/Supplemental Documentation/Legal (Supplementary Docs)/Company Minute Book and Corporate Records/Acquisition of OE Custom/BFL Records - Company Docs/W9 BFL.pdf,COMPANIES/Cambium/02_Financing_and_Legal/W9 BFL__F00794.pdf,PLACED,02 Financing & Legal,False,moved,True
F00795,Cambium,Diligence/Supplemental Documentation/Legal (Supplementary Docs)/Company Minute Book and Corporate Records/Acquisition of OE Custom/BFL Records - Company Docs/2022 Tax Documents/1099 2022(Issued by Sixty Forty Design).pdf,COMPANIES/Cambium/02_Financing_and_Legal/1099 2022(Issued by Sixty Forty Design)__F00795.pdf,PLACED,02 Financing & Legal,False,moved,True
F00796,Cambium,Diligence/Supplemental Documentation/Legal (Supplementary Docs)/Company Minute Book and Corporate Records/Acquisition of OE Custom/BFL Records - Company Docs/2022 Tax Documents/Anthony DeRieux_1099 2022.pdf,COMPANIES/Cambium/02_Financing_and_Legal/Anthony DeRieux_1099 2022__F00796.pdf,PLACED,02 Financing & Legal,False,moved,True
F00797,Cambium,Diligence/Supplemental Documentation/Legal (Supplementary Docs)/Company Minute Book and Corporate Records/Acquisition of OE Custom/BFL Records - Company Docs/2022 Tax Documents/Sixty Forty Design_1099 2022.pdf,COMPANIES/Cambium/02_Financing_and_Legal/Sixty Forty Design_1099 2022__F00797.pdf,PLACED,02 Financing & Legal,False,moved,True
F00798,Cambium,Diligence/Supplemental Documentation/Legal (Supplementary Docs)/Company Minute Book and Corporate Records/Acquisition of OE Custom/BFL Records - Company Docs/2022 Tax Documents/The Korth Companies.pdf,COMPANIES/Cambium/02_Financing_and_Legal/The Korth Companies__F00798.pdf,PLACED,02 Financing & Legal,False,moved,True
F00799,Cambium,Diligence/Supplemental Documentation/Legal (Supplementary Docs)/Company Minute Book and Corporate Records/Acquisition of OE Custom/BFL Records - Company Docs/BFL Corporate Docs/Baltimore Fallen Lumber Company LLC – Articles of Organization.PDF,COMPANIES/Cambium/02_Financing_and_Legal/Baltimore Fallen Lumber Company LLC – Articles of Organization__F00799.PDF,PLACED,02 Financing & Legal,False,moved,True
F00800,Cambium,Diligence/Supplemental Documentation/Legal (Supplementary Docs)/Company Minute Book and Corporate Records/Acquisition of OE Custom/BFL Records - Company Docs/BFL Corporate Docs/Baltimore Fallen Lumber Company LLC – Articles of Organization.PDF.docx,COMPANIES/Cambium/02_Financing_and_Legal/Baltimore Fallen Lumber Company LLC – Articles of Organization.PDF__F00800.docx,PLACED,02 Financing & Legal,False,moved,True
F00801,Cambium,"Diligence/Supplemental Documentation/Legal (Supplementary Docs)/Company Minute Book and Corporate Records/Acquisition of OE Custom/BFL Records - Company Docs/BFL Corporate Docs/Consent, Assignment & Assumption Agreement_BFL_to Notary.docx","COMPANIES/Cambium/02_Financing_and_Legal/Consent, Assignment & Assumption Agreement_BFL_to Notary__F00801.docx",PLACED,02 Financing & Legal,False,moved,True
F00802,Cambium,"Diligence/Supplemental Documentation/Legal (Supplementary Docs)/Company Minute Book and Corporate Records/Acquisition of OE Custom/BFL Records - Company Docs/BFL Corporate Docs/EIN - The Baltimore Fallen Lumber Company, LLC (00467626) (1).PDF","COMPANIES/Cambium/02_Financing_and_Legal/EIN - The Baltimore Fallen Lumber Company, LLC (00467626) (1)__F00802.PDF",PLACED,02 Financing & Legal,False,moved,True
F00803,Cambium,Diligence/Supplemental Documentation/Legal (Supplementary Docs)/Company Minute Book and Corporate Records/Acquisition of OE Custom/BFL Records - Company Docs/BFL Corporate Docs/EIN Individual Request - Online Application.pdf,COMPANIES/Cambium/02_Financing_and_Legal/EIN Individual Request - Online Application__F00803.pdf,PLACED,02 Financing & Legal,False,moved,True
F00804,Cambium,Diligence/Supplemental Documentation/Legal (Supplementary Docs)/Company Minute Book and Corporate Records/Acquisition of OE Custom/BFL Records - Company Docs/BFL Corporate Docs/MHIC Name change request.pdf,COMPANIES/Cambium/02_Financing_and_Legal/MHIC Name change request__F00804.pdf,PLACED,02 Financing & Legal,False,moved,True
F00805,Cambium,Diligence/Supplemental Documentation/Legal (Supplementary Docs)/Company Minute Book and Corporate Records/Acquisition of OE Custom/BFL Records - Company Docs/BFL Loan Docs/ Sandy Spring Loan Amortization Schedule.pdf,COMPANIES/Cambium/02_Financing_and_Legal/Sandy Spring Loan Amortization Schedule__F00805.pdf,PLACED,02 Financing & Legal,True,moved,True
F00806,Cambium,Diligence/Supplemental Documentation/Legal (Supplementary Docs)/Company Minute Book and Corporate Records/Acquisition of OE Custom/BFL Records - Company Docs/BFL Loan Docs/Enduring Planet - Signed BFL - Sep 21 2022 - 12-26 PM (2).pdf,COMPANIES/Cambium/02_Financing_and_Legal/Enduring Planet - Signed BFL - Sep 21 2022 - 12-26 PM (2)__F00806.pdf,PLACED,02 Financing & Legal,False,moved,True
F00807,Cambium,Diligence/Supplemental Documentation/Legal (Supplementary Docs)/Company Minute Book and Corporate Records/Acquisition of OE Custom/BFL Records - Company Docs/BFL Loan Docs/Enduring Planet Loan Statement 2023-2024.xlsx,COMPANIES/Cambium/02_Financing_and_Legal/Enduring Planet Loan Statement 2023-2024__F00807.xlsx,PLACED,02 Financing & Legal,False,moved,True
F00808,Cambium,Diligence/Supplemental Documentation/Legal (Supplementary Docs)/Company Minute Book and Corporate Records/Acquisition of OE Custom/BFL Records - Company Docs/BFL Loan Docs/M&T Bank Loan Statement April 2024.pdf,COMPANIES/Cambium/02_Financing_and_Legal/M&T Bank Loan Statement April 2024__F00808.pdf,PLACED,02 Financing & Legal,False,moved,True
F00809,Cambium,Diligence/Supplemental Documentation/Legal (Supplementary Docs)/Company Minute Book and Corporate Records/Acquisition of OE Custom/BFL Records - Company Docs/BFL Loan Docs/Sandy Spring Loan Doc(1).docx,COMPANIES/Cambium/02_Financing_and_Legal/Sandy Spring Loan Doc(1)__F00809.docx,PLACED,02 Financing & Legal,False,moved,True
F00810,Cambium,Diligence/Supplemental Documentation/Legal (Supplementary Docs)/Company Minute Book and Corporate Records/Acquisition of OE Custom/BFL Records - Company Docs/BFL Loan Docs/Sandy Spring Loan Doc.docx,COMPANIES/Cambium/14_Historical_Superseded/Sandy Spring Loan Doc__F00810.docx,SUPERSEDED,14 Historical / Superseded,False,moved,True
F00811,Cambium,Diligence/Supplemental Documentation/Legal (Supplementary Docs)/Company Minute Book and Corporate Records/Acquisition of OE Custom/BFL Records - Company Docs/BFL Loan Docs/Sterns Bank Year End Tax Letter Sterns Bank 2023 (1).pdf,COMPANIES/Cambium/02_Financing_and_Legal/Sterns Bank Year End Tax Letter Sterns Bank 2023 (1)__F00811.pdf,PLACED,02 Financing & Legal,False,moved,True
F00812,Cambium,Diligence/Supplemental Documentation/Legal (Supplementary Docs)/Company Minute Book and Corporate Records/Acquisition of OE Custom/BFL Records - Company Docs/BFL Loan Docs/Sandy Spring Bank Loan/LN - 06807 - Loans YTD Activity - 1816252600 - 1 - 12-29-2023.pdf,COMPANIES/Cambium/02_Financing_and_Legal/LN - 06807 - Loans YTD Activity - 1816252600 - 1 - 12-29-2023__F00812.pdf,PLACED,02 Financing & Legal,False,moved,True
F00813,Cambium,Diligence/Supplemental Documentation/Legal (Supplementary Docs)/Company Minute Book and Corporate Records/Acquisition of OE Custom/BFL Records - Company Docs/BFL Loan Docs/Sandy Spring Bank Loan/LN - eStatements - THE BALTIMORE  FALLEN LUMBER COMPAN - 1816252600 - 70 - 3-22-2024.pdf,COMPANIES/Cambium/02_Financing_and_Legal/LN - eStatements - THE BALTIMORE FALLEN LUMBER COMPAN - 1816252600 - 70 - 3-22-2024__F00813.pdf,PLACED,02 Financing & Legal,True,moved,True
F00814,Cambium,Diligence/Supplemental Documentation/Legal (Supplementary Docs)/Company Minute Book and Corporate Records/Acquisition of OE Custom/BFL Records - Company Docs/BFL Receipts/2024 Receipts/6.26.24 BFL Business Catastrophe Quarterly payment $169.50.pdf,COMPANIES/Cambium/02_Financing_and_Legal/6.26.24 BFL Business Catastrophe Quarterly payment $169.50__F00814.pdf,PLACED,02 Financing & Legal,False,moved,True
F00815,Cambium,"Diligence/Supplemental Documentation/Legal (Supplementary Docs)/Company Minute Book and Corporate Records/Acquisition of OE Custom/BFL Records - Company Docs/BFL Receipts/2024 Receipts/6.26.24 BFL Workers Comp Quarterly payment $2,609.50.pdf","COMPANIES/Cambium/02_Financing_and_Legal/6.26.24 BFL Workers Comp Quarterly payment $2,609.50__F00815.pdf",PLACED,02 Financing & Legal,False,moved,True
F00816,Cambium,"Diligence/Supplemental Documentation/Legal (Supplementary Docs)/Company Minute Book and Corporate Records/Acquisition of OE Custom/BFL Records - Company Docs/BFL Receipts/2024 Receipts/6.26.24 Quarterly Commercial Auto Payment $1,477.pdf","COMPANIES/Cambium/02_Financing_and_Legal/6.26.24 Quarterly Commercial Auto Payment $1,477__F00816.pdf",PLACED,02 Financing & Legal,False,moved,True
F00817,Cambium,"Diligence/Supplemental Documentation/Legal (Supplementary Docs)/Company Minute Book and Corporate Records/Acquisition of OE Custom/BFL Records - Company Docs/BFL Receipts/2024 Receipts/6.26.24 Quarterly Insurance Payment $1,602.75.pdf","COMPANIES/Cambium/02_Financing_and_Legal/6.26.24 Quarterly Insurance Payment $1,602.75__F00817.pdf",PLACED,02 Financing & Legal,False,moved,True
F00818,Cambium,Diligence/Supplemental Documentation/Legal (Supplementary Docs)/Company Minute Book and Corporate Records/Acquisition of OE Custom/BFL Records - Company Docs/BFL Receipts/2024 Receipts/BFL Verizon 03182024_01.pdf,COMPANIES/Cambium/02_Financing_and_Legal/BFL Verizon 03182024_01__F00818.pdf,PLACED,02 Financing & Legal,False,moved,True
F00819,Cambium,Diligence/Supplemental Documentation/Legal (Supplementary Docs)/Company Minute Book and Corporate Records/Acquisition of OE Custom/BFL Records - Company Docs/BFL Receipts/2024 Receipts/BFL Verizon 03182024_02.pdf,COMPANIES/Cambium/02_Financing_and_Legal/BFL Verizon 03182024_02__F00819.pdf,PLACED,02 Financing & Legal,False,moved,True
F00820,Cambium,Diligence/Supplemental Documentation/Legal (Supplementary Docs)/Company Minute Book and Corporate Records/Acquisition of OE Custom/BFL Records - Company Docs/BFL Receipts/2024 Receipts/MD filing $309.pdf,COMPANIES/Cambium/02_Financing_and_Legal/MD filing $309__F00820.pdf,PLACED,02 Financing & Legal,False,moved,True
F00821,Cambium,Diligence/Supplemental Documentation/Legal (Supplementary Docs)/Company Minute Book and Corporate Records/Acquisition of OE Custom/BFL Records - Company Docs/BFL Receipts/2024 Receipts/Southwest Receipt 3.15.24_$495.98.pdf,COMPANIES/Cambium/02_Financing_and_Legal/Southwest Receipt 3.15.24_$495.98__F00821.pdf,PLACED,02 Financing & Legal,False,moved,True
F00822,Cambium,Diligence/Supplemental Documentation/Legal (Supplementary Docs)/Company Minute Book and Corporate Records/Acquisition of OE Custom/BFL Records - Company Docs/Foreign State Registrations/BFL WV Registration Application.pdf,COMPANIES/Cambium/02_Financing_and_Legal/BFL WV Registration Application__F00822.pdf,PLACED,02 Financing & Legal,False,moved,True
F00823,Cambium,Diligence/Supplemental Documentation/Legal (Supplementary Docs)/Company Minute Book and Corporate Records/Acquisition of OE Custom/BFL Records - Company Docs/Foreign State Registrations/BFL WV reg BusinessReceipt.pdf,COMPANIES/Cambium/02_Financing_and_Legal/BFL WV reg BusinessReceipt__F00823.pdf,PLACED,02 Financing & Legal,False,moved,True
F00824,Cambium,Diligence/Supplemental Documentation/Legal (Supplementary Docs)/Company Minute Book and Corporate Records/Acquisition of OE Custom/BFL Records - Company Docs/Maryland Property Taxes/BFL Maryland Taxes 2023 Property FINAL.pdf,COMPANIES/Cambium/02_Financing_and_Legal/BFL Maryland Taxes 2023 Property FINAL__F00824.pdf,PLACED,02 Financing & Legal,False,moved,True
F00825,Cambium,Diligence/Supplemental Documentation/Legal (Supplementary Docs)/Company Minute Book and Corporate Records/Acquisition of OE Custom/BFL Records - Company Docs/Maryland Property Taxes/Maryland Tax Receipt for 2023 Property Taxes.pdf,COMPANIES/Cambium/02_Financing_and_Legal/Maryland Tax Receipt for 2023 Property Taxes__F00825.pdf,PLACED,02 Financing & Legal,False,moved,True
F00826,Cambium,Diligence/Supplemental Documentation/Legal (Supplementary Docs)/Company Minute Book and Corporate Records/Acquisition of OE Custom/BFL Records - Company Docs/Maryland Property Taxes/Maryland tax backup.pdf,COMPANIES/Cambium/14_Historical_Superseded/Maryland tax backup__F00826.pdf,SUPERSEDED,14 Historical / Superseded,False,moved,True
F00827,Cambium,Diligence/Supplemental Documentation/Legal (Supplementary Docs)/Company Minute Book and Corporate Records/Acquisition of OE Custom/BFL Records - Company Docs/Maryland Property Taxes/Maryland tax backup.xlsx,COMPANIES/Cambium/02_Financing_and_Legal/Maryland tax backup__F00827.xlsx,PLACED,02 Financing & Legal,False,moved,True
F00828,Cambium,Diligence/Supplemental Documentation/Legal (Supplementary Docs)/Company Minute Book and Corporate Records/Acquisition of OE Custom/BFL Records - Company Docs/Southwest Card Statements/2022_05_18.pdf,COMPANIES/Cambium/14_Historical_Superseded/2022_05_18__F00828.pdf,SUPERSEDED,14 Historical / Superseded,False,moved,True
F00829,Cambium,Diligence/Supplemental Documentation/Legal (Supplementary Docs)/Company Minute Book and Corporate Records/Acquisition of OE Custom/BFL Records - Company Docs/Southwest Card Statements/2022_06_18.pdf,COMPANIES/Cambium/14_Historical_Superseded/2022_06_18__F00829.pdf,SUPERSEDED,14 Historical / Superseded,False,moved,True
F00830,Cambium,Diligence/Supplemental Documentation/Legal (Supplementary Docs)/Company Minute Book and Corporate Records/Acquisition of OE Custom/BFL Records - Company Docs/Southwest Card Statements/2022_07_18.pdf,COMPANIES/Cambium/14_Historical_Superseded/2022_07_18__F00830.pdf,SUPERSEDED,14 Historical / Superseded,False,moved,True
F00831,Cambium,Diligence/Supplemental Documentation/Legal (Supplementary Docs)/Company Minute Book and Corporate Records/Acquisition of OE Custom/BFL Records - Company Docs/Southwest Card Statements/2022_08_18.pdf,COMPANIES/Cambium/14_Historical_Superseded/2022_08_18__F00831.pdf,SUPERSEDED,14 Historical / Superseded,False,moved,True
F00832,Cambium,Diligence/Supplemental Documentation/Legal (Supplementary Docs)/Company Minute Book and Corporate Records/Acquisition of OE Custom/BFL Records - Company Docs/Southwest Card Statements/2022_09_18.pdf,COMPANIES/Cambium/14_Historical_Superseded/2022_09_18__F00832.pdf,SUPERSEDED,14 Historical / Superseded,False,moved,True
F00833,Cambium,Diligence/Supplemental Documentation/Legal (Supplementary Docs)/Company Minute Book and Corporate Records/Acquisition of OE Custom/BFL Records - Company Docs/Southwest Card Statements/2022_10_18.pdf,COMPANIES/Cambium/14_Historical_Superseded/2022_10_18__F00833.pdf,SUPERSEDED,14 Historical / Superseded,False,moved,True
F00834,Cambium,Diligence/Supplemental Documentation/Legal (Supplementary Docs)/Company Minute Book and Corporate Records/Acquisition of OE Custom/BFL Records - Company Docs/Southwest Card Statements/2022_11_18.pdf,COMPANIES/Cambium/14_Historical_Superseded/2022_11_18__F00834.pdf,SUPERSEDED,14 Historical / Superseded,False,moved,True
F00835,Cambium,Diligence/Supplemental Documentation/Legal (Supplementary Docs)/Company Minute Book and Corporate Records/Acquisition of OE Custom/BFL Records - Company Docs/Southwest Card Statements/2022_12_18.pdf,COMPANIES/Cambium/14_Historical_Superseded/2022_12_18__F00835.pdf,SUPERSEDED,14 Historical / Superseded,False,moved,True
F00836,Cambium,Diligence/Supplemental Documentation/Legal (Supplementary Docs)/Company Minute Book and Corporate Records/Acquisition of OE Custom/BFL Records - Company Docs/Southwest Card Statements/2023_01_18.pdf,COMPANIES/Cambium/14_Historical_Superseded/2023_01_18__F00836.pdf,SUPERSEDED,14 Historical / Superseded,False,moved,True
F00837,Cambium,Diligence/Supplemental Documentation/Legal (Supplementary Docs)/Company Minute Book and Corporate Records/Acquisition of OE Custom/BFL Records - Company Docs/Southwest Card Statements/2023_02_18.pdf,COMPANIES/Cambium/02_Financing_and_Legal/2023_02_18__F00837.pdf,PLACED,02 Financing & Legal,False,moved,True
F00838,Cambium,Diligence/Supplemental Documentation/Legal (Supplementary Docs)/Company Minute Book and Corporate Records/Acquisition of OE Custom/Financial Documents/2019 OE CUSTOM Form 1120S  S Corps  Tax Return_Records (1).pdf,COMPANIES/Cambium/02_Financing_and_Legal/2019 OE CUSTOM Form 1120S S Corps Tax Return_Records (1)__F00838.pdf,PLACED,02 Financing & Legal,True,moved,True
F00839,Cambium,Diligence/Supplemental Documentation/Legal (Supplementary Docs)/Company Minute Book and Corporate Records/Acquisition of OE Custom/Financial Documents/2020 Fallen Lumber Used_Sold.png,COMPANIES/Cambium/02_Financing_and_Legal/2020 Fallen Lumber Used_Sold__F00839.png,PLACED,02 Financing & Legal,False,moved,True
F00840,Cambium,Diligence/Supplemental Documentation/Legal (Supplementary Docs)/Company Minute Book and Corporate Records/Acquisition of OE Custom/Financial Documents/2020 OE CUSTOM Form 1120S  S Corps Tax Return_Filing (1).pdf,COMPANIES/Cambium/02_Financing_and_Legal/2020 OE CUSTOM Form 1120S S Corps Tax Return_Filing (1)__F00840.pdf,PLACED,02 Financing & Legal,True,moved,True
F00841,Cambium,Diligence/Supplemental Documentation/Legal (Supplementary Docs)/Company Minute Book and Corporate Records/Acquisition of OE Custom/Financial Documents/2021 Current Inventory.png,COMPANIES/Cambium/02_Financing_and_Legal/2021 Current Inventory__F00841.png,PLACED,02 Financing & Legal,False,moved,True
F00842,Cambium,Diligence/Supplemental Documentation/Legal (Supplementary Docs)/Company Minute Book and Corporate Records/Acquisition of OE Custom/Financial Documents/2021 Fallen Lumber Sold.png,COMPANIES/Cambium/02_Financing_and_Legal/2021 Fallen Lumber Sold__F00842.png,PLACED,02 Financing & Legal,False,moved,True
F00843,Cambium,Diligence/Supplemental Documentation/Legal (Supplementary Docs)/Company Minute Book and Corporate Records/Acquisition of OE Custom/Financial Documents/AR Summary 2017.pdf,COMPANIES/Cambium/14_Historical_Superseded/AR Summary 2017__F00843.pdf,SUPERSEDED,14 Historical / Superseded,False,moved,True
F00844,Cambium,Diligence/Supplemental Documentation/Legal (Supplementary Docs)/Company Minute Book and Corporate Records/Acquisition of OE Custom/Financial Documents/AR Summary 2018.pdf,COMPANIES/Cambium/14_Historical_Superseded/AR Summary 2018__F00844.pdf,SUPERSEDED,14 Historical / Superseded,False,moved,True
F00845,Cambium,Diligence/Supplemental Documentation/Legal (Supplementary Docs)/Company Minute Book and Corporate Records/Acquisition of OE Custom/Financial Documents/AR Summary 2019.pdf,COMPANIES/Cambium/14_Historical_Superseded/AR Summary 2019__F00845.pdf,SUPERSEDED,14 Historical / Superseded,False,moved,True
F00846,Cambium,Diligence/Supplemental Documentation/Legal (Supplementary Docs)/Company Minute Book and Corporate Records/Acquisition of OE Custom/Financial Documents/AR Summary 2020.pdf,COMPANIES/Cambium/02_Financing_and_Legal/AR Summary 2020__F00846.pdf,PLACED,02 Financing & Legal,False,moved,True
F00847,Cambium,Diligence/Supplemental Documentation/Legal (Supplementary Docs)/Company Minute Book and Corporate Records/Acquisition of OE Custom/Financial Documents/AR Summary 2021 July 16.pdf,COMPANIES/Cambium/02_Financing_and_Legal/AR Summary 2021 July 16__F00847.pdf,PLACED,02 Financing & Legal,False,moved,True
F00848,Cambium,Diligence/Supplemental Documentation/Legal (Supplementary Docs)/Company Minute Book and Corporate Records/Acquisition of OE Custom/Financial Documents/BS 2017.pdf,COMPANIES/Cambium/14_Historical_Superseded/BS 2017__F00848.pdf,SUPERSEDED,14 Historical / Superseded,False,moved,True
F00849,Cambium,Diligence/Supplemental Documentation/Legal (Supplementary Docs)/Company Minute Book and Corporate Records/Acquisition of OE Custom/Financial Documents/BS 2018.pdf,COMPANIES/Cambium/14_Historical_Superseded/BS 2018__F00849.pdf,SUPERSEDED,14 Historical / Superseded,False,moved,True
F00850,Cambium,Diligence/Supplemental Documentation/Legal (Supplementary Docs)/Company Minute Book and Corporate Records/Acquisition of OE Custom/Financial Documents/BS 2019.pdf,COMPANIES/Cambium/14_Historical_Superseded/BS 2019__F00850.pdf,SUPERSEDED,14 Historical / Superseded,False,moved,True
F00851,Cambium,Diligence/Supplemental Documentation/Legal (Supplementary Docs)/Company Minute Book and Corporate Records/Acquisition of OE Custom/Financial Documents/BS 2020.pdf,COMPANIES/Cambium/02_Financing_and_Legal/BS 2020__F00851.pdf,PLACED,02 Financing & Legal,False,moved,True
F00852,Cambium,Diligence/Supplemental Documentation/Legal (Supplementary Docs)/Company Minute Book and Corporate Records/Acquisition of OE Custom/Financial Documents/BS 2021 July 16.pdf,COMPANIES/Cambium/02_Financing_and_Legal/BS 2021 July 16__F00852.pdf,PLACED,02 Financing & Legal,False,moved,True
F00853,Cambium,Diligence/Supplemental Documentation/Legal (Supplementary Docs)/Company Minute Book and Corporate Records/Acquisition of OE Custom/Financial Documents/Cambium (BFL) Balance Sheet - May YTD.pdf,COMPANIES/Cambium/02_Financing_and_Legal/Cambium (BFL) Balance Sheet - May YTD__F00853.pdf,PLACED,02 Financing & Legal,False,moved,True
F00854,Cambium,Diligence/Supplemental Documentation/Legal (Supplementary Docs)/Company Minute Book and Corporate Records/Acquisition of OE Custom/Financial Documents/O&E Profit and Loss-YTD (2).pdf,COMPANIES/Cambium/02_Financing_and_Legal/O&E Profit and Loss-YTD (2)__F00854.pdf,PLACED,02 Financing & Legal,False,moved,True
F00855,Cambium,Diligence/Supplemental Documentation/Legal (Supplementary Docs)/Company Minute Book and Corporate Records/Acquisition of OE Custom/Financial Documents/OE Custom Balance Sheet @ 06.23.22.pdf,COMPANIES/Cambium/02_Financing_and_Legal/OE Custom Balance Sheet @ 06.23.22__F00855.pdf,PLACED,02 Financing & Legal,False,moved,True
F00856,Cambium,Diligence/Supplemental Documentation/Legal (Supplementary Docs)/Company Minute Book and Corporate Records/Acquisition of OE Custom/Financial Documents/PL 2017.pdf,COMPANIES/Cambium/14_Historical_Superseded/PL 2017__F00856.pdf,SUPERSEDED,14 Historical / Superseded,False,moved,True
F00857,Cambium,Diligence/Supplemental Documentation/Legal (Supplementary Docs)/Company Minute Book and Corporate Records/Acquisition of OE Custom/Financial Documents/PL 2018.pdf,COMPANIES/Cambium/14_Historical_Superseded/PL 2018__F00857.pdf,SUPERSEDED,14 Historical / Superseded,False,moved,True
F00858,Cambium,Diligence/Supplemental Documentation/Legal (Supplementary Docs)/Company Minute Book and Corporate Records/Acquisition of OE Custom/Financial Documents/PL 2019.pdf,COMPANIES/Cambium/14_Historical_Superseded/PL 2019__F00858.pdf,SUPERSEDED,14 Historical / Superseded,False,moved,True
F00859,Cambium,Diligence/Supplemental Documentation/Legal (Supplementary Docs)/Company Minute Book and Corporate Records/Acquisition of OE Custom/Financial Documents/PL 2020.pdf,COMPANIES/Cambium/02_Financing_and_Legal/PL 2020__F00859.pdf,PLACED,02 Financing & Legal,False,moved,True
F00860,Cambium,Diligence/Supplemental Documentation/Legal (Supplementary Docs)/Company Minute Book and Corporate Records/Acquisition of OE Custom/Financial Documents/PL 2021 July 16th.pdf,COMPANIES/Cambium/02_Financing_and_Legal/PL 2021 July 16th__F00860.pdf,PLACED,02 Financing & Legal,False,moved,True
F00861,Cambium,Diligence/Supplemental Documentation/Legal (Supplementary Docs)/Company Minute Book and Corporate Records/Acquisition of OE Custom/Financial Documents/Sandy Spring Loan Doc.pdf,COMPANIES/Cambium/02_Financing_and_Legal/Sandy Spring Loan Doc__F00861.pdf,PLACED,02 Financing & Legal,False,moved,True
F00862,Cambium,Diligence/Supplemental Documentation/Legal (Supplementary Docs)/Company Minute Book and Corporate Records/Acquisition of OE Custom/Financial Documents/Signed Purchase Agreement - BFL (1).pdf,COMPANIES/Cambium/02_Financing_and_Legal/Signed Purchase Agreement - BFL (1)__F00862.pdf,PLACED,02 Financing & Legal,False,moved,True
F00863,Cambium,Diligence/Supplemental Documentation/Legal (Supplementary Docs)/Company Minute Book and Corporate Records/Business Contracts/Customer Terms of Purchase - Cambium Carbon PBC.docx,COMPANIES/Cambium/09_Commercial_and_Customers/Customer Terms of Purchase - Cambium Carbon PBC__F00863.docx,PLACED,09 Commercial & Customers,False,moved,True
F00864,Cambium,Diligence/Supplemental Documentation/Legal (Supplementary Docs)/Company Minute Book and Corporate Records/Business Contracts/Clickwrap Licensing Agreement/Cambium_Traece MLA notes.docx,COMPANIES/Cambium/09_Commercial_and_Customers/Cambium_Traece MLA notes__F00864.docx,PLACED,09 Commercial & Customers,False,moved,True
F00865,Cambium,Diligence/Supplemental Documentation/Legal (Supplementary Docs)/Company Minute Book and Corporate Records/Business Contracts/Clickwrap Licensing Agreement/License Agreement (CLEAN).docx,COMPANIES/Cambium/09_Commercial_and_Customers/License Agreement (CLEAN)__F00865.docx,PLACED,09 Commercial & Customers,False,moved,True
F00866,Cambium,Diligence/Supplemental Documentation/Legal (Supplementary Docs)/Company Minute Book and Corporate Records/Business Contracts/Clickwrap Licensing Agreement/License Agreement (JCM notes).doc,COMPANIES/Cambium/09_Commercial_and_Customers/License Agreement (JCM notes)__F00866.doc,PLACED,09 Commercial & Customers,False,moved,True
F00867,Cambium,Diligence/Supplemental Documentation/Legal (Supplementary Docs)/Company Minute Book and Corporate Records/Business Contracts/Clickwrap Licensing Agreement/License Agreement .doc,COMPANIES/Cambium/14_Historical_Superseded/License Agreement__F00867.doc,SUPERSEDED,14 Historical / Superseded,True,moved,True
F00868,Cambium,Diligence/Supplemental Documentation/Legal (Supplementary Docs)/Company Minute Book and Corporate Records/Business Contracts/Clickwrap Licensing Agreement/v3 License Agreement (SF edits).doc,COMPANIES/Cambium/09_Commercial_and_Customers/v3 License Agreement (SF edits)__F00868.doc,PLACED,09 Commercial & Customers,False,moved,True
F00869,Cambium,Diligence/Supplemental Documentation/Legal (Supplementary Docs)/Company Minute Book and Corporate Records/Business Contracts/Debt Funding Documents/Enduring Planet - Signed BFL - Sep 21 2022 - 12-26 PM.pdf,COMPANIES/Cambium/09_Commercial_and_Customers/Enduring Planet - Signed BFL - Sep 21 2022 - 12-26 PM__F00869.pdf,PLACED,09 Commercial & Customers,False,moved,True
F00870,Cambium,Diligence/Supplemental Documentation/Legal (Supplementary Docs)/Company Minute Book and Corporate Records/Business Contracts/Privacy Policy/Cambium Carbon PBC Privacy Policy (vp28072021).doc,COMPANIES/Cambium/09_Commercial_and_Customers/Cambium Carbon PBC Privacy Policy (vp28072021)__F00870.doc,PLACED,09 Commercial & Customers,False,moved,True
F00871,Cambium,Diligence/Supplemental Documentation/Legal (Supplementary Docs)/Company Minute Book and Corporate Records/Business Contracts/Terms of Service/Software License Agreement February 2024.docx,COMPANIES/Cambium/14_Historical_Superseded/Software License Agreement February 2024__F00871.docx,SUPERSEDED,14 Historical / Superseded,False,moved,True
F00872,Cambium,Diligence/Supplemental Documentation/Legal (Supplementary Docs)/Company Minute Book and Corporate Records/Business Contracts/Terms of Service/Software License Agreement February 2024.pdf,COMPANIES/Cambium/09_Commercial_and_Customers/Software License Agreement February 2024__F00872.pdf,PLACED,09 Commercial & Customers,False,moved,True
F00873,Cambium,Diligence/Supplemental Documentation/Legal (Supplementary Docs)/Company Minute Book and Corporate Records/Business Contracts/Terms of Service/Terms of Service - Cambium Carbon.doc,COMPANIES/Cambium/09_Commercial_and_Customers/Terms of Service - Cambium Carbon__F00873.doc,PLACED,09 Commercial & Customers,False,moved,True
F00874,Cambium,Diligence/Supplemental Documentation/Legal (Supplementary Docs)/Company Minute Book and Corporate Records/Business Contracts/Terms of Service/Not Used/Terms and Conditions for Online Sales by Retailers to Consumers.doc,COMPANIES/Cambium/09_Commercial_and_Customers/Terms and Conditions for Online Sales by Retailers to Consumers__F00874.doc,PLACED,09 Commercial & Customers,False,moved,True
F00875,Cambium,Diligence/Supplemental Documentation/Legal (Supplementary Docs)/Company Minute Book and Corporate Records/Business Contracts/Terms of Service/Not Used/Terms of Service.docx,COMPANIES/Cambium/09_Commercial_and_Customers/Terms of Service__F00875.docx,PLACED,09 Commercial & Customers,False,moved,True
F00876,Cambium,Diligence/Supplemental Documentation/Legal (Supplementary Docs)/Company Minute Book and Corporate Records/Business Contracts/Third Party Contracts/ADF_Cambium Contract (Executed) (1).pdf,COMPANIES/Cambium/09_Commercial_and_Customers/ADF_Cambium Contract (Executed) (1)__F00876.pdf,PLACED,09 Commercial & Customers,False,moved,True
F00877,Cambium,Diligence/Supplemental Documentation/Legal (Supplementary Docs)/Company Minute Book and Corporate Records/Business Contracts/Third Party Contracts/CFS Project Proposal Cambium Carbon (5Oct22).pdf,COMPANIES/Cambium/09_Commercial_and_Customers/CFS Project Proposal Cambium Carbon (5Oct22)__F00877.pdf,PLACED,09 Commercial & Customers,False,moved,True
F00878,Cambium,Diligence/Supplemental Documentation/Legal (Supplementary Docs)/Company Minute Book and Corporate Records/Business Contracts/Third Party Contracts/Recruiting Agreements/Brainworks-Performance-Based Retainer Agreement-Cambium Carbon 0130.pdf,COMPANIES/Cambium/09_Commercial_and_Customers/Brainworks-Performance-Based Retainer Agreement-Cambium Carbon 0130__F00878.pdf,PLACED,09 Commercial & Customers,False,moved,True
F00879,Cambium,Diligence/Supplemental Documentation/Legal (Supplementary Docs)/Company Minute Book and Corporate Records/Business Contracts/Third Party Contracts/Recruiting Agreements/Hawthorne_Lane_Fee_Agreement__Ben_Christensen-signed-certificate.pdf,COMPANIES/Cambium/09_Commercial_and_Customers/Hawthorne_Lane_Fee_Agreement__Ben_Christensen-signed-certificate__F00879.pdf,PLACED,09 Commercial & Customers,False,moved,True
F00880,Cambium,Diligence/Supplemental Documentation/Legal (Supplementary Docs)/Company Minute Book and Corporate Records/Business Contracts/Third Party Contracts/Vendors/Cambium Carbon Statement of Work_Sidecar Design.pdf,COMPANIES/Cambium/09_Commercial_and_Customers/Cambium Carbon Statement of Work_Sidecar Design__F00880.pdf,PLACED,09 Commercial & Customers,False,moved,True
F00881,Cambium,Diligence/Supplemental Documentation/Legal (Supplementary Docs)/Company Minute Book and Corporate Records/Business Contracts/Third Party Contracts/Vendors/Cambium _ Sixty Forty Design MOU.pdf,COMPANIES/Cambium/09_Commercial_and_Customers/Cambium _ Sixty Forty Design MOU__F00881.pdf,PLACED,09 Commercial & Customers,False,moved,True
F00882,Cambium,Diligence/Supplemental Documentation/Legal (Supplementary Docs)/Company Minute Book and Corporate Records/Business Contracts/Third Party Contracts/Vendors/Cambium_VSC Service Agreement_2024 updated_encrypted_.pdf,COMPANIES/Cambium/09_Commercial_and_Customers/Cambium_VSC Service Agreement_2024 updated_encrypted___F00882.pdf,PLACED,09 Commercial & Customers,False,moved,True
F00883,Cambium,Diligence/Supplemental Documentation/Legal (Supplementary Docs)/Company Minute Book and Corporate Records/Business Contracts/Third Party Contracts/Vendors/EHDD_Peer_Review_Subc.pdf,COMPANIES/Cambium/09_Commercial_and_Customers/EHDD_Peer_Review_Subc__F00883.pdf,PLACED,09 Commercial & Customers,False,moved,True
F00884,Cambium,Diligence/Supplemental Documentation/Legal (Supplementary Docs)/Company Minute Book and Corporate Records/Business Contracts/Third Party Contracts/Vendors/Signed_2023-08-24_MOU_Cambium _ Sixty Forty.pdf,COMPANIES/Cambium/09_Commercial_and_Customers/Signed_2023-08-24_MOU_Cambium _ Sixty Forty__F00884.pdf,PLACED,09 Commercial & Customers,False,moved,True
F00885,Cambium,Diligence/Supplemental Documentation/Legal (Supplementary Docs)/Company Minute Book and Corporate Records/Business Contracts/Third Party Contracts/Vendors/Signed_2023-08-24_NDA_Cambium _ Sixty Forty.pdf,COMPANIES/Cambium/09_Commercial_and_Customers/Signed_2023-08-24_NDA_Cambium _ Sixty Forty__F00885.pdf,PLACED,09 Commercial & Customers,False,moved,True
F00886,Cambium,Diligence/Supplemental Documentation/Legal (Supplementary Docs)/Company Minute Book and Corporate Records/Business Contracts/Third Party Contracts/Vendors/Subcontract - Cambium Carbon.docx,COMPANIES/Cambium/09_Commercial_and_Customers/Subcontract - Cambium Carbon__F00886.docx,PLACED,09 Commercial & Customers,False,moved,True
F00887,Cambium,Diligence/Supplemental Documentation/Legal (Supplementary Docs)/Company Minute Book and Corporate Records/Business Contracts/Third Party Contracts/Vendors/Terms and Conditions - Cambium Carbon.docx,COMPANIES/Cambium/09_Commercial_and_Customers/Terms and Conditions - Cambium Carbon__F00887.docx,PLACED,09 Commercial & Customers,False,moved,True
F00888,Cambium,Diligence/Supplemental Documentation/Legal (Supplementary Docs)/Company Minute Book and Corporate Records/Business Contracts/Third Party Contracts/Vendors/United Healthcare Level Funded Plan.pdf,COMPANIES/Cambium/09_Commercial_and_Customers/United Healthcare Level Funded Plan__F00888.pdf,PLACED,09 Commercial & Customers,False,moved,True
F00889,Cambium,Diligence/Supplemental Documentation/Legal (Supplementary Docs)/Company Minute Book and Corporate Records/Business Contracts/Third Party Contracts/gdSoft/contract_cambium_carbon_flight_hours_2022_09_27.pdf,COMPANIES/Cambium/09_Commercial_and_Customers/contract_cambium_carbon_flight_hours_2022_09_27__F00889.pdf,PLACED,09 Commercial & Customers,False,moved,True
F00890,Cambium,Diligence/Supplemental Documentation/Legal (Supplementary Docs)/Company Minute Book and Corporate Records/Corporate Documents/Certificate of Good Standing 2023-12-22 (1).pdf,COMPANIES/Cambium/02_Financing_and_Legal/Certificate of Good Standing 2023-12-22 (1)__F00890.pdf,PLACED,02 Financing & Legal,False,moved,True
F00891,Cambium,Diligence/Supplemental Documentation/Legal (Supplementary Docs)/Company Minute Book and Corporate Records/Corporate Documents/Certificate of Good Standing_ Nov. 7 2022.pdf,COMPANIES/Cambium/02_Financing_and_Legal/Certificate of Good Standing_ Nov. 7 2022__F00891.pdf,PLACED,02 Financing & Legal,False,moved,True
F00892,Cambium,Diligence/Supplemental Documentation/Legal (Supplementary Docs)/Company Minute Book and Corporate Records/Corporate Documents/EIN Individual Request - Online Application.pdf,COMPANIES/Cambium/02_Financing_and_Legal/EIN Individual Request - Online Application__F00892.pdf,PLACED,02 Financing & Legal,False,moved,True
F00893,Cambium,Diligence/Supplemental Documentation/Legal (Supplementary Docs)/Company Minute Book and Corporate Records/Corporate Documents/Governance Documents/(OLD) Original Certificate of Good Standing.pdf,COMPANIES/Cambium/02_Financing_and_Legal/(OLD) Original Certificate of Good Standing__F00893.pdf,PLACED,02 Financing & Legal,False,moved,True
F00894,Cambium,Diligence/Supplemental Documentation/Legal (Supplementary Docs)/Company Minute Book and Corporate Records/Corporate Documents/Governance Documents/Bylaws of Cambium Carbon PBC .docx,COMPANIES/Cambium/02_Financing_and_Legal/Bylaws of Cambium Carbon PBC__F00894.docx,PLACED,02 Financing & Legal,True,moved,True
F00895,Cambium,Diligence/Supplemental Documentation/Legal (Supplementary Docs)/Company Minute Book and Corporate Records/Corporate Documents/Governance Documents/Bylaws of Cambium Carbon PBC _signed.pdf,COMPANIES/Cambium/02_Financing_and_Legal/Bylaws of Cambium Carbon PBC _signed__F00895.pdf,PLACED,02 Financing & Legal,False,moved,True
F00896,Cambium,Diligence/Supplemental Documentation/Legal (Supplementary Docs)/Company Minute Book and Corporate Records/Corporate Documents/Governance Documents/Cambium - Filed - Certificate of Incorporation.pdf,COMPANIES/Cambium/02_Financing_and_Legal/Cambium - Filed - Certificate of Incorporation__F00896.pdf,PLACED,02 Financing & Legal,False,moved,True
F00897,Cambium,Diligence/Supplemental Documentation/Legal (Supplementary Docs)/Company Minute Book and Corporate Records/Corporate Documents/Governance Documents/Certificate of Good Standing – 07.18.22.pdf,COMPANIES/Cambium/02_Financing_and_Legal/Certificate of Good Standing – 07.18.22__F00897.pdf,PLACED,02 Financing & Legal,False,moved,True
F00898,Cambium,Diligence/Supplemental Documentation/Legal (Supplementary Docs)/Company Minute Book and Corporate Records/Corporate Documents/Governance Documents/Certificate of Good Standing_ Nov. 7 2022.pdf,COMPANIES/Cambium/02_Financing_and_Legal/Certificate of Good Standing_ Nov. 7 2022__F00898.pdf,PLACED,02 Financing & Legal,False,moved,True
F00899,Cambium,Diligence/Supplemental Documentation/Legal (Supplementary Docs)/Company Minute Book and Corporate Records/Corporate Documents/Governance Documents/DE Certificate of Good Standing 2023-12-22.pdf,COMPANIES/Cambium/02_Financing_and_Legal/DE Certificate of Good Standing 2023-12-22__F00899.pdf,PLACED,02 Financing & Legal,False,moved,True
F00900,Cambium,Diligence/Supplemental Documentation/Legal (Supplementary Docs)/Company Minute Book and Corporate Records/Corporate Documents/LLC Company Agreements and Operating Agreement/ADF_Cambium Contract (Executed) (1).pdf,COMPANIES/Cambium/02_Financing_and_Legal/ADF_Cambium Contract (Executed) (1)__F00900.pdf,PLACED,02 Financing & Legal,False,moved,True
F00901,Cambium,Diligence/Supplemental Documentation/Legal (Supplementary Docs)/Company Minute Book and Corporate Records/Corporate Documents/LLC Company Agreements and Operating Agreement/Consent in Writing of the Members of Cambium Carbon LLC - signed.pdf,COMPANIES/Cambium/02_Financing_and_Legal/Consent in Writing of the Members of Cambium Carbon LLC - signed__F00901.pdf,PLACED,02 Financing & Legal,False,moved,True
F00902,Cambium,Diligence/Supplemental Documentation/Legal (Supplementary Docs)/Company Minute Book and Corporate Records/Corporate Documents/LLC Company Agreements and Operating Agreement/Multi-Member LLC -- Cambium Carbon LLC.pdf,COMPANIES/Cambium/02_Financing_and_Legal/Multi-Member LLC -- Cambium Carbon LLC__F00902.pdf,PLACED,02 Financing & Legal,False,moved,True
F00903,Cambium,Diligence/Supplemental Documentation/Legal (Supplementary Docs)/Company Minute Book and Corporate Records/Corporate Documents/LLC Company Agreements and Operating Agreement/Subscription Agreement - Cambium Carbon LLC - signed (1).pdf,COMPANIES/Cambium/02_Financing_and_Legal/Subscription Agreement - Cambium Carbon LLC - signed (1)__F00903.pdf,PLACED,02 Financing & Legal,False,moved,True
F00904,Cambium,Diligence/Supplemental Documentation/Legal (Supplementary Docs)/Company Minute Book and Corporate Records/Corporate Documents/Resolutions/Action by Written Consent of Sole Incorporator - Cambium Carbon PBC.pdf,COMPANIES/Cambium/02_Financing_and_Legal/Action by Written Consent of Sole Incorporator - Cambium Carbon PBC__F00904.pdf,PLACED,02 Financing & Legal,False,moved,True
F00905,Cambium,Diligence/Supplemental Documentation/Legal (Supplementary Docs)/Company Minute Book and Corporate Records/Corporate Documents/Resolutions/Board Consent - Cambium Carbon PBC (re. Note Financing) - signed.pdf,COMPANIES/Cambium/02_Financing_and_Legal/Board Consent - Cambium Carbon PBC (re. Note Financing) - signed__F00905.pdf,PLACED,02 Financing & Legal,False,moved,True
F00906,Cambium,Diligence/Supplemental Documentation/Legal (Supplementary Docs)/Company Minute Book and Corporate Records/Corporate Documents/Resolutions/Board Consent 3.22.23 (Nishan + Rachel shares) - Cambium Carbon PBC - signed (1).pdf,COMPANIES/Cambium/02_Financing_and_Legal/Board Consent 3.22.23 (Nishan + Rachel shares) - Cambium Carbon PBC - signed (1)__F00906.pdf,PLACED,02 Financing & Legal,False,moved,True
F00907,Cambium,Diligence/Supplemental Documentation/Legal (Supplementary Docs)/Company Minute Book and Corporate Records/Corporate Documents/Resolutions/Board Consent in Writing (Webster Bank)-complete.pdf,COMPANIES/Cambium/02_Financing_and_Legal/Board Consent in Writing (Webster Bank)-complete__F00907.pdf,PLACED,02 Financing & Legal,False,moved,True
F00908,Cambium,Diligence/Supplemental Documentation/Legal (Supplementary Docs)/Company Minute Book and Corporate Records/Corporate Documents/Resolutions/Board Consent in Writing (Webster Bank).docx,COMPANIES/Cambium/02_Financing_and_Legal/Board Consent in Writing (Webster Bank)__F00908.docx,PLACED,02 Financing & Legal,False,moved,True
F00909,Cambium,Diligence/Supplemental Documentation/Legal (Supplementary Docs)/Company Minute Book and Corporate Records/Corporate Documents/Resolutions/BoardConsent_JoeJeff_June21.docx.pdf,COMPANIES/Cambium/02_Financing_and_Legal/BoardConsent_JoeJeff_June21.docx__F00909.pdf,PLACED,02 Financing & Legal,False,moved,True
F00910,Cambium,Diligence/Supplemental Documentation/Legal (Supplementary Docs)/Company Minute Book and Corporate Records/Corporate Documents/Resolutions/Consent of the Board - re. Lumber Tracker Acquisition (Cambium Carbon PBC) - signed (1).pdf,COMPANIES/Cambium/02_Financing_and_Legal/Consent of the Board - re. Lumber Tracker Acquisition (Cambium Carbon PBC) - signed (1)__F00910.pdf,PLACED,02 Financing & Legal,False,moved,True
F00911,Cambium,Diligence/Supplemental Documentation/Legal (Supplementary Docs)/Company Minute Book and Corporate Records/Corporate Documents/Resolutions/Copy of Board Consent in Writing (GSB).docx,COMPANIES/Cambium/02_Financing_and_Legal/Copy of Board Consent in Writing (GSB)__F00911.docx,PLACED,02 Financing & Legal,False,moved,True
F00912,Cambium,Diligence/Supplemental Documentation/Legal (Supplementary Docs)/Company Minute Book and Corporate Records/Corporate Documents/Resolutions/Final - NSO Agreement (Z. Scott) - Cambium Carbon PBC - signed.pdf,COMPANIES/Cambium/02_Financing_and_Legal/Final - NSO Agreement (Z. Scott) - Cambium Carbon PBC - signed__F00912.pdf,PLACED,02 Financing & Legal,False,moved,True
F00913,Cambium,Diligence/Supplemental Documentation/Legal (Supplementary Docs)/Company Minute Book and Corporate Records/Corporate Documents/Resolutions/Joint Action by Written Consent of the Board of Directors and Stockholders in Lieu of Initial Meeting - Cambium Carbon PBC - signed.pdf,COMPANIES/Cambium/02_Financing_and_Legal/Joint Action by Written Consent of the Board of Directors and Stockholders in Lieu of Initial Meeting - Cambium Carbon PBC - signed__F00913.pdf,PLACED,02 Financing & Legal,False,moved,True
F00914,Cambium,Diligence/Supplemental Documentation/Legal (Supplementary Docs)/Company Minute Book and Corporate Records/Corporate Documents/Resolutions/Joint Action by Written Consent of the Board of Directors and Stockholders in Lieu of Initial Meeting - Cambium Carbon PBC.docx,COMPANIES/Cambium/14_Historical_Superseded/Joint Action by Written Consent of the Board of Directors and Stockholders in Lieu of Initial Meeting - Cambium Carbon PBC__F00914.docx,SUPERSEDED,14 Historical / Superseded,False,moved,True
F00915,Cambium,Diligence/Supplemental Documentation/Legal (Supplementary Docs)/Company Minute Book and Corporate Records/Corporate Documents/Resolutions/Jon_VestingAccel_BoardConsent-2.pdf,COMPANIES/Cambium/02_Financing_and_Legal/Jon_VestingAccel_BoardConsent-2__F00915.pdf,PLACED,02 Financing & Legal,False,moved,True
F00916,Cambium,Diligence/Supplemental Documentation/Legal (Supplementary Docs)/Company Minute Book and Corporate Records/Corporate Documents/Resolutions/Written Consent of the Board - re. Stock Option Issuances (Cambium Carbon PBC .docx,COMPANIES/Cambium/02_Financing_and_Legal/Written Consent of the Board - re. Stock Option Issuances (Cambium Carbon PBC__F00916.docx,PLACED,02 Financing & Legal,True,moved,True
F00917,Cambium,Diligence/Supplemental Documentation/Legal (Supplementary Docs)/Company Minute Book and Corporate Records/NDAs/BET USA & Cambium Carbon NDA and Confidentiality 2024.pdf,COMPANIES/Cambium/02_Financing_and_Legal/BET USA & Cambium Carbon NDA and Confidentiality 2024__F00917.pdf,PLACED,02 Financing & Legal,False,moved,True
F00918,Cambium,Diligence/Supplemental Documentation/Legal (Supplementary Docs)/Company Minute Book and Corporate Records/NDAs/Boone Mountain Capital NDA.docx,COMPANIES/Cambium/02_Financing_and_Legal/Boone Mountain Capital NDA__F00918.docx,PLACED,02 Financing & Legal,False,moved,True
F00919,Cambium,Diligence/Supplemental Documentation/Legal (Supplementary Docs)/Company Minute Book and Corporate Records/NDAs/Cael Kendall NDA_signed.pdf,COMPANIES/Cambium/02_Financing_and_Legal/Cael Kendall NDA_signed__F00919.pdf,PLACED,02 Financing & Legal,False,moved,True
F00920,Cambium,Diligence/Supplemental Documentation/Legal (Supplementary Docs)/Company Minute Book and Corporate Records/NDAs/Cambium Carbon - Aligned NDA - 10.06.23.pdf,COMPANIES/Cambium/02_Financing_and_Legal/Cambium Carbon - Aligned NDA - 10.06.23__F00920.pdf,PLACED,02 Financing & Legal,False,moved,True
F00921,Cambium,Diligence/Supplemental Documentation/Legal (Supplementary Docs)/Company Minute Book and Corporate Records/NDAs/Cambium Carbon - Firewood Farms_signed NDA 01_09_2024.pdf,COMPANIES/Cambium/02_Financing_and_Legal/Cambium Carbon - Firewood Farms_signed NDA 01_09_2024__F00921.pdf,PLACED,02 Financing & Legal,False,moved,True
F00922,Cambium,Diligence/Supplemental Documentation/Legal (Supplementary Docs)/Company Minute Book and Corporate Records/NDAs/Cambium Carbon - Harvest Lumber Co- 11.09.23.pdf,COMPANIES/Cambium/02_Financing_and_Legal/Cambium Carbon - Harvest Lumber Co- 11.09.23__F00922.pdf,PLACED,02 Financing & Legal,False,moved,True
F00923,Cambium,Diligence/Supplemental Documentation/Legal (Supplementary Docs)/Company Minute Book and Corporate Records/NDAs/Cambium_NDA_Arbor Wood Co.pdf,COMPANIES/Cambium/02_Financing_and_Legal/Cambium_NDA_Arbor Wood Co__F00923.pdf,PLACED,02 Financing & Legal,False,moved,True
F00924,Cambium,Diligence/Supplemental Documentation/Legal (Supplementary Docs)/Company Minute Book and Corporate Records/NDAs/Cambium_NDA_DeadWood.pdf,COMPANIES/Cambium/02_Financing_and_Legal/Cambium_NDA_DeadWood__F00924.pdf,PLACED,02 Financing & Legal,False,moved,True
F00925,Cambium,Diligence/Supplemental Documentation/Legal (Supplementary Docs)/Company Minute Book and Corporate Records/NDAs/Cambium_NDA_John Mancine.pdf,COMPANIES/Cambium/02_Financing_and_Legal/Cambium_NDA_John Mancine__F00925.pdf,PLACED,02 Financing & Legal,False,moved,True
F00926,Cambium,Diligence/Supplemental Documentation/Legal (Supplementary Docs)/Company Minute Book and Corporate Records/NDAs/Cambium_NDA_Limestone Digital.pdf,COMPANIES/Cambium/02_Financing_and_Legal/Cambium_NDA_Limestone Digital__F00926.pdf,PLACED,02 Financing & Legal,False,moved,True
F00927,Cambium,Diligence/Supplemental Documentation/Legal (Supplementary Docs)/Company Minute Book and Corporate Records/NDAs/Cambium_PlanIT_Geo_2023.pdf,COMPANIES/Cambium/02_Financing_and_Legal/Cambium_PlanIT_Geo_2023__F00927.pdf,PLACED,02 Financing & Legal,False,moved,True
F00928,Cambium,Diligence/Supplemental Documentation/Legal (Supplementary Docs)/Company Minute Book and Corporate Records/NDAs/Chainparency_Cambium_MNDA-2023_signed.pdf,COMPANIES/Cambium/02_Financing_and_Legal/Chainparency_Cambium_MNDA-2023_signed__F00928.pdf,PLACED,02 Financing & Legal,False,moved,True
F00929,Cambium,Diligence/Supplemental Documentation/Legal (Supplementary Docs)/Company Minute Book and Corporate Records/NDAs/Confidentiality and Nondisclosure Agreement - CAMBIUM CARBON PBC - Urban Machine.pdf,COMPANIES/Cambium/02_Financing_and_Legal/Confidentiality and Nondisclosure Agreement - CAMBIUM CARBON PBC - Urban Machine__F00929.pdf,PLACED,02 Financing & Legal,False,moved,True
F00930,Cambium,Diligence/Supplemental Documentation/Legal (Supplementary Docs)/Company Minute Book and Corporate Records/NDAs/Confidentiality and Nondisclosure Agreement - CAMBIUM CARBON PBC _ ChipDrop 02_22_2024.pdf,COMPANIES/Cambium/02_Financing_and_Legal/Confidentiality and Nondisclosure Agreement - CAMBIUM CARBON PBC _ ChipDrop 02_22_2024__F00930.pdf,PLACED,02 Financing & Legal,False,moved,True
F00931,Cambium,Diligence/Supplemental Documentation/Legal (Supplementary Docs)/Company Minute Book and Corporate Records/NDAs/Confidentiality and Nondisclosure Agreement - CAMBIUM CARBON PBC_Working Trees 02_23_2024.pdf,COMPANIES/Cambium/02_Financing_and_Legal/Confidentiality and Nondisclosure Agreement - CAMBIUM CARBON PBC_Working Trees 02_23_2024__F00931.pdf,PLACED,02 Financing & Legal,False,moved,True
F00932,Cambium,Diligence/Supplemental Documentation/Legal (Supplementary Docs)/Company Minute Book and Corporate Records/NDAs/EHDD Mutual NDA.pdf,COMPANIES/Cambium/02_Financing_and_Legal/EHDD Mutual NDA__F00932.pdf,PLACED,02 Financing & Legal,False,moved,True
F00933,Cambium,Diligence/Supplemental Documentation/Legal (Supplementary Docs)/Company Minute Book and Corporate Records/NDAs/Forward Forestry Confidentiality and Nondisclosure Agreement - CAMBIUM CARBON PBC - signed.pdf,COMPANIES/Cambium/02_Financing_and_Legal/Forward Forestry Confidentiality and Nondisclosure Agreement - CAMBIUM CARBON PBC - signed__F00933.pdf,PLACED,02 Financing & Legal,False,moved,True
F00934,Cambium,Diligence/Supplemental Documentation/Legal (Supplementary Docs)/Company Minute Book and Corporate Records/NDAs/LD_-_Service_Agreement_Cambium_Carbon-2023.pdf,COMPANIES/Cambium/02_Financing_and_Legal/LD_-_Service_Agreement_Cambium_Carbon-2023__F00934.pdf,PLACED,02 Financing & Legal,False,moved,True
F00935,Cambium,Diligence/Supplemental Documentation/Legal (Supplementary Docs)/Company Minute Book and Corporate Records/NDAs/LimestoneDigital_NDA.pdf,COMPANIES/Cambium/02_Financing_and_Legal/LimestoneDigital_NDA__F00935.pdf,PLACED,02 Financing & Legal,False,moved,True
F00936,Cambium,Diligence/Supplemental Documentation/Legal (Supplementary Docs)/Company Minute Book and Corporate Records/NDAs/LinvilleEngler_Matt_Confidentiality and Nondisclosure Agreement_0621.pdf,COMPANIES/Cambium/02_Financing_and_Legal/LinvilleEngler_Matt_Confidentiality and Nondisclosure Agreement_0621__F00936.pdf,PLACED,02 Financing & Legal,False,moved,True
F00937,Cambium,Diligence/Supplemental Documentation/Legal (Supplementary Docs)/Company Minute Book and Corporate Records/NDAs/Marvin Stockwell confidentiality agreement_2023-02-07_220017.pdf,COMPANIES/Cambium/02_Financing_and_Legal/Marvin Stockwell confidentiality agreement_2023-02-07_220017__F00937.pdf,PLACED,02 Financing & Legal,False,moved,True
F00938,Cambium,Diligence/Supplemental Documentation/Legal (Supplementary Docs)/Company Minute Book and Corporate Records/NDAs/Mutual NDA_Cambium & PlanITGeo.pdf,COMPANIES/Cambium/02_Financing_and_Legal/Mutual NDA_Cambium & PlanITGeo__F00938.pdf,PLACED,02 Financing & Legal,False,moved,True
F00939,Cambium,Diligence/Supplemental Documentation/Legal (Supplementary Docs)/Company Minute Book and Corporate Records/NDAs/Mutual NDA_Cambium_Anderson Kenny.docx,COMPANIES/Cambium/02_Financing_and_Legal/Mutual NDA_Cambium_Anderson Kenny__F00939.docx,PLACED,02 Financing & Legal,False,moved,True
F00940,Cambium,Diligence/Supplemental Documentation/Legal (Supplementary Docs)/Company Minute Book and Corporate Records/NDAs/Mutual NDA_Cambium_Cam Carter.docx,COMPANIES/Cambium/02_Financing_and_Legal/Mutual NDA_Cambium_Cam Carter__F00940.docx,PLACED,02 Financing & Legal,False,moved,True
F00941,Cambium,Diligence/Supplemental Documentation/Legal (Supplementary Docs)/Company Minute Book and Corporate Records/NDAs/Mutual NDA_Cambium_Erik Ryan.docx,COMPANIES/Cambium/02_Financing_and_Legal/Mutual NDA_Cambium_Erik Ryan__F00941.docx,PLACED,02 Financing & Legal,False,moved,True
F00942,Cambium,Diligence/Supplemental Documentation/Legal (Supplementary Docs)/Company Minute Book and Corporate Records/NDAs/Mutual NDA_Cambium_JoeScan.docx,COMPANIES/Cambium/02_Financing_and_Legal/Mutual NDA_Cambium_JoeScan__F00942.docx,PLACED,02 Financing & Legal,False,moved,True
F00943,Cambium,Diligence/Supplemental Documentation/Legal (Supplementary Docs)/Company Minute Book and Corporate Records/NDAs/Mutual NDA_Cambium_MSU signed_Cambium signed.pdf,COMPANIES/Cambium/02_Financing_and_Legal/Mutual NDA_Cambium_MSU signed_Cambium signed__F00943.pdf,PLACED,02 Financing & Legal,False,moved,True
F00944,Cambium,Diligence/Supplemental Documentation/Legal (Supplementary Docs)/Company Minute Book and Corporate Records/NDAs/Mutual NDA_Cambium_MSU.docx,COMPANIES/Cambium/02_Financing_and_Legal/Mutual NDA_Cambium_MSU__F00944.docx,PLACED,02 Financing & Legal,False,moved,True
F00945,Cambium,Diligence/Supplemental Documentation/Legal (Supplementary Docs)/Company Minute Book and Corporate Records/NDAs/Mutual NDA_Cambium_Vaagen Timbers.docx,COMPANIES/Cambium/02_Financing_and_Legal/Mutual NDA_Cambium_Vaagen Timbers__F00945.docx,PLACED,02 Financing & Legal,False,moved,True
F00946,Cambium,Diligence/Supplemental Documentation/Legal (Supplementary Docs)/Company Minute Book and Corporate Records/NDAs/NDA_from_Google_for_signature..pdf,COMPANIES/Cambium/02_Financing_and_Legal/NDA_from_Google_for_signature__F00946.pdf,PLACED,02 Financing & Legal,True,moved,True
F00947,Cambium,Diligence/Supplemental Documentation/Legal (Supplementary Docs)/Company Minute Book and Corporate Records/NDAs/Non Disclosure Agreement - Cambium Carbon PBC - Delmhorst -  25apr23 - Executed.pdf,COMPANIES/Cambium/02_Financing_and_Legal/Non Disclosure Agreement - Cambium Carbon PBC - Delmhorst - 25apr23 - Executed__F00947.pdf,PLACED,02 Financing & Legal,True,moved,True
F00948,Cambium,Diligence/Supplemental Documentation/Legal (Supplementary Docs)/Company Minute Book and Corporate Records/NDAs/PLDV Cambium Carbon NDA July 2024.pdf,COMPANIES/Cambium/02_Financing_and_Legal/PLDV Cambium Carbon NDA July 2024__F00948.pdf,PLACED,02 Financing & Legal,False,moved,True
F00949,Cambium,Diligence/Supplemental Documentation/Legal (Supplementary Docs)/Company Minute Book and Corporate Records/NDAs/Prasad_NDA.pdf,COMPANIES/Cambium/02_Financing_and_Legal/Prasad_NDA__F00949.pdf,PLACED,02 Financing & Legal,False,moved,True
F00950,Cambium,Diligence/Supplemental Documentation/Legal (Supplementary Docs)/Company Minute Book and Corporate Records/NDAs/Punch Financial Mutual NDA 2023 - signed.pdf,COMPANIES/Cambium/02_Financing_and_Legal/Punch Financial Mutual NDA 2023 - signed__F00950.pdf,PLACED,02 Financing & Legal,False,moved,True
F00951,Cambium,Diligence/Supplemental Documentation/Legal (Supplementary Docs)/Company Minute Book and Corporate Records/NDAs/TEMPLATE_Mutual NDA_Cambium.docx,COMPANIES/Cambium/02_Financing_and_Legal/TEMPLATE_Mutual NDA_Cambium__F00951.docx,PLACED,02 Financing & Legal,False,moved,True
F00952,Cambium,"Diligence/Supplemental Documentation/Legal (Supplementary Docs)/Company Minute Book and Corporate Records/NDAs/Two-Way NDA - CAMBIUM CARBON PBC & Texas Urban Sawmill, Nov 2 2022_BC Signed.pdf","COMPANIES/Cambium/02_Financing_and_Legal/Two-Way NDA - CAMBIUM CARBON PBC & Texas Urban Sawmill, Nov 2 2022_BC Signed__F00952.pdf",PLACED,02 Financing & Legal,False,moved,True
F00953,Cambium,Diligence/Supplemental Documentation/Legal (Supplementary Docs)/Company Minute Book and Corporate Records/NDAs/merixstudio_Confidentiality and Nondisclosure Agreement_05_21.pdf,COMPANIES/Cambium/02_Financing_and_Legal/merixstudio_Confidentiality and Nondisclosure Agreement_05_21__F00953.pdf,PLACED,02 Financing & Legal,False,moved,True
F00954,Cambium,Diligence/Supplemental Documentation/Legal (Supplementary Docs)/Company Minute Book and Corporate Records/Personnel (Individual Stock Issuances)/Stock Plan - Cambium Carbon PBC.pdf,COMPANIES/Cambium/02_Financing_and_Legal/Stock Plan - Cambium Carbon PBC__F00954.pdf,PLACED,02 Financing & Legal,False,moved,True
F00955,Cambium,Diligence/Supplemental Documentation/Legal (Supplementary Docs)/Company Minute Book and Corporate Records/Personnel (Individual Stock Issuances)/Advisors/Board Advisor Agreement.doc,COMPANIES/Cambium/02_Financing_and_Legal/Board Advisor Agreement__F00955.doc,PLACED,02 Financing & Legal,False,moved,True
F00956,Cambium,Diligence/Supplemental Documentation/Legal (Supplementary Docs)/Company Minute Book and Corporate Records/Personnel (Individual Stock Issuances)/Advisors/Form Board Advisor Agreement - Cambium Carbon PBC.pdf,COMPANIES/Cambium/02_Financing_and_Legal/Form Board Advisor Agreement - Cambium Carbon PBC__F00956.pdf,PLACED,02 Financing & Legal,False,moved,True
F00957,Cambium,Diligence/Supplemental Documentation/Legal (Supplementary Docs)/Company Minute Book and Corporate Records/Personnel (Individual Stock Issuances)/Advisors/Form NSO Agreement - Cambium Carbon PBC.docx,COMPANIES/Cambium/14_Historical_Superseded/Form NSO Agreement - Cambium Carbon PBC__F00957.docx,SUPERSEDED,14 Historical / Superseded,False,moved,True
F00958,Cambium,Diligence/Supplemental Documentation/Legal (Supplementary Docs)/Company Minute Book and Corporate Records/Personnel (Individual Stock Issuances)/Advisors/Form NSO Agreement - Cambium Carbon PBC.pdf,COMPANIES/Cambium/02_Financing_and_Legal/Form NSO Agreement - Cambium Carbon PBC__F00958.pdf,PLACED,02 Financing & Legal,False,moved,True
F00959,Cambium,Diligence/Supplemental Documentation/Legal (Supplementary Docs)/Company Minute Book and Corporate Records/Personnel (Individual Stock Issuances)/Advisors/Stock Plan - Cambium Carbon PBC.pdf,COMPANIES/Cambium/02_Financing_and_Legal/Stock Plan - Cambium Carbon PBC__F00959.pdf,PLACED,02 Financing & Legal,False,moved,True
F00960,Cambium,Diligence/Supplemental Documentation/Legal (Supplementary Docs)/Company Minute Book and Corporate Records/Personnel (Individual Stock Issuances)/Advisors/C. Rudolph/Form Board Advisor Agreement - Claire Rudolph (signed).pdf,COMPANIES/Cambium/02_Financing_and_Legal/Form Board Advisor Agreement - Claire Rudolph (signed)__F00960.pdf,PLACED,02 Financing & Legal,False,moved,True
F00961,Cambium,Diligence/Supplemental Documentation/Legal (Supplementary Docs)/Company Minute Book and Corporate Records/Personnel (Individual Stock Issuances)/Advisors/J. Mulligan/Board Advisor Agreement (J. Mulligan) - Cambium Carbon PBC.pdf,COMPANIES/Cambium/02_Financing_and_Legal/Board Advisor Agreement (J. Mulligan) - Cambium Carbon PBC__F00961.pdf,PLACED,02 Financing & Legal,False,moved,True
F00962,Cambium,Diligence/Supplemental Documentation/Legal (Supplementary Docs)/Company Minute Book and Corporate Records/Personnel (Individual Stock Issuances)/Advisors/Zach Scott (Green Carbon)/Board Consent in Writing (Z. Scott Grants) - Cambium Carbon PBC - signed.pdf,COMPANIES/Cambium/02_Financing_and_Legal/Board Consent in Writing (Z. Scott Grants) - Cambium Carbon PBC - signed__F00962.pdf,PLACED,02 Financing & Legal,False,moved,True
F00963,Cambium,Diligence/Supplemental Documentation/Legal (Supplementary Docs)/Company Minute Book and Corporate Records/Personnel (Individual Stock Issuances)/Employees _ Contractors/CIIA – Zac Tolbert (1).pdf,COMPANIES/Cambium/09_Commercial_and_Customers/CIIA – Zac Tolbert (1)__F00963.pdf,PLACED,09 Commercial & Customers,False,moved,True
F00964,Cambium,Diligence/Supplemental Documentation/Legal (Supplementary Docs)/Company Minute Book and Corporate Records/Personnel (Individual Stock Issuances)/Employees _ Contractors/Forms Onboarding/Form Board Consent in Writing - Cambium Carbon PBC (re. Stock Issuances).docx,COMPANIES/Cambium/02_Financing_and_Legal/Form Board Consent in Writing - Cambium Carbon PBC (re. Stock Issuances)__F00964.docx,PLACED,02 Financing & Legal,False,moved,True
F00965,Cambium,Diligence/Supplemental Documentation/Legal (Supplementary Docs)/Company Minute Book and Corporate Records/Personnel (Individual Stock Issuances)/Employees _ Contractors/Forms Onboarding/Form I-9.pdf,COMPANIES/Cambium/06_Board_and_Governance/Form I-9__F00965.pdf,PLACED,06 Board & Governance,False,moved,True
F00966,Cambium,Diligence/Supplemental Documentation/Legal (Supplementary Docs)/Company Minute Book and Corporate Records/Personnel (Individual Stock Issuances)/Employees _ Contractors/Forms Onboarding/Form NSO Agreement - Cambium Carbon PBC.docx,COMPANIES/Cambium/06_Board_and_Governance/Form NSO Agreement - Cambium Carbon PBC__F00966.docx,PLACED,06 Board & Governance,False,moved,True
F00967,Cambium,Diligence/Supplemental Documentation/Legal (Supplementary Docs)/Company Minute Book and Corporate Records/Personnel (Individual Stock Issuances)/Employees _ Contractors/Forms Onboarding/Form of CIIAA - Cambium Carbon PBC.docx,COMPANIES/Cambium/06_Board_and_Governance/Form of CIIAA - Cambium Carbon PBC__F00967.docx,PLACED,06 Board & Governance,False,moved,True
F00968,Cambium,Diligence/Supplemental Documentation/Legal (Supplementary Docs)/Company Minute Book and Corporate Records/Personnel (Individual Stock Issuances)/Employees _ Contractors/Forms Onboarding/Form of Employee Offer Letter (EXEMPT EMPLOYEE).docx,COMPANIES/Cambium/06_Board_and_Governance/Form of Employee Offer Letter (EXEMPT EMPLOYEE)__F00968.docx,PLACED,06 Board & Governance,False,moved,True
F00969,Cambium,Diligence/Supplemental Documentation/Legal (Supplementary Docs)/Company Minute Book and Corporate Records/Personnel (Individual Stock Issuances)/Employees _ Contractors/Forms Onboarding/W-4.pdf,COMPANIES/Cambium/06_Board_and_Governance/W-4__F00969.pdf,PLACED,06 Board & Governance,False,moved,True
F00970,Cambium,Diligence/Supplemental Documentation/Legal (Supplementary Docs)/Company Minute Book and Corporate Records/Personnel (Individual Stock Issuances)/Employees _ Contractors/Jacob Pederson/CIIAA - J. Pederson (Cambium Carbon PBC).docx,COMPANIES/Cambium/09_Commercial_and_Customers/CIIAA - J. Pederson (Cambium Carbon PBC)__F00970.docx,PLACED,09 Commercial & Customers,False,moved,True
F00971,Cambium,Diligence/Supplemental Documentation/Legal (Supplementary Docs)/Company Minute Book and Corporate Records/Personnel (Individual Stock Issuances)/Employees _ Contractors/Jacob Pederson/Employee Offer Letter - J. Pederson (Cambium Carbon PBC).docx,COMPANIES/Cambium/09_Commercial_and_Customers/Employee Offer Letter - J. Pederson (Cambium Carbon PBC)__F00971.docx,PLACED,09 Commercial & Customers,False,moved,True
F00972,Cambium,Diligence/Supplemental Documentation/Legal (Supplementary Docs)/Company Minute Book and Corporate Records/Personnel (Individual Stock Issuances)/Employees _ Contractors/Jacob Pederson/Restricted Stock Purchase Agreement - J. Pederson (Cambium Carbon PBC).doc,COMPANIES/Cambium/02_Financing_and_Legal/Restricted Stock Purchase Agreement - J. Pederson (Cambium Carbon PBC)__F00972.doc,PLACED,02 Financing & Legal,False,moved,True
F00973,Cambium,Diligence/Supplemental Documentation/Legal (Supplementary Docs)/Company Minute Book and Corporate Records/Personnel (Individual Stock Issuances)/Employees _ Contractors/Jacob Pederson/Stock Plan - Cambium Carbon PBC.pdf,COMPANIES/Cambium/09_Commercial_and_Customers/Stock Plan - Cambium Carbon PBC__F00973.pdf,PLACED,09 Commercial & Customers,False,moved,True
F00974,Cambium,Diligence/Supplemental Documentation/Legal (Supplementary Docs)/Company Minute Book and Corporate Records/Personnel (Individual Stock Issuances)/Employees _ Contractors/Jacob Pederson/TerminationLetter - J. Pederson (Cambium Carbon PBC).docx,COMPANIES/Cambium/09_Commercial_and_Customers/TerminationLetter - J. Pederson (Cambium Carbon PBC)__F00974.docx,PLACED,09 Commercial & Customers,False,moved,True
F00975,Cambium,Diligence/Supplemental Documentation/Legal (Supplementary Docs)/Company Minute Book and Corporate Records/Personnel (Individual Stock Issuances)/Employees _ Contractors/Jeff Cohen/Accepted Offer (from Gusto) - Jeff Cohen.pdf,COMPANIES/Cambium/09_Commercial_and_Customers/Accepted Offer (from Gusto) - Jeff Cohen__F00975.pdf,PLACED,09 Commercial & Customers,False,moved,True
F00976,Cambium,Diligence/Supplemental Documentation/Legal (Supplementary Docs)/Company Minute Book and Corporate Records/Personnel (Individual Stock Issuances)/Employees _ Contractors/Jeff Cohen/Form NSO Agreement - Jeff Cohen Cambium Carbon PBC.docx,COMPANIES/Cambium/09_Commercial_and_Customers/Form NSO Agreement - Jeff Cohen Cambium Carbon PBC__F00976.docx,PLACED,09 Commercial & Customers,False,moved,True
F00977,Cambium,Diligence/Supplemental Documentation/Legal (Supplementary Docs)/Company Minute Book and Corporate Records/Personnel (Individual Stock Issuances)/Employees _ Contractors/Jeff Cohen/Jeff Cohen_signed NSO.pdf,COMPANIES/Cambium/09_Commercial_and_Customers/Jeff Cohen_signed NSO__F00977.pdf,PLACED,09 Commercial & Customers,False,moved,True
F00978,Cambium,Diligence/Supplemental Documentation/Legal (Supplementary Docs)/Company Minute Book and Corporate Records/Personnel (Individual Stock Issuances)/Employees _ Contractors/Jon Levitt/CIIAA - Cambium Carbon PBC (J. Levitt).doc,COMPANIES/Cambium/09_Commercial_and_Customers/CIIAA - Cambium Carbon PBC (J. Levitt)__F00978.doc,PLACED,09 Commercial & Customers,False,moved,True
F00979,Cambium,Diligence/Supplemental Documentation/Legal (Supplementary Docs)/Company Minute Book and Corporate Records/Personnel (Individual Stock Issuances)/Employees _ Contractors/Jon Levitt/Offer Letter Consultant - Cambium Carbon PBC (J. Levitt) - signed.pdf,COMPANIES/Cambium/09_Commercial_and_Customers/Offer Letter Consultant - Cambium Carbon PBC (J. Levitt) - signed__F00979.pdf,PLACED,09 Commercial & Customers,False,moved,True
F00980,Cambium,Diligence/Supplemental Documentation/Legal (Supplementary Docs)/Company Minute Book and Corporate Records/Personnel (Individual Stock Issuances)/Employees _ Contractors/Jon Levitt/Offer Letter Consultant - Cambium Carbon PBC (J. Levitt).docx,COMPANIES/Cambium/14_Historical_Superseded/Offer Letter Consultant - Cambium Carbon PBC (J. Levitt)__F00980.docx,SUPERSEDED,14 Historical / Superseded,False,moved,True
F00981,Cambium,Diligence/Supplemental Documentation/Legal (Supplementary Docs)/Company Minute Book and Corporate Records/Personnel (Individual Stock Issuances)/Employees _ Contractors/Jon Levitt/Restricted Stock Purchase Agreement - Cambium Carbon PBC (J. Levitt).docx,COMPANIES/Cambium/02_Financing_and_Legal/Restricted Stock Purchase Agreement - Cambium Carbon PBC (J. Levitt)__F00981.docx,PLACED,02 Financing & Legal,False,moved,True
F00982,Cambium,Diligence/Supplemental Documentation/Legal (Supplementary Docs)/Company Minute Book and Corporate Records/Personnel (Individual Stock Issuances)/Employees _ Contractors/Jon Levitt/For Signature/CIIAA - Cambium Carbon PBC (J. Levitt).pdf,COMPANIES/Cambium/09_Commercial_and_Customers/CIIAA - Cambium Carbon PBC (J. Levitt)__F00982.pdf,PLACED,09 Commercial & Customers,False,moved,True
F00983,Cambium,Diligence/Supplemental Documentation/Legal (Supplementary Docs)/Company Minute Book and Corporate Records/Personnel (Individual Stock Issuances)/Employees _ Contractors/Jon Levitt/For Signature/Offer Letter Consultant - Cambium Carbon PBC (J. Levitt).pdf,COMPANIES/Cambium/09_Commercial_and_Customers/Offer Letter Consultant - Cambium Carbon PBC (J. Levitt)__F00983.pdf,PLACED,09 Commercial & Customers,False,moved,True
F00984,Cambium,Diligence/Supplemental Documentation/Legal (Supplementary Docs)/Company Minute Book and Corporate Records/Personnel (Individual Stock Issuances)/Employees _ Contractors/Jon Levitt/For Signature/Restricted Stock Purchase Agreement - Cambium Carbon PBC (J. Levitt).pdf,COMPANIES/Cambium/02_Financing_and_Legal/Restricted Stock Purchase Agreement - Cambium Carbon PBC (J. Levitt)__F00984.pdf,PLACED,02 Financing & Legal,False,moved,True
F00985,Cambium,Diligence/Supplemental Documentation/Legal (Supplementary Docs)/Company Minute Book and Corporate Records/Personnel (Individual Stock Issuances)/Employees _ Contractors/Jon Levitt/Not Used/NSO Agreement - Cambium Carbon PBC - (J. Levit).docx,COMPANIES/Cambium/09_Commercial_and_Customers/NSO Agreement - Cambium Carbon PBC - (J. Levit)__F00985.docx,PLACED,09 Commercial & Customers,False,moved,True
F00986,Cambium,Diligence/Supplemental Documentation/Legal (Supplementary Docs)/Company Minute Book and Corporate Records/Personnel (Individual Stock Issuances)/Employees _ Contractors/Jon Levitt/Not Used/Offer Letter Consultant - Cambium Carbon PBC (J. Levit).docx,COMPANIES/Cambium/09_Commercial_and_Customers/Offer Letter Consultant - Cambium Carbon PBC (J. Levit)__F00986.docx,PLACED,09 Commercial & Customers,False,moved,True
F00987,Cambium,Diligence/Supplemental Documentation/Legal (Supplementary Docs)/Company Minute Book and Corporate Records/Personnel (Individual Stock Issuances)/Employees _ Contractors/Joseph McDonald/Form I-9.pdf,COMPANIES/Cambium/09_Commercial_and_Customers/Form I-9__F00987.pdf,PLACED,09 Commercial & Customers,False,moved,True
F00988,Cambium,Diligence/Supplemental Documentation/Legal (Supplementary Docs)/Company Minute Book and Corporate Records/Personnel (Individual Stock Issuances)/Employees _ Contractors/Joseph McDonald/Form NSO Agreement - Cambium Carbon PBC.docx,COMPANIES/Cambium/09_Commercial_and_Customers/Form NSO Agreement - Cambium Carbon PBC__F00988.docx,PLACED,09 Commercial & Customers,False,moved,True
F00989,Cambium,Diligence/Supplemental Documentation/Legal (Supplementary Docs)/Company Minute Book and Corporate Records/Personnel (Individual Stock Issuances)/Employees _ Contractors/Joseph McDonald/Form of Employee Offer Letter (Mcdonald).docx,COMPANIES/Cambium/09_Commercial_and_Customers/Form of Employee Offer Letter (Mcdonald)__F00989.docx,PLACED,09 Commercial & Customers,False,moved,True
F00990,Cambium,Diligence/Supplemental Documentation/Legal (Supplementary Docs)/Company Minute Book and Corporate Records/Personnel (Individual Stock Issuances)/Employees _ Contractors/Joseph McDonald/Joe Form NSO.pdf,COMPANIES/Cambium/09_Commercial_and_Customers/Joe Form NSO__F00990.pdf,PLACED,09 Commercial & Customers,False,moved,True
F00991,Cambium,Diligence/Supplemental Documentation/Legal (Supplementary Docs)/Company Minute Book and Corporate Records/Personnel (Individual Stock Issuances)/Employees _ Contractors/Joseph McDonald/Stock Plan - Cambium Carbon PBC.pdf,COMPANIES/Cambium/09_Commercial_and_Customers/Stock Plan - Cambium Carbon PBC__F00991.pdf,PLACED,09 Commercial & Customers,False,moved,True
F00992,Cambium,Diligence/Supplemental Documentation/Legal (Supplementary Docs)/Company Minute Book and Corporate Records/Personnel (Individual Stock Issuances)/Employees _ Contractors/Joseph McDonald/Completed forms/Form of CIIAA - Cambium Carbon PBC.docx,COMPANIES/Cambium/09_Commercial_and_Customers/Form of CIIAA - Cambium Carbon PBC__F00992.docx,PLACED,09 Commercial & Customers,False,moved,True
F00993,Cambium,Diligence/Supplemental Documentation/Legal (Supplementary Docs)/Company Minute Book and Corporate Records/Personnel (Individual Stock Issuances)/Employees _ Contractors/Joseph McDonald/Completed forms/McDonald_Joseph_I9.pdf,COMPANIES/Cambium/09_Commercial_and_Customers/McDonald_Joseph_I9__F00993.pdf,PLACED,09 Commercial & Customers,False,moved,True
F00994,Cambium,Diligence/Supplemental Documentation/Legal (Supplementary Docs)/Company Minute Book and Corporate Records/Personnel (Individual Stock Issuances)/Employees _ Contractors/Joseph McDonald/Completed forms/McDonald_Joseph_Signed_Form of Employee Offer Letter.pdf,COMPANIES/Cambium/09_Commercial_and_Customers/McDonald_Joseph_Signed_Form of Employee Offer Letter__F00994.pdf,PLACED,09 Commercial & Customers,False,moved,True
F00995,Cambium,Diligence/Supplemental Documentation/Legal (Supplementary Docs)/Company Minute Book and Corporate Records/Personnel (Individual Stock Issuances)/Employees _ Contractors/Joseph McDonald/Completed forms/SIGNED_Form of CIIAA - Cambium Carbon PBC - Joseph McDonald.pdf,COMPANIES/Cambium/09_Commercial_and_Customers/SIGNED_Form of CIIAA - Cambium Carbon PBC - Joseph McDonald__F00995.pdf,PLACED,09 Commercial & Customers,False,moved,True
F00996,Cambium,Diligence/Supplemental Documentation/Legal (Supplementary Docs)/Company Minute Book and Corporate Records/Personnel (Individual Stock Issuances)/Employees _ Contractors/Najia Lupson/Accepted Offer (from Gusto)- Najia Lupson.pdf,COMPANIES/Cambium/09_Commercial_and_Customers/Accepted Offer (from Gusto)- Najia Lupson__F00996.pdf,PLACED,09 Commercial & Customers,False,moved,True
F00997,Cambium,Diligence/Supplemental Documentation/Legal (Supplementary Docs)/Company Minute Book and Corporate Records/Personnel (Individual Stock Issuances)/Employees _ Contractors/Najia Lupson/Form NSO _Najia Lupson 12_01_21.pdf,COMPANIES/Cambium/09_Commercial_and_Customers/Form NSO _Najia Lupson 12_01_21__F00997.pdf,PLACED,09 Commercial & Customers,False,moved,True
F00998,Cambium,Diligence/Supplemental Documentation/Legal (Supplementary Docs)/Company Minute Book and Corporate Records/Personnel (Individual Stock Issuances)/Employees _ Contractors/Najia Lupson/Najia NSO Agreement - Cambium Carbon PBC.docx,COMPANIES/Cambium/09_Commercial_and_Customers/Najia NSO Agreement - Cambium Carbon PBC__F00998.docx,PLACED,09 Commercial & Customers,False,moved,True
F00999,Cambium,Diligence/Supplemental Documentation/Legal (Supplementary Docs)/Company Minute Book and Corporate Records/Personnel (Individual Stock Issuances)/Employees _ Contractors/Sofia Reitsma/CIIAA - S. Reitsma (Cambium Carbon PBC).docx,COMPANIES/Cambium/09_Commercial_and_Customers/CIIAA - S. Reitsma (Cambium Carbon PBC)__F00999.docx,PLACED,09 Commercial & Customers,False,moved,True
F01000,Cambium,Diligence/Supplemental Documentation/Legal (Supplementary Docs)/Company Minute Book and Corporate Records/Personnel (Individual Stock Issuances)/Employees _ Contractors/Sofia Reitsma/Employee Offer Letter - S. Reitsma.docx,COMPANIES/Cambium/09_Commercial_and_Customers/Employee Offer Letter - S. Reitsma__F01000.docx,PLACED,09 Commercial & Customers,False,moved,True
F01001,Cambium,Diligence/Supplemental Documentation/Legal (Supplementary Docs)/Company Minute Book and Corporate Records/Personnel (Individual Stock Issuances)/Employees _ Contractors/Sofia Reitsma/NSO Agreement - S. Reitsma (Cambium Carbon PBC).docx,COMPANIES/Cambium/09_Commercial_and_Customers/NSO Agreement - S. Reitsma (Cambium Carbon PBC)__F01001.docx,PLACED,09 Commercial & Customers,False,moved,True
F01002,Cambium,Diligence/Supplemental Documentation/Legal (Supplementary Docs)/Company Minute Book and Corporate Records/Personnel (Individual Stock Issuances)/Employees _ Contractors/Sofia Reitsma/Stock Plan - Cambium Carbon PBC.pdf,COMPANIES/Cambium/09_Commercial_and_Customers/Stock Plan - Cambium Carbon PBC__F01002.pdf,PLACED,09 Commercial & Customers,False,moved,True
F01003,Cambium,Diligence/Supplemental Documentation/Legal (Supplementary Docs)/Company Minute Book and Corporate Records/Personnel (Individual Stock Issuances)/Employees _ Contractors/Sofia Reitsma/Completed Forms/CIIAA - S. Reitsma (Cambium Carbon PBC).pdf,COMPANIES/Cambium/09_Commercial_and_Customers/CIIAA - S. Reitsma (Cambium Carbon PBC)__F01003.pdf,PLACED,09 Commercial & Customers,False,moved,True
F01004,Cambium,Diligence/Supplemental Documentation/Legal (Supplementary Docs)/Company Minute Book and Corporate Records/Personnel (Individual Stock Issuances)/Employees _ Contractors/Sofia Reitsma/Completed Forms/Employee Offer Letter - S. Reitsma.pdf,COMPANIES/Cambium/09_Commercial_and_Customers/Employee Offer Letter - S. Reitsma__F01004.pdf,PLACED,09 Commercial & Customers,False,moved,True
F01005,Cambium,Diligence/Supplemental Documentation/Legal (Supplementary Docs)/Company Minute Book and Corporate Records/Personnel (Individual Stock Issuances)/Employees _ Contractors/Sofia Reitsma/Completed Forms/Signed_NSO Agreement - S_ Reitsma (Cambium Carbon PBC).pdf,COMPANIES/Cambium/09_Commercial_and_Customers/Signed_NSO Agreement - S_ Reitsma (Cambium Carbon PBC)__F01005.pdf,PLACED,09 Commercial & Customers,False,moved,True
F01006,Cambium,Diligence/Supplemental Documentation/Legal (Supplementary Docs)/Company Minute Book and Corporate Records/Personnel (Individual Stock Issuances)/Employees _ Contractors/Steve Levitt/CIIAA - Cambium Carbon PBC (J. Levitt).doc,COMPANIES/Cambium/09_Commercial_and_Customers/CIIAA - Cambium Carbon PBC (J. Levitt)__F01006.doc,PLACED,09 Commercial & Customers,False,moved,True
F01007,Cambium,Diligence/Supplemental Documentation/Legal (Supplementary Docs)/Company Minute Book and Corporate Records/Personnel (Individual Stock Issuances)/Employees _ Contractors/Steve Levitt/CIIAA - Cambium Carbon PBC (S. Levitt).pdf,COMPANIES/Cambium/09_Commercial_and_Customers/CIIAA - Cambium Carbon PBC (S. Levitt)__F01007.pdf,PLACED,09 Commercial & Customers,False,moved,True
F01008,Cambium,Diligence/Supplemental Documentation/Legal (Supplementary Docs)/Company Minute Book and Corporate Records/Personnel (Individual Stock Issuances)/Employees _ Contractors/Steve Levitt/Offer Letter Consultant - Cambium Carbon PBC (S. Levitt) - signed.pdf,COMPANIES/Cambium/09_Commercial_and_Customers/Offer Letter Consultant - Cambium Carbon PBC (S. Levitt) - signed__F01008.pdf,PLACED,09 Commercial & Customers,False,moved,True
F01009,Cambium,Diligence/Supplemental Documentation/Legal (Supplementary Docs)/Company Minute Book and Corporate Records/Personnel (Individual Stock Issuances)/Employees _ Contractors/Steve Levitt/Offer Letter Consultant - Cambium Carbon PBC (S. Levitt).pdf,COMPANIES/Cambium/14_Historical_Superseded/Offer Letter Consultant - Cambium Carbon PBC (S. Levitt)__F01009.pdf,SUPERSEDED,14 Historical / Superseded,False,moved,True
F01010,Cambium,Diligence/Supplemental Documentation/Legal (Supplementary Docs)/Company Minute Book and Corporate Records/Personnel (Individual Stock Issuances)/Employees _ Contractors/Steve Levitt/Restricted Stock Purchase Agreement - Cambium Carbon PBC (S. Levitt).docx,COMPANIES/Cambium/14_Historical_Superseded/Restricted Stock Purchase Agreement - Cambium Carbon PBC (S. Levitt)__F01010.docx,SUPERSEDED,14 Historical / Superseded,False,moved,True
F01011,Cambium,Diligence/Supplemental Documentation/Legal (Supplementary Docs)/Company Minute Book and Corporate Records/Personnel (Individual Stock Issuances)/Employees _ Contractors/Steve Levitt/Restricted Stock Purchase Agreement - Cambium Carbon PBC (S. Levitt).pdf,COMPANIES/Cambium/02_Financing_and_Legal/Restricted Stock Purchase Agreement - Cambium Carbon PBC (S. Levitt)__F01011.pdf,PLACED,02 Financing & Legal,False,moved,True
F01012,Cambium,Diligence/Supplemental Documentation/Legal (Supplementary Docs)/Company Minute Book and Corporate Records/Personnel (Individual Stock Issuances)/Employees _ Contractors/Steve Levitt/v2 Offer Letter Consultant - Cambium Carbon PBC (S. Levitt).docx,COMPANIES/Cambium/14_Historical_Superseded/v2 Offer Letter Consultant - Cambium Carbon PBC (S. Levitt)__F01012.docx,SUPERSEDED,14 Historical / Superseded,False,moved,True
F01013,Cambium,Diligence/Supplemental Documentation/Legal (Supplementary Docs)/Company Minute Book and Corporate Records/Personnel (Individual Stock Issuances)/Founder Documents/Stock Plan of Cambium Carbon PBC - signed.pdf,COMPANIES/Cambium/02_Financing_and_Legal/Stock Plan of Cambium Carbon PBC - signed__F01013.pdf,PLACED,02 Financing & Legal,False,moved,True
F01014,Cambium,Diligence/Supplemental Documentation/Legal (Supplementary Docs)/Company Minute Book and Corporate Records/Personnel (Individual Stock Issuances)/Founder Documents/Subscription Agreement - Cambium Carbon LLC - signed (1).pdf,COMPANIES/Cambium/02_Financing_and_Legal/Subscription Agreement - Cambium Carbon LLC - signed (1)__F01014.pdf,PLACED,02 Financing & Legal,False,moved,True
F01015,Cambium,Diligence/Supplemental Documentation/Legal (Supplementary Docs)/Company Minute Book and Corporate Records/Personnel (Individual Stock Issuances)/Founder Documents/CIIAAs/Christensen - CIIAA - Cambium Carbon PBC - signed.pdf,COMPANIES/Cambium/02_Financing_and_Legal/Christensen - CIIAA - Cambium Carbon PBC - signed__F01015.pdf,PLACED,02 Financing & Legal,False,moved,True
F01016,Cambium,Diligence/Supplemental Documentation/Legal (Supplementary Docs)/Company Minute Book and Corporate Records/Personnel (Individual Stock Issuances)/Founder Documents/CIIAAs/Hooker CIIAA - Cambium Carbon PBC - signed.pdf,COMPANIES/Cambium/02_Financing_and_Legal/Hooker CIIAA - Cambium Carbon PBC - signed__F01016.pdf,PLACED,02 Financing & Legal,False,moved,True
F01017,Cambium,Diligence/Supplemental Documentation/Legal (Supplementary Docs)/Company Minute Book and Corporate Records/Personnel (Individual Stock Issuances)/Founder Documents/CIIAAs/Repka - CIIAA - Cambium Carbon PBC - signed.pdf,COMPANIES/Cambium/02_Financing_and_Legal/Repka - CIIAA - Cambium Carbon PBC - signed__F01017.pdf,PLACED,02 Financing & Legal,False,moved,True
F01018,Cambium,Diligence/Supplemental Documentation/Legal (Supplementary Docs)/Company Minute Book and Corporate Records/Personnel (Individual Stock Issuances)/Founder Documents/RSPAs Executed/Christensen - 83(b).pdf,COMPANIES/Cambium/02_Financing_and_Legal/Christensen - 83(b)__F01018.pdf,PLACED,02 Financing & Legal,False,moved,True
F01019,Cambium,Diligence/Supplemental Documentation/Legal (Supplementary Docs)/Company Minute Book and Corporate Records/Personnel (Individual Stock Issuances)/Founder Documents/RSPAs Executed/Christensen - Restricted Stock Purchase Agreement - Cambium Carbon PBC - signed.pdf,COMPANIES/Cambium/02_Financing_and_Legal/Christensen - Restricted Stock Purchase Agreement - Cambium Carbon PBC - signed__F01019.pdf,PLACED,02 Financing & Legal,False,moved,True
F01020,Cambium,Diligence/Supplemental Documentation/Legal (Supplementary Docs)/Company Minute Book and Corporate Records/Personnel (Individual Stock Issuances)/Founder Documents/RSPAs Executed/Hooker - 83(b).pdf,COMPANIES/Cambium/02_Financing_and_Legal/Hooker - 83(b)__F01020.pdf,PLACED,02 Financing & Legal,False,moved,True
F01021,Cambium,Diligence/Supplemental Documentation/Legal (Supplementary Docs)/Company Minute Book and Corporate Records/Personnel (Individual Stock Issuances)/Founder Documents/RSPAs Executed/Hooker - Restricted Stock Purchase Agreement - Cambium Carbon PBC - signed.pdf,COMPANIES/Cambium/02_Financing_and_Legal/Hooker - Restricted Stock Purchase Agreement - Cambium Carbon PBC - signed__F01021.pdf,PLACED,02 Financing & Legal,False,moved,True
F01022,Cambium,Diligence/Supplemental Documentation/Legal (Supplementary Docs)/Company Minute Book and Corporate Records/Personnel (Individual Stock Issuances)/Founder Documents/RSPAs Executed/Repka - 83(b).pdf,COMPANIES/Cambium/02_Financing_and_Legal/Repka - 83(b)__F01022.pdf,PLACED,02 Financing & Legal,False,moved,True
F01023,Cambium,Diligence/Supplemental Documentation/Legal (Supplementary Docs)/Company Minute Book and Corporate Records/Personnel (Individual Stock Issuances)/Founder Documents/RSPAs Executed/Repka - Restricted Stock Purchase Agreement - Cambium Carbon PBC - signed.pdf,COMPANIES/Cambium/02_Financing_and_Legal/Repka - Restricted Stock Purchase Agreement - Cambium Carbon PBC - signed__F01023.pdf,PLACED,02 Financing & Legal,False,moved,True
F01024,Cambium,Diligence/Supplemental Documentation/Legal (Supplementary Docs)/Company Minute Book and Corporate Records/Personnel (Individual Stock Issuances)/Offer Letters/Blake_Alicia_OfferLetter_Signed.pdf,COMPANIES/Cambium/02_Financing_and_Legal/Blake_Alicia_OfferLetter_Signed__F01024.pdf,PLACED,02 Financing & Legal,False,moved,True
F01025,Cambium,Diligence/Supplemental Documentation/Legal (Supplementary Docs)/Company Minute Book and Corporate Records/Personnel (Individual Stock Issuances)/Offer Letters/Charles Gale Offer Letter_Cambium Countersigned.pdf,COMPANIES/Cambium/02_Financing_and_Legal/Charles Gale Offer Letter_Cambium Countersigned__F01025.pdf,PLACED,02 Financing & Legal,False,moved,True
F01026,Cambium,Diligence/Supplemental Documentation/Legal (Supplementary Docs)/Company Minute Book and Corporate Records/Personnel (Individual Stock Issuances)/Offer Letters/LeClair_Aaron_Offer_Letter_Executed.docx,COMPANIES/Cambium/02_Financing_and_Legal/LeClair_Aaron_Offer_Letter_Executed__F01026.docx,PLACED,02 Financing & Legal,False,moved,True
F01027,Cambium,Diligence/Supplemental Documentation/Legal (Supplementary Docs)/Company Minute Book and Corporate Records/Personnel (Individual Stock Issuances)/Offer Letters/LeClair_Aaron_Offer_Letter_Executed.pdf,COMPANIES/Cambium/14_Historical_Superseded/LeClair_Aaron_Offer_Letter_Executed__F01027.pdf,SUPERSEDED,14 Historical / Superseded,False,moved,True
F01028,Cambium,Diligence/Supplemental Documentation/Legal (Supplementary Docs)/Company Minute Book and Corporate Records/Personnel (Individual Stock Issuances)/Offer Letters/Main_Natasha_signed_offer_letterCC.pdf,COMPANIES/Cambium/02_Financing_and_Legal/Main_Natasha_signed_offer_letterCC__F01028.pdf,PLACED,02 Financing & Legal,False,moved,True
F01029,Cambium,Diligence/Supplemental Documentation/Legal (Supplementary Docs)/Company Minute Book and Corporate Records/Personnel (Individual Stock Issuances)/Offer Letters/McDonald_Joseph_Signed_Form of Employee Offer Letter.pdf,COMPANIES/Cambium/02_Financing_and_Legal/McDonald_Joseph_Signed_Form of Employee Offer Letter__F01029.pdf,PLACED,02 Financing & Legal,False,moved,True
F01030,Cambium,Diligence/Supplemental Documentation/Legal (Supplementary Docs)/Company Minute Book and Corporate Records/Personnel (Individual Stock Issuances)/Offer Letters/Recio_Jeannie_Offer Letter signed.pdf,COMPANIES/Cambium/02_Financing_and_Legal/Recio_Jeannie_Offer Letter signed__F01030.pdf,PLACED,02 Financing & Legal,False,moved,True
F01031,Cambium,Diligence/Supplemental Documentation/Legal (Supplementary Docs)/Company Minute Book and Corporate Records/Personnel (Individual Stock Issuances)/Offer Letters/Robin_Max_Signed Offer Letter.pdf,COMPANIES/Cambium/02_Financing_and_Legal/Robin_Max_Signed Offer Letter__F01031.pdf,PLACED,02 Financing & Legal,False,moved,True
F01032,Cambium,Diligence/Supplemental Documentation/Legal (Supplementary Docs)/Company Minute Book and Corporate Records/Personnel (Individual Stock Issuances)/Offer Letters/Westpoint_Brian_Signed Cambium Carbon Offer Letter.pdf,COMPANIES/Cambium/02_Financing_and_Legal/Westpoint_Brian_Signed Cambium Carbon Offer Letter__F01032.pdf,PLACED,02 Financing & Legal,False,moved,True
F01033,Cambium,Diligence/Supplemental Documentation/Legal (Supplementary Docs)/Company Minute Book and Corporate Records/Pre-Seed Investment Documents/FINAL Convertible Promissory Note - S. Levitt (Cambium Carbon PBC) - signed.pdf,COMPANIES/Cambium/02_Financing_and_Legal/FINAL Convertible Promissory Note - S. Levitt (Cambium Carbon PBC) - signed__F01033.pdf,PLACED,02 Financing & Legal,False,moved,True
F01034,Cambium,Diligence/Supplemental Documentation/Legal (Supplementary Docs)/Company Minute Book and Corporate Records/Pre-Seed Investment Documents/FormDReceipt_0475702.pdf,COMPANIES/Cambium/02_Financing_and_Legal/FormDReceipt_0475702__F01034.pdf,PLACED,02 Financing & Legal,False,moved,True
F01035,Cambium,Diligence/Supplemental Documentation/Legal (Supplementary Docs)/Company Minute Book and Corporate Records/Pre-Seed Investment Documents/Pro Forma (with Adjustment) - CC PBC.xlsx,COMPANIES/Cambium/02_Financing_and_Legal/Pro Forma (with Adjustment) - CC PBC__F01035.xlsx,PLACED,02 Financing & Legal,False,moved,True
F01036,Cambium,Diligence/Supplemental Documentation/Legal (Supplementary Docs)/Company Minute Book and Corporate Records/Pre-Seed Investment Documents/Convertible Note/Board Consent - Cambium Carbon PBC (re. Note Financing).docx,COMPANIES/Cambium/14_Historical_Superseded/Board Consent - Cambium Carbon PBC (re. Note Financing)__F01036.docx,SUPERSEDED,14 Historical / Superseded,False,moved,True
F01037,Cambium,Diligence/Supplemental Documentation/Legal (Supplementary Docs)/Company Minute Book and Corporate Records/Pre-Seed Investment Documents/Convertible Note/Board Consent - Cambium Carbon PBC (re. Note Financing).pdf,COMPANIES/Cambium/02_Financing_and_Legal/Board Consent - Cambium Carbon PBC (re. Note Financing)__F01037.pdf,PLACED,02 Financing & Legal,False,moved,True
F01038,Cambium,Diligence/Supplemental Documentation/Legal (Supplementary Docs)/Company Minute Book and Corporate Records/Pre-Seed Investment Documents/Convertible Note/Drafts/FINAL Convertible Promissory Note - Cambium Carbon PBC.docx,COMPANIES/Cambium/14_Historical_Superseded/FINAL Convertible Promissory Note - Cambium Carbon PBC__F01038.docx,SUPERSEDED,14 Historical / Superseded,False,moved,True
F01039,Cambium,Diligence/Supplemental Documentation/Legal (Supplementary Docs)/Company Minute Book and Corporate Records/Pre-Seed Investment Documents/Convertible Note/Drafts/FINAL Convertible Promissory Note - Cambium Carbon PBC.pdf,COMPANIES/Cambium/02_Financing_and_Legal/FINAL Convertible Promissory Note - Cambium Carbon PBC__F01039.pdf,PLACED,02 Financing & Legal,False,moved,True
F01040,Cambium,Diligence/Supplemental Documentation/Legal (Supplementary Docs)/Company Minute Book and Corporate Records/Pre-Seed Investment Documents/Convertible Note/Drafts/Investor Suitability Questionnaire - Cambium Carbon PBC.docx,COMPANIES/Cambium/02_Financing_and_Legal/Investor Suitability Questionnaire - Cambium Carbon PBC__F01040.docx,PLACED,02 Financing & Legal,False,moved,True
F01041,Cambium,Diligence/Supplemental Documentation/Legal (Supplementary Docs)/Company Minute Book and Corporate Records/Pre-Seed Investment Documents/Convertible Note/Drafts/Term Sheet - Convertible Note Offering - Cambium Carbon PBC.docx,COMPANIES/Cambium/02_Financing_and_Legal/Term Sheet - Convertible Note Offering - Cambium Carbon PBC__F01041.docx,PLACED,02 Financing & Legal,False,moved,True
F01042,Cambium,Diligence/Supplemental Documentation/Legal (Supplementary Docs)/Company Minute Book and Corporate Records/Pre-Seed Investment Documents/Convertible Note/Drafts/v1 Convertible Promissory Note - Cambium Carbon PBC.docx,COMPANIES/Cambium/14_Historical_Superseded/v1 Convertible Promissory Note - Cambium Carbon PBC__F01042.docx,SUPERSEDED,14 Historical / Superseded,False,moved,True
F01043,Cambium,Diligence/Supplemental Documentation/Legal (Supplementary Docs)/Company Minute Book and Corporate Records/Pre-Seed Investment Documents/Convertible Note/Drafts/v2 Convertible Promissory Note - Cambium Carbon PBC.docx,COMPANIES/Cambium/14_Historical_Superseded/v2 Convertible Promissory Note - Cambium Carbon PBC__F01043.docx,SUPERSEDED,14 Historical / Superseded,False,moved,True
F01044,Cambium,Diligence/Supplemental Documentation/Legal (Supplementary Docs)/Company Minute Book and Corporate Records/Pre-Seed Investment Documents/Convertible Note/Drafts/v3 Convertible Promissory Note - Cambium Carbon PBC.docx,COMPANIES/Cambium/14_Historical_Superseded/v3 Convertible Promissory Note - Cambium Carbon PBC__F01044.docx,SUPERSEDED,14 Historical / Superseded,False,moved,True
F01045,Cambium,Diligence/Supplemental Documentation/Legal (Supplementary Docs)/Company Minute Book and Corporate Records/Pre-Seed Investment Documents/Convertible Note/Drafts/v4 Convertible Promissory Note - Cambium Carbon PBC.docx,COMPANIES/Cambium/14_Historical_Superseded/v4 Convertible Promissory Note - Cambium Carbon PBC__F01045.docx,SUPERSEDED,14 Historical / Superseded,False,moved,True
F01046,Cambium,Diligence/Supplemental Documentation/Legal (Supplementary Docs)/Company Minute Book and Corporate Records/Pre-Seed Investment Documents/Convertible Note/Drafts/v5 - Convertible Promissory Note - Cambium Carbon PBC.docx,COMPANIES/Cambium/14_Historical_Superseded/v5 - Convertible Promissory Note - Cambium Carbon PBC__F01046.docx,SUPERSEDED,14 Historical / Superseded,False,moved,True
F01047,Cambium,Diligence/Supplemental Documentation/Legal (Supplementary Docs)/Company Minute Book and Corporate Records/Pre-Seed Investment Documents/Convertible Note/Drafts/Exelon/Convertible Promissory Note - Exelon Foundation (Cambium Carbon PBC) - Convertible Promissory Note - Exelon Foundation (Cambium Carbon PBC).pdf,COMPANIES/Cambium/02_Financing_and_Legal/Convertible Promissory Note - Exelon Foundation (Cambium Carbon PBC) - Convertible Promissory Note - Exelon Foundation (Cambium Carbon PBC)__F01047.pdf,PLACED,02 Financing & Legal,False,moved,True
F01048,Cambium,Diligence/Supplemental Documentation/Legal (Supplementary Docs)/Company Minute Book and Corporate Records/Pre-Seed Investment Documents/Convertible Note/Drafts/Exelon/Convertible Promissory Note - Exelon Foundation (Cambium Carbon PBC).DOCX,COMPANIES/Cambium/02_Financing_and_Legal/Convertible Promissory Note - Exelon Foundation (Cambium Carbon PBC)__F01048.DOCX,PLACED,02 Financing & Legal,False,moved,True
F01049,Cambium,Diligence/Supplemental Documentation/Legal (Supplementary Docs)/Company Minute Book and Corporate Records/Pre-Seed Investment Documents/Convertible Note/Drafts/Exelon/Exelon Foundation  - Convertible Note Purchase Agreement (Cambium Carbon).DOCX,COMPANIES/Cambium/02_Financing_and_Legal/Exelon Foundation - Convertible Note Purchase Agreement (Cambium Carbon)__F01049.DOCX,PLACED,02 Financing & Legal,True,moved,True
F01050,Cambium,Diligence/Supplemental Documentation/Legal (Supplementary Docs)/Company Minute Book and Corporate Records/Pre-Seed Investment Documents/Convertible Note/Drafts/Exelon/Exelon Foundation - Convertible Promissory Note (Cambium Carbon) (1).DOCX,COMPANIES/Cambium/02_Financing_and_Legal/Exelon Foundation - Convertible Promissory Note (Cambium Carbon) (1)__F01050.DOCX,PLACED,02 Financing & Legal,False,moved,True
F01051,Cambium,Diligence/Supplemental Documentation/Legal (Supplementary Docs)/Company Minute Book and Corporate Records/Pre-Seed Investment Documents/Convertible Note/Drafts/Exelon/Exelon Foundation - Convertible Promissory Note (Cambium Carbon).DOCX,COMPANIES/Cambium/14_Historical_Superseded/Exelon Foundation - Convertible Promissory Note (Cambium Carbon)__F01051.DOCX,SUPERSEDED,14 Historical / Superseded,False,moved,True
F01052,Cambium,Diligence/Supplemental Documentation/Legal (Supplementary Docs)/Company Minute Book and Corporate Records/Pre-Seed Investment Documents/Convertible Note/Drafts/Exelon/Final - Convertible Promissory Note - Exelon (Cambium Carbon PBC).docx,COMPANIES/Cambium/02_Financing_and_Legal/Final - Convertible Promissory Note - Exelon (Cambium Carbon PBC)__F01052.docx,PLACED,02 Financing & Legal,False,moved,True
F01053,Cambium,Diligence/Supplemental Documentation/Legal (Supplementary Docs)/Company Minute Book and Corporate Records/Pre-Seed Investment Documents/Convertible Note/Drafts/Exelon/Final Side Letter - Exelon (Cambium Carbon).docx,COMPANIES/Cambium/02_Financing_and_Legal/Final Side Letter - Exelon (Cambium Carbon)__F01053.docx,PLACED,02 Financing & Legal,False,moved,True
F01054,Cambium,Diligence/Supplemental Documentation/Legal (Supplementary Docs)/Company Minute Book and Corporate Records/Pre-Seed Investment Documents/Convertible Note/Drafts/Exelon/Side Letter (Cambium Carbon).DOCX,COMPANIES/Cambium/02_Financing_and_Legal/Side Letter (Cambium Carbon)__F01054.DOCX,PLACED,02 Financing & Legal,False,moved,True
F01055,Cambium,Diligence/Supplemental Documentation/Legal (Supplementary Docs)/Company Minute Book and Corporate Records/Pre-Seed Investment Documents/Convertible Note/Drafts/Exelon/v2 Cambium Rev. - Side Letter (Cambium Carbon).docx,COMPANIES/Cambium/02_Financing_and_Legal/v2 Cambium Rev. - Side Letter (Cambium Carbon)__F01055.docx,PLACED,02 Financing & Legal,False,moved,True
F01056,Cambium,Diligence/Supplemental Documentation/Legal (Supplementary Docs)/Company Minute Book and Corporate Records/Pre-Seed Investment Documents/Convertible Note/Drafts/Sent for Signature/Climate Signature Page.pdf,COMPANIES/Cambium/02_Financing_and_Legal/Climate Signature Page__F01056.pdf,PLACED,02 Financing & Legal,False,moved,True
F01057,Cambium,Diligence/Supplemental Documentation/Legal (Supplementary Docs)/Company Minute Book and Corporate Records/Pre-Seed Investment Documents/Convertible Note/Drafts/Sent for Signature/FINAL Convertible Promissory Note (CAM Fund I - Cambium Carbon PBC).pdf,COMPANIES/Cambium/02_Financing_and_Legal/FINAL Convertible Promissory Note (CAM Fund I - Cambium Carbon PBC)__F01057.pdf,PLACED,02 Financing & Legal,False,moved,True
F01058,Cambium,Diligence/Supplemental Documentation/Legal (Supplementary Docs)/Company Minute Book and Corporate Records/Pre-Seed Investment Documents/Convertible Note/Drafts/Sent for Signature/FINAL Convertible Promissory Note (K. Webb - Cambium Carbon PBC).pdf,COMPANIES/Cambium/02_Financing_and_Legal/FINAL Convertible Promissory Note (K. Webb - Cambium Carbon PBC)__F01058.pdf,PLACED,02 Financing & Legal,False,moved,True
F01059,Cambium,Diligence/Supplemental Documentation/Legal (Supplementary Docs)/Company Minute Book and Corporate Records/Pre-Seed Investment Documents/Convertible Note/Drafts/Sent for Signature/FINAL Convertible Promissory Note (T. O_Keef - Cambium Carbon PBC).pdf,COMPANIES/Cambium/02_Financing_and_Legal/FINAL Convertible Promissory Note (T. O_Keef - Cambium Carbon PBC)__F01059.pdf,PLACED,02 Financing & Legal,False,moved,True
F01060,Cambium,Diligence/Supplemental Documentation/Legal (Supplementary Docs)/Company Minute Book and Corporate Records/Pre-Seed Investment Documents/Convertible Note/Drafts/Sent for Signature/FINAL Convertible Promissory Note (T. Weise - Cambium Carbon PBC.pdf,COMPANIES/Cambium/02_Financing_and_Legal/FINAL Convertible Promissory Note (T. Weise - Cambium Carbon PBC__F01060.pdf,PLACED,02 Financing & Legal,False,moved,True
F01061,Cambium,Diligence/Supplemental Documentation/Legal (Supplementary Docs)/Company Minute Book and Corporate Records/Pre-Seed Investment Documents/Convertible Note/Drafts/Sent for Signature/FINAL Convertible Promissory Note - J. Levitt (Cambium Carbon PBC).pdf,COMPANIES/Cambium/02_Financing_and_Legal/FINAL Convertible Promissory Note - J. Levitt (Cambium Carbon PBC)__F01061.pdf,PLACED,02 Financing & Legal,False,moved,True
F01062,Cambium,Diligence/Supplemental Documentation/Legal (Supplementary Docs)/Company Minute Book and Corporate Records/Pre-Seed Investment Documents/Convertible Note/Drafts/Sent for Signature/FINAL Convertible Promissory Note - S. Levitt (Cambium Carbon PBC).pdf,COMPANIES/Cambium/02_Financing_and_Legal/FINAL Convertible Promissory Note - S. Levitt (Cambium Carbon PBC)__F01062.pdf,PLACED,02 Financing & Legal,False,moved,True
F01063,Cambium,Diligence/Supplemental Documentation/Legal (Supplementary Docs)/Company Minute Book and Corporate Records/Pre-Seed Investment Documents/Convertible Note/Drafts/Sent for Signature/Final - Convertible Promissory Note - Exelon (Cambium Carbon PBC).pdf,COMPANIES/Cambium/02_Financing_and_Legal/Final - Convertible Promissory Note - Exelon (Cambium Carbon PBC)__F01063.pdf,PLACED,02 Financing & Legal,False,moved,True
F01064,Cambium,Diligence/Supplemental Documentation/Legal (Supplementary Docs)/Company Minute Book and Corporate Records/Pre-Seed Investment Documents/Convertible Note/Drafts/Sent for Signature/Final Side Letter - Exelon (Cambium Carbon).pdf,COMPANIES/Cambium/02_Financing_and_Legal/Final Side Letter - Exelon (Cambium Carbon)__F01064.pdf,PLACED,02 Financing & Legal,False,moved,True
F01065,Cambium,Diligence/Supplemental Documentation/Legal (Supplementary Docs)/Company Minute Book and Corporate Records/Pre-Seed Investment Documents/Convertible Note/Executed/01 - Final - Convertible Promissory Note - Exelon (Cambium Carbon PBC) - signed.pdf,COMPANIES/Cambium/02_Financing_and_Legal/01 - Final - Convertible Promissory Note - Exelon (Cambium Carbon PBC) - signed__F01065.pdf,PLACED,02 Financing & Legal,False,moved,True
F01066,Cambium,Diligence/Supplemental Documentation/Legal (Supplementary Docs)/Company Minute Book and Corporate Records/Pre-Seed Investment Documents/Convertible Note/Executed/02 - FINAL Convertible Promissory Note - J. Levitt (Cambium Carbon PBC) - signed.pdf,COMPANIES/Cambium/02_Financing_and_Legal/02 - FINAL Convertible Promissory Note - J. Levitt (Cambium Carbon PBC) - signed__F01066.pdf,PLACED,02 Financing & Legal,False,moved,True
F01067,Cambium,Diligence/Supplemental Documentation/Legal (Supplementary Docs)/Company Minute Book and Corporate Records/Pre-Seed Investment Documents/Convertible Note/Executed/03- FINAL Convertible Promissory Note - S. Levitt (Cambium Carbon PBC) - signed.pdf,COMPANIES/Cambium/02_Financing_and_Legal/03- FINAL Convertible Promissory Note - S. Levitt (Cambium Carbon PBC) - signed__F01067.pdf,PLACED,02 Financing & Legal,False,moved,True
F01068,Cambium,Diligence/Supplemental Documentation/Legal (Supplementary Docs)/Company Minute Book and Corporate Records/Pre-Seed Investment Documents/Convertible Note/Executed/04 - FINAL Convertible Promissory Note - Cambium Carbon PBC (D. Sobotka) - signed.pdf,COMPANIES/Cambium/02_Financing_and_Legal/04 - FINAL Convertible Promissory Note - Cambium Carbon PBC (D. Sobotka) - signed__F01068.pdf,PLACED,02 Financing & Legal,False,moved,True
F01069,Cambium,Diligence/Supplemental Documentation/Legal (Supplementary Docs)/Company Minute Book and Corporate Records/Pre-Seed Investment Documents/Convertible Note/Executed/05 - FINAL Convertible Promissory Note (T. Wiese - Cambium Carbon PBC) - signed.pdf,COMPANIES/Cambium/02_Financing_and_Legal/05 - FINAL Convertible Promissory Note (T. Wiese - Cambium Carbon PBC) - signed__F01069.pdf,PLACED,02 Financing & Legal,False,moved,True
F01070,Cambium,Diligence/Supplemental Documentation/Legal (Supplementary Docs)/Company Minute Book and Corporate Records/Pre-Seed Investment Documents/Convertible Note/Executed/05 – First Amendment to Convertible Promissory Note (re. extension of Maturity Date) - Cambium Carbon PBC (Ted Weise) signed.pdf,COMPANIES/Cambium/02_Financing_and_Legal/05 – First Amendment to Convertible Promissory Note (re. extension of Maturity Date) - Cambium Carbon PBC (Ted Weise) signed__F01070.pdf,PLACED,02 Financing & Legal,False,moved,True
F01071,Cambium,Diligence/Supplemental Documentation/Legal (Supplementary Docs)/Company Minute Book and Corporate Records/Pre-Seed Investment Documents/Convertible Note/Executed/06 - FINAL Convertible Promissory Note (K. Webb - Cambium Carbon PBC) - signed.pdf,COMPANIES/Cambium/02_Financing_and_Legal/06 - FINAL Convertible Promissory Note (K. Webb - Cambium Carbon PBC) - signed__F01071.pdf,PLACED,02 Financing & Legal,False,moved,True
F01072,Cambium,Diligence/Supplemental Documentation/Legal (Supplementary Docs)/Company Minute Book and Corporate Records/Pre-Seed Investment Documents/Convertible Note/Executed/06 First Amendment to Convertible Promissory Note (re. extension of Maturity Date) - Superorganism (Cambium Carbon PBC) signed.pdf,COMPANIES/Cambium/02_Financing_and_Legal/06 First Amendment to Convertible Promissory Note (re. extension of Maturity Date) - Superorganism (Cambium Carbon PBC) signed__F01072.pdf,PLACED,02 Financing & Legal,False,moved,True
F01073,Cambium,Diligence/Supplemental Documentation/Legal (Supplementary Docs)/Company Minute Book and Corporate Records/Pre-Seed Investment Documents/Convertible Note/Executed/07 - FINAL Convertible Promissory Note (T. O_Keefe - Cambium Carbon PBC) - signed.pdf,COMPANIES/Cambium/02_Financing_and_Legal/07 - FINAL Convertible Promissory Note (T. O_Keefe - Cambium Carbon PBC) - signed__F01073.pdf,PLACED,02 Financing & Legal,False,moved,True
F01074,Cambium,Diligence/Supplemental Documentation/Legal (Supplementary Docs)/Company Minute Book and Corporate Records/Pre-Seed Investment Documents/Convertible Note/Executed/08 - FINAL Convertible Promissory Note (CAM Fund I - Cambium Carbon PBC) - signed.pdf,COMPANIES/Cambium/02_Financing_and_Legal/08 - FINAL Convertible Promissory Note (CAM Fund I - Cambium Carbon PBC) - signed__F01074.pdf,PLACED,02 Financing & Legal,False,moved,True
F01075,Cambium,Diligence/Supplemental Documentation/Legal (Supplementary Docs)/Company Minute Book and Corporate Records/Pre-Seed Investment Documents/Convertible Note/Executed/Draft/FINAL Convertible Promissory Note - Cambium Carbon PBC (D. Sobotka).pdf,COMPANIES/Cambium/02_Financing_and_Legal/FINAL Convertible Promissory Note - Cambium Carbon PBC (D. Sobotka)__F01075.pdf,PLACED,02 Financing & Legal,False,moved,True
F01076,Cambium,Diligence/Supplemental Documentation/Legal (Supplementary Docs)/Company Minute Book and Corporate Records/Pre-Seed Investment Documents/Convertible Note/Executed/Draft/FINAL Convertible Promissory Note - Cambium Carbon PBC.pdf,COMPANIES/Cambium/02_Financing_and_Legal/FINAL Convertible Promissory Note - Cambium Carbon PBC__F01076.pdf,PLACED,02 Financing & Legal,False,moved,True
F01077,Cambium,Diligence/Supplemental Documentation/Legal (Supplementary Docs)/Company Minute Book and Corporate Records/Pre-Seed Investment Documents/Convertible Note/Executed/Not used/Convertible Note - D. Soboka (Cambium Carbon).pdf,COMPANIES/Cambium/02_Financing_and_Legal/Convertible Note - D. Soboka (Cambium Carbon)__F01077.pdf,PLACED,02 Financing & Legal,False,moved,True
F01078,Cambium,Diligence/Supplemental Documentation/Legal (Supplementary Docs)/Company Minute Book and Corporate Records/Pre-Seed Investment Documents/SEC/0001857501.formd,COMPANIES/Cambium/02_Financing_and_Legal/0001857501__F01078.formd,PLACED,02 Financing & Legal,False,moved,True
F01079,Cambium,Diligence/Supplemental Documentation/Legal (Supplementary Docs)/Company Minute Book and Corporate Records/Pre-Seed Investment Documents/SEC/Accepted Form ID.pdf,COMPANIES/Cambium/02_Financing_and_Legal/Accepted Form ID__F01079.pdf,PLACED,02 Financing & Legal,False,moved,True
F01080,Cambium,Diligence/Supplemental Documentation/Legal (Supplementary Docs)/Company Minute Book and Corporate Records/Pre-Seed Investment Documents/SEC/Cambium EDGAR Access Codes.docx,COMPANIES/Cambium/02_Financing_and_Legal/Cambium EDGAR Access Codes__F01080.docx,PLACED,02 Financing & Legal,False,moved,True
F01081,Cambium,Diligence/Supplemental Documentation/Legal (Supplementary Docs)/Company Minute Book and Corporate Records/Pre-Seed Investment Documents/SEC/Form D.pdf,COMPANIES/Cambium/02_Financing_and_Legal/Form D__F01081.pdf,PLACED,02 Financing & Legal,False,moved,True
F01082,Cambium,Diligence/Supplemental Documentation/Legal (Supplementary Docs)/Company Minute Book and Corporate Records/Pre-Seed Investment Documents/SEC/Transmit Submission Acknowledgement.pdf,COMPANIES/Cambium/02_Financing_and_Legal/Transmit Submission Acknowledgement__F01082.pdf,PLACED,02 Financing & Legal,False,moved,True
F01083,Cambium,Diligence/Supplemental Documentation/Legal (Supplementary Docs)/Company Minute Book and Corporate Records/Pre-Seed Investment Documents/Suitability Questionnaires/Climate Collective_2021.pdf,COMPANIES/Cambium/02_Financing_and_Legal/Climate Collective_2021__F01083.pdf,PLACED,02 Financing & Legal,False,moved,True
F01084,Cambium,Diligence/Supplemental Documentation/Legal (Supplementary Docs)/Company Minute Book and Corporate Records/Pre-Seed Investment Documents/Suitability Questionnaires/DavidSobotka_InvestorSuitability_0721.pdf,COMPANIES/Cambium/02_Financing_and_Legal/DavidSobotka_InvestorSuitability_0721__F01084.pdf,PLACED,02 Financing & Legal,False,moved,True
F01085,Cambium,Diligence/Supplemental Documentation/Legal (Supplementary Docs)/Company Minute Book and Corporate Records/Pre-Seed Investment Documents/Suitability Questionnaires/ISQ Steve Levitt 2021_4_25.pdf,COMPANIES/Cambium/02_Financing_and_Legal/ISQ Steve Levitt 2021_4_25__F01085.pdf,PLACED,02 Financing & Legal,False,moved,True
F01086,Cambium,Diligence/Supplemental Documentation/Legal (Supplementary Docs)/Company Minute Book and Corporate Records/Pre-Seed Investment Documents/Suitability Questionnaires/Jon Levitt ISQ 2021.4.24.pdf,COMPANIES/Cambium/02_Financing_and_Legal/Jon Levitt ISQ 2021.4.24__F01086.pdf,PLACED,02 Financing & Legal,False,moved,True
F01087,Cambium,Diligence/Supplemental Documentation/Legal (Supplementary Docs)/Company Minute Book and Corporate Records/Pre-Seed Investment Documents/Suitability Questionnaires/KevinWebb_InvestorSuitability_0721.pdf,COMPANIES/Cambium/02_Financing_and_Legal/KevinWebb_InvestorSuitability_0721__F01087.pdf,PLACED,02 Financing & Legal,False,moved,True
F01088,Cambium,Diligence/Supplemental Documentation/Legal (Supplementary Docs)/Company Minute Book and Corporate Records/Pre-Seed Investment Documents/Suitability Questionnaires/TedWeise_ISQ_0721.pdf,COMPANIES/Cambium/02_Financing_and_Legal/TedWeise_ISQ_0721__F01088.pdf,PLACED,02 Financing & Legal,False,moved,True
F01089,Cambium,Diligence/Supplemental Documentation/Legal (Supplementary Docs)/Company Minute Book and Corporate Records/Pre-Seed Investment Documents/Suitability Questionnaires/TomOKeefe_ISQ.pdf,COMPANIES/Cambium/02_Financing_and_Legal/TomOKeefe_ISQ__F01089.pdf,PLACED,02 Financing & Legal,False,moved,True
F01090,Cambium,Diligence/Supplemental Documentation/Legal (Supplementary Docs)/Company Minute Book and Corporate Records/Seed Round Investment Documents/Board Consent - Cambium Carbon PBC (re. SAFE Financing_ Stock Plan Amendment) - signed (2).pdf,COMPANIES/Cambium/02_Financing_and_Legal/Board Consent - Cambium Carbon PBC (re. SAFE Financing_ Stock Plan Amendment) - signed (2)__F01090.pdf,PLACED,02 Financing & Legal,False,moved,True
F01091,Cambium,Diligence/Supplemental Documentation/Legal (Supplementary Docs)/Company Minute Book and Corporate Records/Seed Round Investment Documents/Board Consent – Seed +.pdf,COMPANIES/Cambium/02_Financing_and_Legal/Board Consent – Seed +__F01091.pdf,PLACED,02 Financing & Legal,False,moved,True
F01092,Cambium,Diligence/Supplemental Documentation/Legal (Supplementary Docs)/Company Minute Book and Corporate Records/Seed Round Investment Documents/Investor Suitability Documents/Investor Suitability Questionnaire - Cambium Carbon PBC-2.docx,COMPANIES/Cambium/02_Financing_and_Legal/Investor Suitability Questionnaire - Cambium Carbon PBC-2__F01092.docx,PLACED,02 Financing & Legal,False,moved,True
F01093,Cambium,Diligence/Supplemental Documentation/Legal (Supplementary Docs)/Company Minute Book and Corporate Records/Seed Round Investment Documents/SAFE/Postmoney Safe - Discount Only v1.1.docx,COMPANIES/Cambium/02_Financing_and_Legal/Postmoney Safe - Discount Only v1.1__F01093.docx,PLACED,02 Financing & Legal,False,moved,True
F01094,Cambium,Diligence/Supplemental Documentation/Legal (Supplementary Docs)/Company Minute Book and Corporate Records/Seed Round Investment Documents/SAFE/Postmoney Safe - Valuation Cap Only v1.1.docx,COMPANIES/Cambium/02_Financing_and_Legal/Postmoney Safe - Valuation Cap Only v1.1__F01094.docx,PLACED,02 Financing & Legal,False,moved,True
F01095,Cambium,Diligence/Supplemental Documentation/Legal (Supplementary Docs)/Company Minute Book and Corporate Records/Seed Round Investment Documents/SEC/SEC filing 11.28.23.pdf,COMPANIES/Cambium/02_Financing_and_Legal/SEC filing 11.28.23__F01095.pdf,PLACED,02 Financing & Legal,False,moved,True
F01096,Cambium,Diligence/Supplemental Documentation/Legal (Supplementary Docs)/Company Minute Book and Corporate Records/Seed Round Investment Documents/Signed Documents/2022 SAFEs/81C- MRL Side Letter Cambium Carbon Seed SAFE Financing_FINAL.pdf,COMPANIES/Cambium/02_Financing_and_Legal/81C- MRL Side Letter Cambium Carbon Seed SAFE Financing_FINAL__F01096.pdf,PLACED,02 Financing & Legal,False,moved,True
F01097,Cambium,Diligence/Supplemental Documentation/Legal (Supplementary Docs)/Company Minute Book and Corporate Records/Seed Round Investment Documents/Signed Documents/2022 SAFEs/BluePool - MRL Side Letter Cambium Carbon Seed SAFE Financing_FINAL certificate.pdf,COMPANIES/Cambium/02_Financing_and_Legal/BluePool - MRL Side Letter Cambium Carbon Seed SAFE Financing_FINAL certificate__F01097.pdf,PLACED,02 Financing & Legal,False,moved,True
F01098,Cambium,Diligence/Supplemental Documentation/Legal (Supplementary Docs)/Company Minute Book and Corporate Records/Seed Round Investment Documents/Signed Documents/2022 SAFEs/BluePool - MRL Side Letter Cambium Carbon Seed SAFE Financing_FINAL signed.pdf,COMPANIES/Cambium/02_Financing_and_Legal/BluePool - MRL Side Letter Cambium Carbon Seed SAFE Financing_FINAL signed__F01098.pdf,PLACED,02 Financing & Legal,False,moved,True
F01099,Cambium,Diligence/Supplemental Documentation/Legal (Supplementary Docs)/Company Minute Book and Corporate Records/Seed Round Investment Documents/Signed Documents/2022 SAFEs/MaC VC - MRL Side Letter Cambium Carbon Seed SAFE Financing certificate.pdf,COMPANIES/Cambium/02_Financing_and_Legal/MaC VC - MRL Side Letter Cambium Carbon Seed SAFE Financing certificate__F01099.pdf,PLACED,02 Financing & Legal,False,moved,True
F01100,Cambium,Diligence/Supplemental Documentation/Legal (Supplementary Docs)/Company Minute Book and Corporate Records/Seed Round Investment Documents/Signed Documents/2022 SAFEs/MaC VC Cambium_SeedRound_SAFE_Final signed.pdf,COMPANIES/Cambium/02_Financing_and_Legal/MaC VC Cambium_SeedRound_SAFE_Final signed__F01100.pdf,PLACED,02 Financing & Legal,False,moved,True
F01101,Cambium,Diligence/Supplemental Documentation/Legal (Supplementary Docs)/Company Minute Book and Corporate Records/Seed Round Investment Documents/Signed Documents/2022 SAFEs/Postmoney Safe - Valuation Cap Only_81Collective signed.pdf,COMPANIES/Cambium/02_Financing_and_Legal/Postmoney Safe - Valuation Cap Only_81Collective signed__F01101.pdf,PLACED,02 Financing & Legal,False,moved,True
F01102,Cambium,Diligence/Supplemental Documentation/Legal (Supplementary Docs)/Company Minute Book and Corporate Records/Seed Round Investment Documents/Signed Documents/2022 SAFEs/Postmoney Safe - Valuation Cap Only_BluePool_Final certificate.pdf,COMPANIES/Cambium/02_Financing_and_Legal/Postmoney Safe - Valuation Cap Only_BluePool_Final certificate__F01102.pdf,PLACED,02 Financing & Legal,False,moved,True
F01103,Cambium,Diligence/Supplemental Documentation/Legal (Supplementary Docs)/Company Minute Book and Corporate Records/Seed Round Investment Documents/Signed Documents/2022 SAFEs/Postmoney Safe - Valuation Cap Only_BluePool_Final signed.pdf,COMPANIES/Cambium/02_Financing_and_Legal/Postmoney Safe - Valuation Cap Only_BluePool_Final signed__F01103.pdf,PLACED,02 Financing & Legal,False,moved,True
F01104,Cambium,Diligence/Supplemental Documentation/Legal (Supplementary Docs)/Company Minute Book and Corporate Records/Seed Round Investment Documents/Signed Documents/2022 SAFEs/Postmoney Safe - Valuation Cap Only_Soma certificate.pdf,COMPANIES/Cambium/02_Financing_and_Legal/Postmoney Safe - Valuation Cap Only_Soma certificate__F01104.pdf,PLACED,02 Financing & Legal,False,moved,True
F01105,Cambium,Diligence/Supplemental Documentation/Legal (Supplementary Docs)/Company Minute Book and Corporate Records/Seed Round Investment Documents/Signed Documents/2022 SAFEs/Postmoney Safe - Valuation Cap Only_Soma signed.pdf,COMPANIES/Cambium/02_Financing_and_Legal/Postmoney Safe - Valuation Cap Only_Soma signed__F01105.pdf,PLACED,02 Financing & Legal,False,moved,True
F01106,Cambium,Diligence/Supplemental Documentation/Legal (Supplementary Docs)/Company Minute Book and Corporate Records/Seed Round Investment Documents/Signed Documents/2022 SAFEs/Seed Round SAFE_AlumniVentures signed.pdf,COMPANIES/Cambium/02_Financing_and_Legal/Seed Round SAFE_AlumniVentures signed__F01106.pdf,PLACED,02 Financing & Legal,False,moved,True
F01107,Cambium,Diligence/Supplemental Documentation/Legal (Supplementary Docs)/Company Minute Book and Corporate Records/Seed Round Investment Documents/Signed Documents/2022 SAFEs/Seed Round SAFE_AlumniVentures.pdf,COMPANIES/Cambium/14_Historical_Superseded/Seed Round SAFE_AlumniVentures__F01107.pdf,SUPERSEDED,14 Historical / Superseded,False,moved,True
F01108,Cambium,Diligence/Supplemental Documentation/Legal (Supplementary Docs)/Company Minute Book and Corporate Records/Seed Round Investment Documents/Signed Documents/2022 SAFEs/Revolution-Rise of the Rest/Executed - Cambium Carbon_ROTR II_Investment Letter Agreement_SAFE.pdf,COMPANIES/Cambium/02_Financing_and_Legal/Executed - Cambium Carbon_ROTR II_Investment Letter Agreement_SAFE__F01108.pdf,PLACED,02 Financing & Legal,False,moved,True
F01109,Cambium,Diligence/Supplemental Documentation/Legal (Supplementary Docs)/Company Minute Book and Corporate Records/Seed Round Investment Documents/Signed Documents/2022 SAFEs/Revolution-Rise of the Rest/Executed - SAFE - Cambium Carbon PBC - Revolution.pdf,COMPANIES/Cambium/02_Financing_and_Legal/Executed - SAFE - Cambium Carbon PBC - Revolution__F01109.pdf,PLACED,02 Financing & Legal,False,moved,True
F01110,Cambium,Diligence/Supplemental Documentation/Legal (Supplementary Docs)/Company Minute Book and Corporate Records/Seed Round Investment Documents/Signed Documents/2023 Seed +/  Blue Pool Capital - Pre-Money SAFE Financing Form (Cap and Discount)signed.pdf,COMPANIES/Cambium/02_Financing_and_Legal/Blue Pool Capital - Pre-Money SAFE Financing Form (Cap and Discount)signed__F01110.pdf,PLACED,02 Financing & Legal,True,moved,True
F01111,Cambium,Diligence/Supplemental Documentation/Legal (Supplementary Docs)/Company Minute Book and Corporate Records/Seed Round Investment Documents/Signed Documents/2023 Seed +/Alumni Ventures - Pre-Money SAFE Financing Form (Cap and Discount) _ signed.pdf,COMPANIES/Cambium/02_Financing_and_Legal/Alumni Ventures - Pre-Money SAFE Financing Form (Cap and Discount) _ signed__F01111.pdf,PLACED,02 Financing & Legal,False,moved,True
F01112,Cambium,Diligence/Supplemental Documentation/Legal (Supplementary Docs)/Company Minute Book and Corporate Records/Seed Round Investment Documents/Signed Documents/2023 Seed +/BOARD CONSENT – SEED +.pdf,COMPANIES/Cambium/02_Financing_and_Legal/BOARD CONSENT – SEED +__F01112.pdf,PLACED,02 Financing & Legal,False,moved,True
F01113,Cambium,Diligence/Supplemental Documentation/Legal (Supplementary Docs)/Company Minute Book and Corporate Records/Seed Round Investment Documents/Signed Documents/2023 Seed +/Cambium Carbon PBC - Pre-Money SAFE Financing Form (Cap and Discount) - Avesta Fund I signed.pdf,COMPANIES/Cambium/02_Financing_and_Legal/Cambium Carbon PBC - Pre-Money SAFE Financing Form (Cap and Discount) - Avesta Fund I signed__F01113.pdf,PLACED,02 Financing & Legal,False,moved,True
F01114,Cambium,Diligence/Supplemental Documentation/Legal (Supplementary Docs)/Company Minute Book and Corporate Records/Seed Round Investment Documents/Signed Documents/2023 Seed +/Connecticut Innovations- Pre-Money SAFE Financing Form (Cap and Discount) signed.pdf,COMPANIES/Cambium/02_Financing_and_Legal/Connecticut Innovations- Pre-Money SAFE Financing Form (Cap and Discount) signed__F01114.pdf,PLACED,02 Financing & Legal,False,moved,True
F01115,Cambium,Diligence/Supplemental Documentation/Legal (Supplementary Docs)/Company Minute Book and Corporate Records/Seed Round Investment Documents/Signed Documents/2023 Seed +/MAC signature page.pdf,COMPANIES/Cambium/02_Financing_and_Legal/MAC signature page__F01115.pdf,PLACED,02 Financing & Legal,False,moved,True
F01116,Cambium,"Diligence/Supplemental Documentation/Legal (Supplementary Docs)/Company Minute Book and Corporate Records/Seed Round Investment Documents/Signed Documents/2023 Seed +/MaC Venture Capital – Pre-Money SAFE Financing $750,000.pdf","COMPANIES/Cambium/02_Financing_and_Legal/MaC Venture Capital – Pre-Money SAFE Financing $750,000__F01116.pdf",PLACED,02 Financing & Legal,False,moved,True
F01117,Cambium,"Diligence/Supplemental Documentation/Legal (Supplementary Docs)/Company Minute Book and Corporate Records/Seed Round Investment Documents/Signed Documents/2023 Seed +/Rise of the Rest - Pre-Money SAFE Financing $500,000.pdf","COMPANIES/Cambium/02_Financing_and_Legal/Rise of the Rest - Pre-Money SAFE Financing $500,000__F01117.pdf",PLACED,02 Financing & Legal,False,moved,True
F01118,Cambium,Diligence/Supplemental Documentation/Legal (Supplementary Docs)/Company Minute Book and Corporate Records/Seed Round Investment Documents/Signed Documents/2023 Seed +/Mana Ventures (w- side letter)/Mana - Side Letter with Cambium Carbon signed.pdf,COMPANIES/Cambium/02_Financing_and_Legal/Mana - Side Letter with Cambium Carbon signed__F01118.pdf,PLACED,02 Financing & Legal,False,moved,True
F01119,Cambium,Diligence/Supplemental Documentation/Legal (Supplementary Docs)/Company Minute Book and Corporate Records/Seed Round Investment Documents/Signed Documents/2023 Seed +/Mana Ventures (w- side letter)/UPDATED Cambium Carbon PBC - Pre-Money SAFE Financing Form (Cap and Discount) _ Mana signed.pdf,COMPANIES/Cambium/02_Financing_and_Legal/UPDATED Cambium Carbon PBC - Pre-Money SAFE Financing Form (Cap and Discount) _ Mana signed__F01119.pdf,PLACED,02 Financing & Legal,False,moved,True
F01120,Cambium,Diligence/Supplemental Documentation/Legal (Supplementary Docs)/Company Minute Book and Corporate Records/Seed Round Investment Documents/Signed Documents/2024 Bridge Round/Blue Ivy Promissory Note Executed.pdf,COMPANIES/Cambium/02_Financing_and_Legal/Blue Ivy Promissory Note Executed__F01120.pdf,PLACED,02 Financing & Legal,False,moved,True
F01121,Cambium,Diligence/Supplemental Documentation/Legal (Supplementary Docs)/Company Minute Book and Corporate Records/Seed Round Investment Documents/Signed Documents/2024 Bridge Round/David Sobotka_Cambium Carbon PBC - Convertible Promissory Note - Series 2024A.docx (1) (1).pdf,COMPANIES/Cambium/02_Financing_and_Legal/David Sobotka_Cambium Carbon PBC - Convertible Promissory Note - Series 2024A.docx (1) (1)__F01121.pdf,PLACED,02 Financing & Legal,False,moved,True
F01122,Cambium,Diligence/Supplemental Documentation/Legal (Supplementary Docs)/Company Minute Book and Corporate Records/Seed Round Investment Documents/Signed Documents/2024 Bridge Round/MaC x Cambium Carbon - Amendment No. 2 to 2022 SAFEs_EXECUTED.pdf,COMPANIES/Cambium/02_Financing_and_Legal/MaC x Cambium Carbon - Amendment No. 2 to 2022 SAFEs_EXECUTED__F01122.pdf,PLACED,02 Financing & Legal,False,moved,True
F01123,Cambium,Diligence/Supplemental Documentation/Legal (Supplementary Docs)/Company Minute Book and Corporate Records/Seed Round Investment Documents/Signed Documents/2024 Bridge Round/White Bait_Cambium Carbon PBC - Convertible Promissory Note - Signed.pdf,COMPANIES/Cambium/02_Financing_and_Legal/White Bait_Cambium Carbon PBC - Convertible Promissory Note - Signed__F01123.pdf,PLACED,02 Financing & Legal,False,moved,True
F01124,Cambium,Diligence/Supplemental Documentation/Legal (Supplementary Docs)/Company Minute Book and Corporate Records/Series A Documents/2024 Fall Bridge Notes.xlsx,COMPANIES/Cambium/02_Financing_and_Legal/2024 Fall Bridge Notes__F01124.xlsx,PLACED,02 Financing & Legal,False,moved,True
F01125,Cambium,Diligence/Supplemental Documentation/Legal (Supplementary Docs)/Company Minute Book and Corporate Records/Series A Documents/Cambium Carbon PBC - Note Financing - Board Consent (July 2024).pdf,COMPANIES/Cambium/02_Financing_and_Legal/Cambium Carbon PBC - Note Financing - Board Consent (July 2024)__F01125.pdf,PLACED,02 Financing & Legal,False,moved,True
F01126,Cambium,Diligence/Supplemental Documentation/Legal (Supplementary Docs)/Company Minute Book and Corporate Records/Series A Documents/VoLo- Cambium Series A Term Sheet (Executed).pdf,COMPANIES/Cambium/02_Financing_and_Legal/VoLo- Cambium Series A Term Sheet (Executed)__F01126.pdf,PLACED,02 Financing & Legal,False,moved,True
F01127,Cambium,Diligence/Supplemental Documentation/Legal (Supplementary Docs)/Company Minute Book and Corporate Records/Series A Documents/Convertible Notes /Cambium Carbon PBC Wiring Instructions (2025) (1).pdf,COMPANIES/Cambium/02_Financing_and_Legal/Cambium Carbon PBC Wiring Instructions (2025) (1)__F01127.pdf,PLACED,02 Financing & Legal,False,moved,True
F01128,Cambium,Diligence/Supplemental Documentation/Legal (Supplementary Docs)/Company Minute Book and Corporate Records/Series A Documents/Convertible Notes /Crosscut_Cambium Carbon PBC - Convertible Promissory Note - Series 2024A (3).docx,COMPANIES/Cambium/02_Financing_and_Legal/Crosscut_Cambium Carbon PBC - Convertible Promissory Note - Series 2024A (3)__F01128.docx,PLACED,02 Financing & Legal,False,moved,True
F01129,Cambium,Diligence/Supplemental Documentation/Legal (Supplementary Docs)/Company Minute Book and Corporate Records/Series A Documents/Convertible Notes /Crosscut_Cambium Carbon PBC - Convertible Promissory Note - Series 2024A (3).docx.pdf,COMPANIES/Cambium/02_Financing_and_Legal/Crosscut_Cambium Carbon PBC - Convertible Promissory Note - Series 2024A (3).docx__F01129.pdf,PLACED,02 Financing & Legal,False,moved,True
F01130,Cambium,Diligence/Supplemental Documentation/Legal (Supplementary Docs)/Company Minute Book and Corporate Records/Series A Documents/Convertible Notes /Abelow Family Foundation/The Abelow Family Foundation_Cambium Carbon PBC - Convertible Promissory Note - Series 2024A -1 copy.pdf,COMPANIES/Cambium/02_Financing_and_Legal/The Abelow Family Foundation_Cambium Carbon PBC - Convertible Promissory Note - Series 2024A -1 copy__F01130.pdf,PLACED,02 Financing & Legal,False,moved,True
F01131,Cambium,Diligence/Supplemental Documentation/Legal (Supplementary Docs)/Company Minute Book and Corporate Records/Series A Documents/Convertible Notes /Blue Ivy/Blue Ivy Promissory Note Executed.pdf,COMPANIES/Cambium/02_Financing_and_Legal/Blue Ivy Promissory Note Executed__F01131.pdf,PLACED,02 Financing & Legal,False,moved,True
F01132,Cambium,Diligence/Supplemental Documentation/Legal (Supplementary Docs)/Company Minute Book and Corporate Records/Series A Documents/Convertible Notes /Blue Ivy/Complete_with_Docusign_Blue_Ivy_Copy_of_Camb.pdf,COMPANIES/Cambium/02_Financing_and_Legal/Complete_with_Docusign_Blue_Ivy_Copy_of_Camb__F01132.pdf,PLACED,02 Financing & Legal,False,moved,True
F01133,Cambium,Diligence/Supplemental Documentation/Legal (Supplementary Docs)/Company Minute Book and Corporate Records/Series A Documents/Convertible Notes /Brad and Carolyn Abelow/Brad and Carolyn Abelow_Cambium Carbon PBC - Convertible Promissory Note - Series 2024A  copy.pdf,COMPANIES/Cambium/02_Financing_and_Legal/Brad and Carolyn Abelow_Cambium Carbon PBC - Convertible Promissory Note - Series 2024A copy__F01133.pdf,PLACED,02 Financing & Legal,True,moved,True
F01134,Cambium,Diligence/Supplemental Documentation/Legal (Supplementary Docs)/Company Minute Book and Corporate Records/Series A Documents/Convertible Notes /Crosscut Ventures/Complete_with_Docusign_Crosscut_Cambium_Carb.pdf,COMPANIES/Cambium/02_Financing_and_Legal/Complete_with_Docusign_Crosscut_Cambium_Carb__F01134.pdf,PLACED,02 Financing & Legal,False,moved,True
F01135,Cambium,Diligence/Supplemental Documentation/Legal (Supplementary Docs)/Company Minute Book and Corporate Records/Series A Documents/Convertible Notes /Dangerous Ventures/Cambium Carbon_Side Letter_D.textClipping,COMPANIES/Cambium/02_Financing_and_Legal/Cambium Carbon_Side Letter_D__F01135.textClipping,PLACED,02 Financing & Legal,False,moved,True
F01136,Cambium,Diligence/Supplemental Documentation/Legal (Supplementary Docs)/Company Minute Book and Corporate Records/Series A Documents/Convertible Notes /Dangerous Ventures/Cambium Carbon_Side Letter_Dangerous Ventures_EXECUTED 08302024.pdf,COMPANIES/Cambium/02_Financing_and_Legal/Cambium Carbon_Side Letter_Dangerous Ventures_EXECUTED 08302024__F01136.pdf,PLACED,02 Financing & Legal,False,moved,True
F01137,Cambium,Diligence/Supplemental Documentation/Legal (Supplementary Docs)/Company Minute Book and Corporate Records/Series A Documents/Convertible Notes /Dangerous Ventures/Promissory Note EXECUTED_Dangerous_Cambium_September 2024.pdf,COMPANIES/Cambium/02_Financing_and_Legal/Promissory Note EXECUTED_Dangerous_Cambium_September 2024__F01137.pdf,PLACED,02 Financing & Legal,False,moved,True
F01138,Cambium,Diligence/Supplemental Documentation/Legal (Supplementary Docs)/Company Minute Book and Corporate Records/Series A Documents/Convertible Notes /David Sobotka/David Sobotka_Cambium Carbon PBC - Convertible Promissory Note - Series 2024A.docx (1) (1) (1).pdf,COMPANIES/Cambium/02_Financing_and_Legal/David Sobotka_Cambium Carbon PBC - Convertible Promissory Note - Series 2024A.docx (1) (1) (1)__F01138.pdf,PLACED,02 Financing & Legal,False,moved,True
F01139,Cambium,Diligence/Supplemental Documentation/Legal (Supplementary Docs)/Company Minute Book and Corporate Records/Series A Documents/Convertible Notes /Erik Ryan/Complete_with_Docusign_Erik_Ryan_Cambium_Car.pdf,COMPANIES/Cambium/02_Financing_and_Legal/Complete_with_Docusign_Erik_Ryan_Cambium_Car__F01139.pdf,PLACED,02 Financing & Legal,False,moved,True
F01140,Cambium,Diligence/Supplemental Documentation/Legal (Supplementary Docs)/Company Minute Book and Corporate Records/Series A Documents/Convertible Notes /Mary Miller/Mary Miller _Cambium Carbon PBC - Convertible Promissory Note - Series 2024A (3).docx-combined (1).pdf,COMPANIES/Cambium/02_Financing_and_Legal/Mary Miller _Cambium Carbon PBC - Convertible Promissory Note - Series 2024A (3).docx-combined (1)__F01140.pdf,PLACED,02 Financing & Legal,False,moved,True
F01141,Cambium,Diligence/Supplemental Documentation/Legal (Supplementary Docs)/Company Minute Book and Corporate Records/Series A Documents/Convertible Notes /Morrison Foundation/Complete_with_Docusign_Morrison_Family_Found.pdf,COMPANIES/Cambium/02_Financing_and_Legal/Complete_with_Docusign_Morrison_Family_Found__F01141.pdf,PLACED,02 Financing & Legal,False,moved,True
F01142,Cambium,Diligence/Supplemental Documentation/Legal (Supplementary Docs)/Company Minute Book and Corporate Records/Series A Documents/Convertible Notes /Ted Wiese/Ted Wiese_Copy of Cambium Carbon PBC - Convertible Promissory Note - Series 2024A.docx (1).pdf,COMPANIES/Cambium/02_Financing_and_Legal/Ted Wiese_Copy of Cambium Carbon PBC - Convertible Promissory Note - Series 2024A.docx (1)__F01142.pdf,PLACED,02 Financing & Legal,False,moved,True
F01143,Cambium,Diligence/Supplemental Documentation/Legal (Supplementary Docs)/Company Minute Book and Corporate Records/Series A Documents/Convertible Notes /White Bait/White Bait_Cambium Carbon PBC - Convertible Promissory Note - Signed.pdf,COMPANIES/Cambium/02_Financing_and_Legal/White Bait_Cambium Carbon PBC - Convertible Promissory Note - Signed__F01143.pdf,PLACED,02 Financing & Legal,False,moved,True
F01144,Cambium,Diligence/Supplemental Documentation/Legal (Supplementary Docs)/Company Minute Book and Corporate Records/Transaction Documents/Acquisition of Lumber Tracker/Term Sheet - Purchase of Lumber Tracker - Cambium Carbon.docx,COMPANIES/Cambium/02_Financing_and_Legal/Term Sheet - Purchase of Lumber Tracker - Cambium Carbon__F01144.docx,PLACED,02 Financing & Legal,False,moved,True
F01145,Cambium,Diligence/Supplemental Documentation/Legal (Supplementary Docs)/Company Minute Book and Corporate Records/Transaction Documents/Acquisition of Lumber Tracker/Asset Purchase Agreement/Consent of the Board - re. Lumber Tracker Acquisition (Cambium Carbon PBC) - signed.pdf,COMPANIES/Cambium/02_Financing_and_Legal/Consent of the Board - re. Lumber Tracker Acquisition (Cambium Carbon PBC) - signed__F01145.pdf,PLACED,02 Financing & Legal,False,moved,True
F01146,Cambium,Diligence/Supplemental Documentation/Legal (Supplementary Docs)/Company Minute Book and Corporate Records/Transaction Documents/Acquisition of Lumber Tracker/Asset Purchase Agreement/Consent of the Board - re. Lumber Tracker Acquisition (Cambium Carbon PBC).docx,COMPANIES/Cambium/14_Historical_Superseded/Consent of the Board - re. Lumber Tracker Acquisition (Cambium Carbon PBC)__F01146.docx,SUPERSEDED,14 Historical / Superseded,False,moved,True
F01147,Cambium,Diligence/Supplemental Documentation/Legal (Supplementary Docs)/Company Minute Book and Corporate Records/Transaction Documents/Acquisition of Lumber Tracker/Asset Purchase Agreement/Consent of the Board - re. Lumber Tracker Acquisition (Cambium Carbon PBC).pdf,COMPANIES/Cambium/14_Historical_Superseded/Consent of the Board - re. Lumber Tracker Acquisition (Cambium Carbon PBC)__F01147.pdf,SUPERSEDED,14 Historical / Superseded,False,moved,True
F01148,Cambium,Diligence/Supplemental Documentation/Legal (Supplementary Docs)/Company Minute Book and Corporate Records/Transaction Documents/Acquisition of Lumber Tracker/Asset Purchase Agreement/FINAL (Compiled) -  Asset Purchase Agreement - Cambium Carbon PBC - Lumber Tracker - Taddiken - signed.pdf,COMPANIES/Cambium/02_Financing_and_Legal/FINAL (Compiled) - Asset Purchase Agreement - Cambium Carbon PBC - Lumber Tracker - Taddiken - signed__F01148.pdf,PLACED,02 Financing & Legal,True,moved,True
F01149,Cambium,Diligence/Supplemental Documentation/Legal (Supplementary Docs)/Company Minute Book and Corporate Records/Transaction Documents/Acquisition of Lumber Tracker/Asset Purchase Agreement/Drafts/FINAL -  Asset Purchase Agreement - Cambium Carbon PBC.doc,COMPANIES/Cambium/02_Financing_and_Legal/FINAL - Asset Purchase Agreement - Cambium Carbon PBC__F01149.doc,PLACED,02 Financing & Legal,True,moved,True
F01150,Cambium,Diligence/Supplemental Documentation/Legal (Supplementary Docs)/Company Minute Book and Corporate Records/Transaction Documents/Acquisition of Lumber Tracker/Asset Purchase Agreement/Drafts/Final v. v3  Redline .docx,COMPANIES/Cambium/02_Financing_and_Legal/Final v. v3 Redline__F01150.docx,PLACED,02 Financing & Legal,True,moved,True
F01151,Cambium,"Diligence/Supplemental Documentation/Legal (Supplementary Docs)/Company Minute Book and Corporate Records/Transaction Documents/Acquisition of Lumber Tracker/Asset Purchase Agreement/Drafts/REDLINE v2-3 - Asset Purchase Agreement (Cambium, Lumber Tracker, Taddiken).docx","COMPANIES/Cambium/02_Financing_and_Legal/REDLINE v2-3 - Asset Purchase Agreement (Cambium, Lumber Tracker, Taddiken)__F01151.docx",PLACED,02 Financing & Legal,False,moved,True
F01152,Cambium,Diligence/Supplemental Documentation/Legal (Supplementary Docs)/Company Minute Book and Corporate Records/Transaction Documents/Acquisition of Lumber Tracker/Asset Purchase Agreement/Drafts/v1 Asset Purchase Agreement - Cambium Carbon PBC.doc,COMPANIES/Cambium/14_Historical_Superseded/v1 Asset Purchase Agreement - Cambium Carbon PBC__F01152.doc,SUPERSEDED,14 Historical / Superseded,False,moved,True
F01153,Cambium,Diligence/Supplemental Documentation/Legal (Supplementary Docs)/Company Minute Book and Corporate Records/Transaction Documents/Acquisition of Lumber Tracker/Asset Purchase Agreement/Drafts/v2 (LT CLEAN) Asset Purchase Agreement - Cambium Carbon PBC[70] (1).doc,COMPANIES/Cambium/02_Financing_and_Legal/v2 (LT CLEAN) Asset Purchase Agreement - Cambium Carbon PBC[70] (1)__F01153.doc,PLACED,02 Financing & Legal,False,moved,True
F01154,Cambium,Diligence/Supplemental Documentation/Legal (Supplementary Docs)/Company Minute Book and Corporate Records/Transaction Documents/Acquisition of Lumber Tracker/Asset Purchase Agreement/Drafts/v2 (LT Edits) Asset Purchase Agreement - Cambium Carbon PBC[70] (1).doc,COMPANIES/Cambium/02_Financing_and_Legal/v2 (LT Edits) Asset Purchase Agreement - Cambium Carbon PBC[70] (1)__F01154.doc,PLACED,02 Financing & Legal,False,moved,True
F01155,Cambium,Diligence/Supplemental Documentation/Legal (Supplementary Docs)/Company Minute Book and Corporate Records/Transaction Documents/Acquisition of Lumber Tracker/Asset Purchase Agreement/Drafts/v3 (CLEAN) Asset Purchase Agreement - Cambium Carbon PBC.doc,COMPANIES/Cambium/14_Historical_Superseded/v3 (CLEAN) Asset Purchase Agreement - Cambium Carbon PBC__F01155.doc,SUPERSEDED,14 Historical / Superseded,False,moved,True
F01156,Cambium,Diligence/Supplemental Documentation/Legal (Supplementary Docs)/Company Minute Book and Corporate Records/Transaction Documents/Acquisition of Lumber Tracker/Asset Purchase Agreement/Drafts/v3 (RVL edits_comments) Asset Purchase Agreement - Cambium Carbon PBC.doc,COMPANIES/Cambium/02_Financing_and_Legal/v3 (RVL edits_comments) Asset Purchase Agreement - Cambium Carbon PBC__F01156.doc,PLACED,02 Financing & Legal,False,moved,True
F01157,Cambium,Diligence/Supplemental Documentation/Legal (Supplementary Docs)/Company Minute Book and Corporate Records/Transaction Documents/Acquisition of Lumber Tracker/Asset Purchase Agreement/Drafts/v4 (CLEAN) Asset Purchase Agreement - Cambium Carbon PBC.doc,COMPANIES/Cambium/14_Historical_Superseded/v4 (CLEAN) Asset Purchase Agreement - Cambium Carbon PBC__F01157.doc,SUPERSEDED,14 Historical / Superseded,False,moved,True
F01158,Cambium,Diligence/Supplemental Documentation/Legal (Supplementary Docs)/Company Minute Book and Corporate Records/Transaction Documents/Acquisition of Lumber Tracker/Asset Purchase Agreement/Drafts/Exhibits/Stock Plan - Cambium Carbon PBC.pdf,COMPANIES/Cambium/02_Financing_and_Legal/Stock Plan - Cambium Carbon PBC__F01158.pdf,PLACED,02 Financing & Legal,False,moved,True
F01159,Cambium,"Diligence/Supplemental Documentation/Legal (Supplementary Docs)/Company Minute Book and Corporate Records/Transaction Documents/Acquisition of Lumber Tracker/Asset Purchase Agreement/Drafts/Exhibits/Exhibit A - Assignment and Assumption/v1 Exhibit A - Assignment and Assumption Agreement (Cambium, Lumber Tracker, Taddiken).doc","COMPANIES/Cambium/14_Historical_Superseded/v1 Exhibit A - Assignment and Assumption Agreement (Cambium, Lumber Tracker, Taddiken)__F01159.doc",SUPERSEDED,14 Historical / Superseded,False,moved,True
F01160,Cambium,"Diligence/Supplemental Documentation/Legal (Supplementary Docs)/Company Minute Book and Corporate Records/Transaction Documents/Acquisition of Lumber Tracker/Asset Purchase Agreement/Drafts/Exhibits/Exhibit A - Assignment and Assumption/v2 (LT CLEAN) Exhibit A - Assignment and Assumption Agreement (Cambium, Lumber Tracker, Taddiken)[41].doc","COMPANIES/Cambium/02_Financing_and_Legal/v2 (LT CLEAN) Exhibit A - Assignment and Assumption Agreement (Cambium, Lumber Tracker, Taddiken)[41]__F01160.doc",PLACED,02 Financing & Legal,False,moved,True
F01161,Cambium,"Diligence/Supplemental Documentation/Legal (Supplementary Docs)/Company Minute Book and Corporate Records/Transaction Documents/Acquisition of Lumber Tracker/Asset Purchase Agreement/Drafts/Exhibits/Exhibit A - Assignment and Assumption/v2 (LT Edits) Exhibit A - Assignment and Assumption Agreement (Cambium, Lumber Tracker, Taddiken)[41].doc","COMPANIES/Cambium/02_Financing_and_Legal/v2 (LT Edits) Exhibit A - Assignment and Assumption Agreement (Cambium, Lumber Tracker, Taddiken)[41]__F01161.doc",PLACED,02 Financing & Legal,False,moved,True
F01162,Cambium,"Diligence/Supplemental Documentation/Legal (Supplementary Docs)/Company Minute Book and Corporate Records/Transaction Documents/Acquisition of Lumber Tracker/Asset Purchase Agreement/Drafts/Exhibits/Exhibit A - Assignment and Assumption/v3 (Clean) Exhibit A - Assignment and Assumption Agreement (Cambium, Lumber Tracker, Taddiken).doc","COMPANIES/Cambium/02_Financing_and_Legal/v3 (Clean) Exhibit A - Assignment and Assumption Agreement (Cambium, Lumber Tracker, Taddiken)__F01162.doc",PLACED,02 Financing & Legal,False,moved,True
F01163,Cambium,"Diligence/Supplemental Documentation/Legal (Supplementary Docs)/Company Minute Book and Corporate Records/Transaction Documents/Acquisition of Lumber Tracker/Asset Purchase Agreement/Drafts/Exhibits/Exhibit A - Assignment and Assumption/v3 (RVL Edits) Exhibit A - Assignment and Assumption Agreement (Cambium, Lumber Tracker, Taddiken)[41].doc","COMPANIES/Cambium/02_Financing_and_Legal/v3 (RVL Edits) Exhibit A - Assignment and Assumption Agreement (Cambium, Lumber Tracker, Taddiken)[41]__F01163.doc",PLACED,02 Financing & Legal,False,moved,True
F01164,Cambium,Diligence/Supplemental Documentation/Legal (Supplementary Docs)/Company Minute Book and Corporate Records/Transaction Documents/Acquisition of Lumber Tracker/Asset Purchase Agreement/Drafts/Exhibits/Exhibit B - Transition Services Agreement/Exhibit B - Transition Services Agreement (Cambium - Taddiken).doc,COMPANIES/Cambium/14_Historical_Superseded/Exhibit B - Transition Services Agreement (Cambium - Taddiken)__F01164.doc,SUPERSEDED,14 Historical / Superseded,False,moved,True
F01165,Cambium,Diligence/Supplemental Documentation/Legal (Supplementary Docs)/Company Minute Book and Corporate Records/Transaction Documents/Acquisition of Lumber Tracker/Asset Purchase Agreement/Drafts/Exhibits/Exhibit B - Transition Services Agreement/Final - Exhibit B - Transition Services Agreement (Cambium - Taddiken).pdf,COMPANIES/Cambium/02_Financing_and_Legal/Final - Exhibit B - Transition Services Agreement (Cambium - Taddiken)__F01165.pdf,PLACED,02 Financing & Legal,False,moved,True
F01166,Cambium,Diligence/Supplemental Documentation/Legal (Supplementary Docs)/Company Minute Book and Corporate Records/Transaction Documents/Acquisition of Lumber Tracker/Asset Purchase Agreement/Drafts/Exhibits/Exhibit B - Transition Services Agreement/REDLINE v2-3 Exhibit B - Transition Services Agreement.docx,COMPANIES/Cambium/02_Financing_and_Legal/REDLINE v2-3 Exhibit B - Transition Services Agreement__F01166.docx,PLACED,02 Financing & Legal,False,moved,True
F01167,Cambium,Diligence/Supplemental Documentation/Legal (Supplementary Docs)/Company Minute Book and Corporate Records/Transaction Documents/Acquisition of Lumber Tracker/Asset Purchase Agreement/Drafts/Exhibits/Exhibit B - Transition Services Agreement/v2 (LT CLEAN) Exhibit B - Transition Services Agreement (Cambium - Taddiken)[72].doc,COMPANIES/Cambium/02_Financing_and_Legal/v2 (LT CLEAN) Exhibit B - Transition Services Agreement (Cambium - Taddiken)[72]__F01167.doc,PLACED,02 Financing & Legal,False,moved,True
F01168,Cambium,Diligence/Supplemental Documentation/Legal (Supplementary Docs)/Company Minute Book and Corporate Records/Transaction Documents/Acquisition of Lumber Tracker/Asset Purchase Agreement/Drafts/Exhibits/Exhibit B - Transition Services Agreement/v2 (LT edits) Exhibit B - Transition Services Agreement (Cambium - Taddiken)[72].doc,COMPANIES/Cambium/02_Financing_and_Legal/v2 (LT edits) Exhibit B - Transition Services Agreement (Cambium - Taddiken)[72]__F01168.doc,PLACED,02 Financing & Legal,False,moved,True
F01169,Cambium,Diligence/Supplemental Documentation/Legal (Supplementary Docs)/Company Minute Book and Corporate Records/Transaction Documents/Acquisition of Lumber Tracker/Asset Purchase Agreement/Drafts/Exhibits/Exhibit B - Transition Services Agreement/v3 (RVL CLEAN) Exhibit B - Transition Services Agreement (Cambium - Taddiken).doc,COMPANIES/Cambium/02_Financing_and_Legal/v3 (RVL CLEAN) Exhibit B - Transition Services Agreement (Cambium - Taddiken)__F01169.doc,PLACED,02 Financing & Legal,False,moved,True
F01170,Cambium,Diligence/Supplemental Documentation/Legal (Supplementary Docs)/Company Minute Book and Corporate Records/Transaction Documents/Acquisition of Lumber Tracker/Asset Purchase Agreement/Drafts/Exhibits/Exhibit B - Transition Services Agreement/v3 (RVL edits) Exhibit B - Transition Services Agreement (Cambium - Taddiken)[72].doc,COMPANIES/Cambium/02_Financing_and_Legal/v3 (RVL edits) Exhibit B - Transition Services Agreement (Cambium - Taddiken)[72]__F01170.doc,PLACED,02 Financing & Legal,False,moved,True
F01171,Cambium,Diligence/Supplemental Documentation/Legal (Supplementary Docs)/Company Minute Book and Corporate Records/Transaction Documents/Acquisition of Lumber Tracker/Asset Purchase Agreement/Drafts/Exhibits/Exhibit C - Stock Option Agreement/REDLINE v2-3 - Exhibit C - Stock Option Award Agreement.docx,COMPANIES/Cambium/02_Financing_and_Legal/REDLINE v2-3 - Exhibit C - Stock Option Award Agreement__F01171.docx,PLACED,02 Financing & Legal,False,moved,True
F01172,Cambium,Diligence/Supplemental Documentation/Legal (Supplementary Docs)/Company Minute Book and Corporate Records/Transaction Documents/Acquisition of Lumber Tracker/Asset Purchase Agreement/Drafts/Exhibits/Exhibit C - Stock Option Agreement/v1 Exhibit C - Stock Option Award Agreement - Cambium Carbon PBC - A. Taddiken.docx,COMPANIES/Cambium/14_Historical_Superseded/v1 Exhibit C - Stock Option Award Agreement - Cambium Carbon PBC - A. Taddiken__F01172.docx,SUPERSEDED,14 Historical / Superseded,False,moved,True
F01173,Cambium,Diligence/Supplemental Documentation/Legal (Supplementary Docs)/Company Minute Book and Corporate Records/Transaction Documents/Acquisition of Lumber Tracker/Asset Purchase Agreement/Drafts/Exhibits/Exhibit C - Stock Option Agreement/v2 (LT CLEAN) Exhibit C - Stock Option Award Agreement - Cambium Carbon PBC - A. Taddiken[34].docx,COMPANIES/Cambium/02_Financing_and_Legal/v2 (LT CLEAN) Exhibit C - Stock Option Award Agreement - Cambium Carbon PBC - A. Taddiken[34]__F01173.docx,PLACED,02 Financing & Legal,False,moved,True
F01174,Cambium,Diligence/Supplemental Documentation/Legal (Supplementary Docs)/Company Minute Book and Corporate Records/Transaction Documents/Acquisition of Lumber Tracker/Asset Purchase Agreement/Drafts/Exhibits/Exhibit C - Stock Option Agreement/v2 (LT Edits) Exhibit C - Stock Option Award Agreement - Cambium Carbon PBC - A. Taddiken[34].docx,COMPANIES/Cambium/02_Financing_and_Legal/v2 (LT Edits) Exhibit C - Stock Option Award Agreement - Cambium Carbon PBC - A. Taddiken[34]__F01174.docx,PLACED,02 Financing & Legal,False,moved,True
F01175,Cambium,Diligence/Supplemental Documentation/Legal (Supplementary Docs)/Company Minute Book and Corporate Records/Transaction Documents/Acquisition of Lumber Tracker/Asset Purchase Agreement/Drafts/Exhibits/Exhibit C - Stock Option Agreement/v3 (CLEAN) Exhibit C - Stock Option Award Agreement - Cambium Carbon PBC - A. Taddiken.docx,COMPANIES/Cambium/02_Financing_and_Legal/v3 (CLEAN) Exhibit C - Stock Option Award Agreement - Cambium Carbon PBC - A. Taddiken__F01175.docx,PLACED,02 Financing & Legal,False,moved,True
F01176,Cambium,Diligence/Supplemental Documentation/Legal (Supplementary Docs)/Company Minute Book and Corporate Records/Transaction Documents/Acquisition of Lumber Tracker/Asset Purchase Agreement/Drafts/Exhibits/Exhibit C - Stock Option Agreement/v3 (RVL edits) Exhibit C - Stock Option Award Agreement - Cambium Carbon PBC - A. Taddiken[34].docx,COMPANIES/Cambium/02_Financing_and_Legal/v3 (RVL edits) Exhibit C - Stock Option Award Agreement - Cambium Carbon PBC - A. Taddiken[34]__F01176.docx,PLACED,02 Financing & Legal,False,moved,True
F01177,Cambium,Diligence/Supplemental Documentation/Legal (Supplementary Docs)/Company Minute Book and Corporate Records/Transaction Documents/Acquisition of Lumber Tracker/Asset Purchase Agreement/For Signature/FINAL (Compiled) -  Asset Purchase Agreement - Cambium Carbon PBC.pdf,COMPANIES/Cambium/02_Financing_and_Legal/FINAL (Compiled) - Asset Purchase Agreement - Cambium Carbon PBC__F01177.pdf,PLACED,02 Financing & Legal,True,moved,True
F01178,Cambium,Diligence/Supplemental Documentation/Legal (Supplementary Docs)/Company Minute Book and Corporate Records/Transaction Documents/Acquisition of Lumber Tracker/Asset Purchase Agreement/For Signature/FINAL -  Asset Purchase Agreement - Cambium Carbon PBC.pdf,COMPANIES/Cambium/02_Financing_and_Legal/FINAL - Asset Purchase Agreement - Cambium Carbon PBC__F01178.pdf,PLACED,02 Financing & Legal,True,moved,True
F01179,Cambium,Diligence/Supplemental Documentation/Legal (Supplementary Docs)/Company Minute Book and Corporate Records/Transaction Documents/Acquisition of Lumber Tracker/Asset Purchase Agreement/For Signature/FINAL -  Exhibit C.pdf,COMPANIES/Cambium/02_Financing_and_Legal/FINAL - Exhibit C__F01179.pdf,PLACED,02 Financing & Legal,True,moved,True
F01180,Cambium,"Diligence/Supplemental Documentation/Legal (Supplementary Docs)/Company Minute Book and Corporate Records/Transaction Documents/Acquisition of Lumber Tracker/Asset Purchase Agreement/For Signature/Final - Exhibit A - Assignment and Assumption Agreement (Cambium, Lumber Tracker, Taddiken).pdf","COMPANIES/Cambium/02_Financing_and_Legal/Final - Exhibit A - Assignment and Assumption Agreement (Cambium, Lumber Tracker, Taddiken)__F01180.pdf",PLACED,02 Financing & Legal,False,moved,True
F01181,Cambium,Diligence/Supplemental Documentation/Legal (Supplementary Docs)/Company Minute Book and Corporate Records/Transaction Documents/Acquisition of Lumber Tracker/Asset Purchase Agreement/For Signature/Final - Exhibit B - Transition Services Agreement (Cambium - Taddiken).pdf,COMPANIES/Cambium/02_Financing_and_Legal/Final - Exhibit B - Transition Services Agreement (Cambium - Taddiken)__F01181.pdf,PLACED,02 Financing & Legal,False,moved,True
F01182,Cambium,Diligence/Supplemental Documentation/Legal (Supplementary Docs)/Company Minute Book and Corporate Records/Transaction Documents/Acquisition of Lumber Tracker/Asset Purchase Agreement/For Signature/Stock Plan - Cambium Carbon PBC.pdf,COMPANIES/Cambium/02_Financing_and_Legal/Stock Plan - Cambium Carbon PBC__F01182.pdf,PLACED,02 Financing & Legal,False,moved,True
F01183,Cambium,Diligence/Supplemental Documentation/Legal (Supplementary Docs)/Company Minute Book and Corporate Records/Transaction Documents/Acquisition of Lumber Tracker/Asset Purchase Agreement/Not used/V2 (LT EDITS) _Asset Purchase Agreement - Cambium Carbon PBC[70].doc,COMPANIES/Cambium/02_Financing_and_Legal/V2 (LT EDITS) _Asset Purchase Agreement - Cambium Carbon PBC[70]__F01183.doc,PLACED,02 Financing & Legal,False,moved,True
F01184,Cambium,Diligence/Supplemental Documentation/Legal (Supplementary Docs)/Company Minute Book and Corporate Records/Transaction Documents/Acquisition of Lumber Tracker/LT Legal Due Diligence Folder/Legal Due Diligence Request List - Cambium Carbon - Lumber Tracker copy.docx,COMPANIES/Cambium/10_Technical_and_Diligence/Legal Due Diligence Request List - Cambium Carbon - Lumber Tracker copy__F01184.docx,PLACED,10 Technical & Diligence,False,moved,True
F01185,Cambium,Diligence/Supplemental Documentation/Legal (Supplementary Docs)/Company Minute Book and Corporate Records/Transaction Documents/Acquisition of Lumber Tracker/LT Legal Due Diligence Folder/Legal Due Diligence Request List - Cambium Carbon - Lumber Tracker.docx,COMPANIES/Cambium/14_Historical_Superseded/Legal Due Diligence Request List - Cambium Carbon - Lumber Tracker__F01185.docx,SUPERSEDED,14 Historical / Superseded,False,moved,True
F01186,Cambium,Diligence/Supplemental Documentation/Legal (Supplementary Docs)/Company Minute Book and Corporate Records/Transaction Documents/Acquisition of Lumber Tracker/LT Legal Due Diligence Folder/Legal Due Diligence Request List.docx,COMPANIES/Cambium/10_Technical_and_Diligence/Legal Due Diligence Request List__F01186.docx,PLACED,10 Technical & Diligence,False,moved,True
F01187,Cambium,Diligence/Supplemental Documentation/Legal (Supplementary Docs)/Company Minute Book and Corporate Records/Transaction Documents/Acquisition of Lumber Tracker/LT Legal Due Diligence Folder/Tech Audit _ Due Diligence Completed V1.docx,COMPANIES/Cambium/10_Technical_and_Diligence/Tech Audit _ Due Diligence Completed V1__F01187.docx,PLACED,10 Technical & Diligence,False,moved,True
F01188,Cambium,Diligence/Supplemental Documentation/Legal (Supplementary Docs)/Company Minute Book and Corporate Records/Transaction Documents/Acquisition of Lumber Tracker/LT Legal Due Diligence Folder/GDSoft Agreements/Amended and Restated LumberTracker GDsoft Agreement.doc,COMPANIES/Cambium/10_Technical_and_Diligence/Amended and Restated LumberTracker GDsoft Agreement__F01188.doc,PLACED,10 Technical & Diligence,False,moved,True
F01189,Cambium,Diligence/Supplemental Documentation/Legal (Supplementary Docs)/Company Minute Book and Corporate Records/Transaction Documents/Acquisition of Lumber Tracker/LT Legal Due Diligence Folder/GDSoft Agreements/GDSoft - Lumber Tracker Development Agreement.pdf,COMPANIES/Cambium/10_Technical_and_Diligence/GDSoft - Lumber Tracker Development Agreement__F01189.pdf,PLACED,10 Technical & Diligence,False,moved,True
F01190,Cambium,Diligence/Supplemental Documentation/Legal (Supplementary Docs)/Company Minute Book and Corporate Records/Transaction Documents/Acquisition of Lumber Tracker/LT Legal Due Diligence Folder/GDSoft Agreements/Lumber-Tracker-gdSoft_NDA.doc,COMPANIES/Cambium/10_Technical_and_Diligence/Lumber-Tracker-gdSoft_NDA__F01190.doc,PLACED,10 Technical & Diligence,False,moved,True
F01191,Cambium,Diligence/Supplemental Documentation/Legal (Supplementary Docs)/Company Minute Book and Corporate Records/Transaction Documents/Acquisition of Lumber Tracker/LT Legal Due Diligence Folder/GDSoft Agreements/gdSoft NDA 6.22 signed.pdf,COMPANIES/Cambium/10_Technical_and_Diligence/gdSoft NDA 6.22 signed__F01191.pdf,PLACED,10 Technical & Diligence,False,moved,True
F01192,Cambium,Diligence/Supplemental Documentation/Legal (Supplementary Docs)/Company Minute Book and Corporate Records/Transaction Documents/Acquisition of Lumber Tracker/LT Legal Due Diligence Folder/Lumber Tracker/Financials/2019 Scedule C Lumber Tracker.pdf,COMPANIES/Cambium/10_Technical_and_Diligence/2019 Scedule C Lumber Tracker__F01192.pdf,PLACED,10 Technical & Diligence,False,moved,True
F01193,Cambium,Diligence/Supplemental Documentation/Legal (Supplementary Docs)/Company Minute Book and Corporate Records/Transaction Documents/Acquisition of Lumber Tracker/LT Legal Due Diligence Folder/Lumber Tracker/Financials/Balance Sheet 1-2021.pdf,COMPANIES/Cambium/04_Financials_and_Models/Balance Sheet 1-2021__F01193.pdf,PLACED,04 Financials & Models,False,moved,True
F01194,Cambium,Diligence/Supplemental Documentation/Legal (Supplementary Docs)/Company Minute Book and Corporate Records/Transaction Documents/Acquisition of Lumber Tracker/LT Legal Due Diligence Folder/Lumber Tracker/Financials/Balance Sheet 2-2021.pdf,COMPANIES/Cambium/04_Financials_and_Models/Balance Sheet 2-2021__F01194.pdf,PLACED,04 Financials & Models,False,moved,True
F01195,Cambium,Diligence/Supplemental Documentation/Legal (Supplementary Docs)/Company Minute Book and Corporate Records/Transaction Documents/Acquisition of Lumber Tracker/LT Legal Due Diligence Folder/Lumber Tracker/Financials/Balance Sheet 2020.pdf,COMPANIES/Cambium/04_Financials_and_Models/Balance Sheet 2020__F01195.pdf,PLACED,04 Financials & Models,False,moved,True
F01196,Cambium,Diligence/Supplemental Documentation/Legal (Supplementary Docs)/Company Minute Book and Corporate Records/Transaction Documents/Acquisition of Lumber Tracker/LT Legal Due Diligence Folder/Lumber Tracker/Financials/Balance Sheet 3-2021.pdf,COMPANIES/Cambium/04_Financials_and_Models/Balance Sheet 3-2021__F01196.pdf,PLACED,04 Financials & Models,False,moved,True
F01197,Cambium,Diligence/Supplemental Documentation/Legal (Supplementary Docs)/Company Minute Book and Corporate Records/Transaction Documents/Acquisition of Lumber Tracker/LT Legal Due Diligence Folder/Lumber Tracker/Financials/Balance Sheet 4-2021.pdf,COMPANIES/Cambium/04_Financials_and_Models/Balance Sheet 4-2021__F01197.pdf,PLACED,04 Financials & Models,False,moved,True
F01198,Cambium,Diligence/Supplemental Documentation/Legal (Supplementary Docs)/Company Minute Book and Corporate Records/Transaction Documents/Acquisition of Lumber Tracker/LT Legal Due Diligence Folder/Lumber Tracker/Financials/Balance Sheet 5-2021.pdf,COMPANIES/Cambium/04_Financials_and_Models/Balance Sheet 5-2021__F01198.pdf,PLACED,04 Financials & Models,False,moved,True
F01199,Cambium,Diligence/Supplemental Documentation/Legal (Supplementary Docs)/Company Minute Book and Corporate Records/Transaction Documents/Acquisition of Lumber Tracker/LT Legal Due Diligence Folder/Lumber Tracker/Financials/Balance Sheet 6-17-2021 MTD.pdf,COMPANIES/Cambium/04_Financials_and_Models/Balance Sheet 6-17-2021 MTD__F01199.pdf,PLACED,04 Financials & Models,False,moved,True
F01200,Cambium,Diligence/Supplemental Documentation/Legal (Supplementary Docs)/Company Minute Book and Corporate Records/Transaction Documents/Acquisition of Lumber Tracker/LT Legal Due Diligence Folder/Lumber Tracker/Financials/Balance Sheet 6-17-2021 YTD.pdf,COMPANIES/Cambium/04_Financials_and_Models/Balance Sheet 6-17-2021 YTD__F01200.pdf,PLACED,04 Financials & Models,False,moved,True
F01201,Cambium,Diligence/Supplemental Documentation/Legal (Supplementary Docs)/Company Minute Book and Corporate Records/Transaction Documents/Acquisition of Lumber Tracker/LT Legal Due Diligence Folder/Lumber Tracker/Financials/BalanceSheet 2019.pdf,COMPANIES/Cambium/10_Technical_and_Diligence/BalanceSheet 2019__F01201.pdf,PLACED,10 Technical & Diligence,False,moved,True
F01202,Cambium,Diligence/Supplemental Documentation/Legal (Supplementary Docs)/Company Minute Book and Corporate Records/Transaction Documents/Acquisition of Lumber Tracker/LT Legal Due Diligence Folder/Lumber Tracker/Financials/Profit and Loss 1-2021.pdf,COMPANIES/Cambium/04_Financials_and_Models/Profit and Loss 1-2021__F01202.pdf,PLACED,04 Financials & Models,False,moved,True
F01203,Cambium,Diligence/Supplemental Documentation/Legal (Supplementary Docs)/Company Minute Book and Corporate Records/Transaction Documents/Acquisition of Lumber Tracker/LT Legal Due Diligence Folder/Lumber Tracker/Financials/Profit and Loss 2-2021.pdf,COMPANIES/Cambium/04_Financials_and_Models/Profit and Loss 2-2021__F01203.pdf,PLACED,04 Financials & Models,False,moved,True
F01204,Cambium,Diligence/Supplemental Documentation/Legal (Supplementary Docs)/Company Minute Book and Corporate Records/Transaction Documents/Acquisition of Lumber Tracker/LT Legal Due Diligence Folder/Lumber Tracker/Financials/Profit and Loss 3-21.pdf,COMPANIES/Cambium/04_Financials_and_Models/Profit and Loss 3-21__F01204.pdf,PLACED,04 Financials & Models,False,moved,True
F01205,Cambium,Diligence/Supplemental Documentation/Legal (Supplementary Docs)/Company Minute Book and Corporate Records/Transaction Documents/Acquisition of Lumber Tracker/LT Legal Due Diligence Folder/Lumber Tracker/Financials/Profit and Loss 4-2021.pdf,COMPANIES/Cambium/04_Financials_and_Models/Profit and Loss 4-2021__F01205.pdf,PLACED,04 Financials & Models,False,moved,True
F01206,Cambium,Diligence/Supplemental Documentation/Legal (Supplementary Docs)/Company Minute Book and Corporate Records/Transaction Documents/Acquisition of Lumber Tracker/LT Legal Due Diligence Folder/Lumber Tracker/Financials/Profit and Loss 5-2021.pdf,COMPANIES/Cambium/04_Financials_and_Models/Profit and Loss 5-2021__F01206.pdf,PLACED,04 Financials & Models,False,moved,True
F01207,Cambium,Diligence/Supplemental Documentation/Legal (Supplementary Docs)/Company Minute Book and Corporate Records/Transaction Documents/Acquisition of Lumber Tracker/LT Legal Due Diligence Folder/Lumber Tracker/Financials/Profit and Loss 6-17-2021 MTD.pdf,COMPANIES/Cambium/04_Financials_and_Models/Profit and Loss 6-17-2021 MTD__F01207.pdf,PLACED,04 Financials & Models,False,moved,True
F01208,Cambium,Diligence/Supplemental Documentation/Legal (Supplementary Docs)/Company Minute Book and Corporate Records/Transaction Documents/Acquisition of Lumber Tracker/LT Legal Due Diligence Folder/Lumber Tracker/Financials/Profit and Loss 6-17-2021 YTD .pdf,COMPANIES/Cambium/04_Financials_and_Models/Profit and Loss 6-17-2021 YTD__F01208.pdf,PLACED,04 Financials & Models,True,moved,True
F01209,Cambium,Diligence/Supplemental Documentation/Legal (Supplementary Docs)/Company Minute Book and Corporate Records/Transaction Documents/Acquisition of Lumber Tracker/LT Legal Due Diligence Folder/Lumber Tracker/Financials/ProfitandLoss -2019.pdf,COMPANIES/Cambium/14_Historical_Superseded/ProfitandLoss -2019__F01209.pdf,SUPERSEDED,14 Historical / Superseded,False,moved,True
F01210,Cambium,Diligence/Supplemental Documentation/Legal (Supplementary Docs)/Company Minute Book and Corporate Records/Transaction Documents/Acquisition of Lumber Tracker/LT Legal Due Diligence Folder/Lumber Tracker/Financials/ProfitandLoss-2020.pdf,COMPANIES/Cambium/10_Technical_and_Diligence/ProfitandLoss-2020__F01210.pdf,PLACED,10 Technical & Diligence,False,moved,True
F01211,Cambium,Diligence/Supplemental Documentation/Legal (Supplementary Docs)/Company Minute Book and Corporate Records/Transaction Documents/Acquisition of Lumber Tracker/LT Legal Due Diligence Folder/Lumber Tracker/Financials/SCHEDULE C 2020 Lumber Tracker.pdf,COMPANIES/Cambium/10_Technical_and_Diligence/SCHEDULE C 2020 Lumber Tracker__F01211.pdf,PLACED,10 Technical & Diligence,False,moved,True
F01212,Cambium,Diligence/Supplemental Documentation/Legal (Supplementary Docs)/Company Minute Book and Corporate Records/Transaction Documents/Acquisition of Lumber Tracker/LT Legal Due Diligence Folder/Lumber Tracker/Legal/LT articles of organization 2019.pdf,COMPANIES/Cambium/02_Financing_and_Legal/LT articles of organization 2019.pdf,PLACED,02 Financing & Legal,False,moved,True
F01213,Cambium,Diligence/Supplemental Documentation/Legal (Supplementary Docs)/Company Minute Book and Corporate Records/Transaction Documents/Acquisition of Lumber Tracker/LT Legal Due Diligence Folder/Lumber Tracker/Legal/Lumber Tracker operating Agreement 2019.pdf,COMPANIES/Cambium/02_Financing_and_Legal/Lumber Tracker operating Agreement 2019__F01213.pdf,PLACED,02 Financing & Legal,False,moved,True
F01214,Cambium,Diligence/Supplemental Documentation/Legal (Supplementary Docs)/Company Minute Book and Corporate Records/Transaction Documents/Acquisition of Lumber Tracker/LT Legal Due Diligence Folder/Lumber Tracker/NDA_s/Greg gdSoft NDA/nda_lt.docx,COMPANIES/Cambium/10_Technical_and_Diligence/nda_lt__F01214.docx,PLACED,10 Technical & Diligence,False,moved,True
F01215,Cambium,Diligence/Supplemental Documentation/Legal (Supplementary Docs)/Company Minute Book and Corporate Records/Transaction Documents/Acquisition of Lumber Tracker/LT Legal Due Diligence Folder/Lumber Tracker/NDA_s/Greg gdSoft NDA/nda_lt.pdf,COMPANIES/Cambium/14_Historical_Superseded/nda_lt__F01215.pdf,SUPERSEDED,14 Historical / Superseded,False,moved,True
F01216,Cambium,Diligence/Supplemental Documentation/Legal (Supplementary Docs)/Company Minute Book and Corporate Records/Transaction Documents/Conversion to PBC/Merger Checklist Cambium Carbon.docx,COMPANIES/Cambium/02_Financing_and_Legal/Merger Checklist Cambium Carbon__F01216.docx,PLACED,02 Financing & Legal,False,moved,True
F01217,Cambium,Diligence/Supplemental Documentation/Legal (Supplementary Docs)/Company Minute Book and Corporate Records/Transaction Documents/Conversion to PBC/Executed Documents/Certificate of Incorporation of Cambium Carbon PBC.pdf,COMPANIES/Cambium/02_Financing_and_Legal/Certificate of Incorporation of Cambium Carbon PBC__F01217.pdf,PLACED,02 Financing & Legal,False,moved,True
F01218,Cambium,Diligence/Supplemental Documentation/Legal (Supplementary Docs)/Company Minute Book and Corporate Records/Transaction Documents/Conversion to PBC/Executed Documents/Certificate of Merger Cambium Carbon - signed.pdf,COMPANIES/Cambium/02_Financing_and_Legal/Certificate of Merger Cambium Carbon - signed__F01218.pdf,PLACED,02 Financing & Legal,False,moved,True
F01219,Cambium,Diligence/Supplemental Documentation/Legal (Supplementary Docs)/Company Minute Book and Corporate Records/Transaction Documents/Conversion to PBC/Executed Documents/SS-4 - Cambium Carbon PBC_Final.pdf,COMPANIES/Cambium/02_Financing_and_Legal/SS-4 - Cambium Carbon PBC_Final__F01219.pdf,PLACED,02 Financing & Legal,False,moved,True
F01220,Cambium,Diligence/Supplemental Documentation/Legal (Supplementary Docs)/Company Minute Book and Corporate Records/Transaction Documents/Conversion to PBC/Executed Documents/Merger Executed/Agreement and Plan of Merger - Cambium Carbon - signed.pdf,COMPANIES/Cambium/02_Financing_and_Legal/Agreement and Plan of Merger - Cambium Carbon - signed__F01220.pdf,PLACED,02 Financing & Legal,False,moved,True
F01221,Cambium,Diligence/Supplemental Documentation/Legal (Supplementary Docs)/Company Minute Book and Corporate Records/Transaction Documents/Conversion to PBC/Executed Documents/Merger Executed/Articles of Merger - Cambium Carbon - signed (1).pdf,COMPANIES/Cambium/02_Financing_and_Legal/Articles of Merger - Cambium Carbon - signed (1)__F01221.pdf,PLACED,02 Financing & Legal,False,moved,True
F01222,Cambium,Diligence/Supplemental Documentation/Legal (Supplementary Docs)/Company Minute Book and Corporate Records/Transaction Documents/Conversion to PBC/Executed Documents/Merger Executed/Cert. of Merger - Cambium Carbon PBC.pdf,COMPANIES/Cambium/02_Financing_and_Legal/Cert. of Merger - Cambium Carbon PBC__F01222.pdf,PLACED,02 Financing & Legal,False,moved,True
F01223,Cambium,Diligence/Supplemental Documentation/Legal (Supplementary Docs)/Company Minute Book and Corporate Records/Transaction Documents/Conversion to PBC/Executed Documents/Merger Executed/Filed Certificate of Merger.pdf,COMPANIES/Cambium/02_Financing_and_Legal/Filed Certificate of Merger__F01223.pdf,PLACED,02 Financing & Legal,False,moved,True
F01224,Cambium,Diligence/Supplemental Documentation/Legal (Supplementary Docs)/Company Minute Book and Corporate Records/Transaction Documents/Conversion to PBC/Executed Documents/Merger Executed/fprmerger-i - signed.pdf,COMPANIES/Cambium/02_Financing_and_Legal/fprmerger-i - signed__F01224.pdf,PLACED,02 Financing & Legal,False,moved,True
F01225,Cambium,Diligence/Supplemental Documentation/Legal (Supplementary Docs)/Company Minute Book and Corporate Records/Transaction Documents/Conversion to PBC/Executed Documents/Personnel Documents/Stock Plan of Cambium Carbon PBC - signed.pdf,COMPANIES/Cambium/02_Financing_and_Legal/Stock Plan of Cambium Carbon PBC - signed__F01225.pdf,PLACED,02 Financing & Legal,False,moved,True
F01226,Cambium,Diligence/Supplemental Documentation/Legal (Supplementary Docs)/Company Minute Book and Corporate Records/Transaction Documents/Conversion to PBC/Executed Documents/Personnel Documents/Subscription Agreement - Cambium Carbon LLC - signed (1).pdf,COMPANIES/Cambium/02_Financing_and_Legal/Subscription Agreement - Cambium Carbon LLC - signed (1)__F01226.pdf,PLACED,02 Financing & Legal,False,moved,True
F01227,Cambium,Diligence/Supplemental Documentation/Legal (Supplementary Docs)/Company Minute Book and Corporate Records/Transaction Documents/Conversion to PBC/Executed Documents/Personnel Documents/CIIAAs/Christensen - CIIAA - Cambium Carbon PBC - signed.pdf,COMPANIES/Cambium/02_Financing_and_Legal/Christensen - CIIAA - Cambium Carbon PBC - signed__F01227.pdf,PLACED,02 Financing & Legal,False,moved,True
F01228,Cambium,Diligence/Supplemental Documentation/Legal (Supplementary Docs)/Company Minute Book and Corporate Records/Transaction Documents/Conversion to PBC/Executed Documents/Personnel Documents/CIIAAs/Hooker CIIAA - Cambium Carbon PBC - signed.pdf,COMPANIES/Cambium/02_Financing_and_Legal/Hooker CIIAA - Cambium Carbon PBC - signed__F01228.pdf,PLACED,02 Financing & Legal,False,moved,True
F01229,Cambium,Diligence/Supplemental Documentation/Legal (Supplementary Docs)/Company Minute Book and Corporate Records/Transaction Documents/Conversion to PBC/Executed Documents/Personnel Documents/CIIAAs/Repka - CIIAA - Cambium Carbon PBC - signed.pdf,COMPANIES/Cambium/02_Financing_and_Legal/Repka - CIIAA - Cambium Carbon PBC - signed__F01229.pdf,PLACED,02 Financing & Legal,False,moved,True
F01230,Cambium,Diligence/Supplemental Documentation/Legal (Supplementary Docs)/Company Minute Book and Corporate Records/Transaction Documents/Conversion to PBC/Executed Documents/Personnel Documents/RSPAs Executed/Christensen - 83(b).pdf,COMPANIES/Cambium/02_Financing_and_Legal/Christensen - 83(b)__F01230.pdf,PLACED,02 Financing & Legal,False,moved,True
F01231,Cambium,Diligence/Supplemental Documentation/Legal (Supplementary Docs)/Company Minute Book and Corporate Records/Transaction Documents/Conversion to PBC/Executed Documents/Personnel Documents/RSPAs Executed/Christensen - Restricted Stock Purchase Agreement - Cambium Carbon PBC - signed.pdf,COMPANIES/Cambium/02_Financing_and_Legal/Christensen - Restricted Stock Purchase Agreement - Cambium Carbon PBC - signed__F01231.pdf,PLACED,02 Financing & Legal,False,moved,True
F01232,Cambium,Diligence/Supplemental Documentation/Legal (Supplementary Docs)/Company Minute Book and Corporate Records/Transaction Documents/Conversion to PBC/Executed Documents/Personnel Documents/RSPAs Executed/Hooker - 83(b).pdf,COMPANIES/Cambium/02_Financing_and_Legal/Hooker - 83(b)__F01232.pdf,PLACED,02 Financing & Legal,False,moved,True
F01233,Cambium,Diligence/Supplemental Documentation/Legal (Supplementary Docs)/Company Minute Book and Corporate Records/Transaction Documents/Conversion to PBC/Executed Documents/Personnel Documents/RSPAs Executed/Hooker - Restricted Stock Purchase Agreement - Cambium Carbon PBC - signed.pdf,COMPANIES/Cambium/02_Financing_and_Legal/Hooker - Restricted Stock Purchase Agreement - Cambium Carbon PBC - signed__F01233.pdf,PLACED,02 Financing & Legal,False,moved,True
F01234,Cambium,Diligence/Supplemental Documentation/Legal (Supplementary Docs)/Company Minute Book and Corporate Records/Transaction Documents/Conversion to PBC/Executed Documents/Personnel Documents/RSPAs Executed/Repka - 83(b).pdf,COMPANIES/Cambium/02_Financing_and_Legal/Repka - 83(b)__F01234.pdf,PLACED,02 Financing & Legal,False,moved,True
F01235,Cambium,Diligence/Supplemental Documentation/Legal (Supplementary Docs)/Company Minute Book and Corporate Records/Transaction Documents/Conversion to PBC/Executed Documents/Personnel Documents/RSPAs Executed/Repka - Restricted Stock Purchase Agreement - Cambium Carbon PBC - signed.pdf,COMPANIES/Cambium/02_Financing_and_Legal/Repka - Restricted Stock Purchase Agreement - Cambium Carbon PBC - signed__F01235.pdf,PLACED,02 Financing & Legal,False,moved,True
F01236,Cambium,Diligence/Supplemental Documentation/Legal (Supplementary Docs)/Company Minute Book and Corporate Records/Transaction Documents/Conversion to PBC/Executed Documents/Resolutions/Action by Written Consent of Sole Incorporator - Cambium Carbon PBC.pdf,COMPANIES/Cambium/02_Financing_and_Legal/Action by Written Consent of Sole Incorporator - Cambium Carbon PBC__F01236.pdf,PLACED,02 Financing & Legal,False,moved,True
F01237,Cambium,Diligence/Supplemental Documentation/Legal (Supplementary Docs)/Company Minute Book and Corporate Records/Transaction Documents/Conversion to PBC/Executed Documents/Resolutions/Consent in Writing of the Members of Cambium Carbon LLC - signed.pdf,COMPANIES/Cambium/02_Financing_and_Legal/Consent in Writing of the Members of Cambium Carbon LLC - signed__F01237.pdf,PLACED,02 Financing & Legal,False,moved,True
F01238,Cambium,Diligence/Supplemental Documentation/Legal (Supplementary Docs)/Company Minute Book and Corporate Records/Transaction Documents/Conversion to PBC/Executed Documents/Resolutions/Joint Action by Written Consent of the Board of Directors and Stockholders in Lieu of Initial Meeting - Cambium Carbon PBC - signed.pdf,COMPANIES/Cambium/02_Financing_and_Legal/Joint Action by Written Consent of the Board of Directors and Stockholders in Lieu of Initial Meeting - Cambium Carbon PBC - signed__F01238.pdf,PLACED,02 Financing & Legal,False,moved,True
F01239,Cambium,Diligence/Supplemental Documentation/Legal (Supplementary Docs)/Company Minute Book and Corporate Records/Transaction Documents/Conversion to PBC/Step 1. Issuance and LLC Approval/Drafts/Consent in Writing of the Members of Cambium Carbon LLC.docx,COMPANIES/Cambium/02_Financing_and_Legal/Consent in Writing of the Members of Cambium Carbon LLC__F01239.docx,PLACED,02 Financing & Legal,False,moved,True
F01240,Cambium,Diligence/Supplemental Documentation/Legal (Supplementary Docs)/Company Minute Book and Corporate Records/Transaction Documents/Conversion to PBC/Step 1. Issuance and LLC Approval/Drafts/Subscription Agreement - Cambium Carbon LLC.docx,COMPANIES/Cambium/02_Financing_and_Legal/Subscription Agreement - Cambium Carbon LLC__F01240.docx,PLACED,02 Financing & Legal,False,moved,True
F01241,Cambium,Diligence/Supplemental Documentation/Legal (Supplementary Docs)/Company Minute Book and Corporate Records/Transaction Documents/Conversion to PBC/Step 1. Issuance and LLC Approval/For Execution/Consent in Writing of the Members of Cambium Carbon LLC.pdf,COMPANIES/Cambium/02_Financing_and_Legal/Consent in Writing of the Members of Cambium Carbon LLC__F01241.pdf,PLACED,02 Financing & Legal,False,moved,True
F01242,Cambium,Diligence/Supplemental Documentation/Legal (Supplementary Docs)/Company Minute Book and Corporate Records/Transaction Documents/Conversion to PBC/Step 1. Issuance and LLC Approval/For Execution/Subscription Agreement - Cambium Carbon LLC.pdf,COMPANIES/Cambium/02_Financing_and_Legal/Subscription Agreement - Cambium Carbon LLC__F01242.pdf,PLACED,02 Financing & Legal,False,moved,True
F01243,Cambium,Diligence/Supplemental Documentation/Legal (Supplementary Docs)/Company Minute Book and Corporate Records/Transaction Documents/Conversion to PBC/Step 2. Formation of Cambium Carbon PBC/Governing Documents/Bylaws of Cambium Carbon PBC .docx,COMPANIES/Cambium/11_Impact_and_Climate/Bylaws of Cambium Carbon PBC__F01243.docx,PLACED,11 Impact & Climate,True,moved,True
F01244,Cambium,Diligence/Supplemental Documentation/Legal (Supplementary Docs)/Company Minute Book and Corporate Records/Transaction Documents/Conversion to PBC/Step 2. Formation of Cambium Carbon PBC/Governing Documents/Certificate of Incorporation of Cambium Carbon PBC.docx,COMPANIES/Cambium/14_Historical_Superseded/Certificate of Incorporation of Cambium Carbon PBC__F01244.docx,SUPERSEDED,14 Historical / Superseded,False,moved,True
F01245,Cambium,Diligence/Supplemental Documentation/Legal (Supplementary Docs)/Company Minute Book and Corporate Records/Transaction Documents/Conversion to PBC/Step 2. Formation of Cambium Carbon PBC/Governing Documents/Certificate of Incorporation of Cambium Carbon PBC.pdf,COMPANIES/Cambium/02_Financing_and_Legal/Certificate of Incorporation of Cambium Carbon PBC__F01245.pdf,PLACED,02 Financing & Legal,False,moved,True
F01246,Cambium,Diligence/Supplemental Documentation/Legal (Supplementary Docs)/Company Minute Book and Corporate Records/Transaction Documents/Conversion to PBC/Step 2. Formation of Cambium Carbon PBC/Personnel Docs/ Restricted Stock Purchase Agreement - Cambium Carbon PBC.doc,COMPANIES/Cambium/02_Financing_and_Legal/Restricted Stock Purchase Agreement - Cambium Carbon PBC__F01246.doc,PLACED,02 Financing & Legal,True,moved,True
F01247,Cambium,Diligence/Supplemental Documentation/Legal (Supplementary Docs)/Company Minute Book and Corporate Records/Transaction Documents/Conversion to PBC/Step 2. Formation of Cambium Carbon PBC/Personnel Docs/Form of CIIAA - Cambium Carbon PBC.docx,COMPANIES/Cambium/11_Impact_and_Climate/Form of CIIAA - Cambium Carbon PBC__F01247.docx,PLACED,11 Impact & Climate,False,moved,True
F01248,Cambium,Diligence/Supplemental Documentation/Legal (Supplementary Docs)/Company Minute Book and Corporate Records/Transaction Documents/Conversion to PBC/Step 2. Formation of Cambium Carbon PBC/Personnel Docs/Stock Plan of Cambium Carbon PBC.docx,COMPANIES/Cambium/11_Impact_and_Climate/Stock Plan of Cambium Carbon PBC__F01248.docx,PLACED,11 Impact & Climate,False,moved,True
F01249,Cambium,Diligence/Supplemental Documentation/Legal (Supplementary Docs)/Company Minute Book and Corporate Records/Transaction Documents/Conversion to PBC/Step 2. Formation of Cambium Carbon PBC/Personnel Docs/For Execution/ Form Restricted Stock Purchase Agreement - Cambium Carbon PBC.pdf,COMPANIES/Cambium/02_Financing_and_Legal/Form Restricted Stock Purchase Agreement - Cambium Carbon PBC__F01249.pdf,PLACED,02 Financing & Legal,True,moved,True
F01250,Cambium,Diligence/Supplemental Documentation/Legal (Supplementary Docs)/Company Minute Book and Corporate Records/Transaction Documents/Conversion to PBC/Step 2. Formation of Cambium Carbon PBC/Personnel Docs/For Execution/Christensen - CIIAA - Cambium Carbon PBC.pdf,COMPANIES/Cambium/11_Impact_and_Climate/Christensen - CIIAA - Cambium Carbon PBC__F01250.pdf,PLACED,11 Impact & Climate,False,moved,True
F01251,Cambium,Diligence/Supplemental Documentation/Legal (Supplementary Docs)/Company Minute Book and Corporate Records/Transaction Documents/Conversion to PBC/Step 2. Formation of Cambium Carbon PBC/Personnel Docs/For Execution/Christensen - Restricted Stock Purchase Agreement - Cambium Carbon PBC.pdf,COMPANIES/Cambium/02_Financing_and_Legal/Christensen - Restricted Stock Purchase Agreement - Cambium Carbon PBC__F01251.pdf,PLACED,02 Financing & Legal,False,moved,True
F01252,Cambium,Diligence/Supplemental Documentation/Legal (Supplementary Docs)/Company Minute Book and Corporate Records/Transaction Documents/Conversion to PBC/Step 2. Formation of Cambium Carbon PBC/Personnel Docs/For Execution/Form of CIIAA - Cambium Carbon PBC.pdf,COMPANIES/Cambium/11_Impact_and_Climate/Form of CIIAA - Cambium Carbon PBC__F01252.pdf,PLACED,11 Impact & Climate,False,moved,True
F01253,Cambium,Diligence/Supplemental Documentation/Legal (Supplementary Docs)/Company Minute Book and Corporate Records/Transaction Documents/Conversion to PBC/Step 2. Formation of Cambium Carbon PBC/Personnel Docs/For Execution/Hooker - Restricted Stock Purchase Agreement - Cambium Carbon PBC.pdf,COMPANIES/Cambium/02_Financing_and_Legal/Hooker - Restricted Stock Purchase Agreement - Cambium Carbon PBC__F01253.pdf,PLACED,02 Financing & Legal,False,moved,True
F01254,Cambium,Diligence/Supplemental Documentation/Legal (Supplementary Docs)/Company Minute Book and Corporate Records/Transaction Documents/Conversion to PBC/Step 2. Formation of Cambium Carbon PBC/Personnel Docs/For Execution/Hooker CIIAA - Cambium Carbon PBC.pdf,COMPANIES/Cambium/11_Impact_and_Climate/Hooker CIIAA - Cambium Carbon PBC__F01254.pdf,PLACED,11 Impact & Climate,False,moved,True
F01255,Cambium,Diligence/Supplemental Documentation/Legal (Supplementary Docs)/Company Minute Book and Corporate Records/Transaction Documents/Conversion to PBC/Step 2. Formation of Cambium Carbon PBC/Personnel Docs/For Execution/Repka - CIIAA - Cambium Carbon PBC.pdf,COMPANIES/Cambium/11_Impact_and_Climate/Repka - CIIAA - Cambium Carbon PBC__F01255.pdf,PLACED,11 Impact & Climate,False,moved,True
F01256,Cambium,Diligence/Supplemental Documentation/Legal (Supplementary Docs)/Company Minute Book and Corporate Records/Transaction Documents/Conversion to PBC/Step 2. Formation of Cambium Carbon PBC/Personnel Docs/For Execution/Repka - Restricted Stock Purchase Agreement - Cambium Carbon PBC.pdf,COMPANIES/Cambium/02_Financing_and_Legal/Repka - Restricted Stock Purchase Agreement - Cambium Carbon PBC__F01256.pdf,PLACED,02 Financing & Legal,False,moved,True
F01257,Cambium,Diligence/Supplemental Documentation/Legal (Supplementary Docs)/Company Minute Book and Corporate Records/Transaction Documents/Conversion to PBC/Step 2. Formation of Cambium Carbon PBC/Personnel Docs/For Execution/Stock Plan of Cambium Carbon PBC.pdf,COMPANIES/Cambium/11_Impact_and_Climate/Stock Plan of Cambium Carbon PBC__F01257.pdf,PLACED,11 Impact & Climate,False,moved,True
F01258,Cambium,Diligence/Supplemental Documentation/Legal (Supplementary Docs)/Company Minute Book and Corporate Records/Transaction Documents/Conversion to PBC/Step 2. Formation of Cambium Carbon PBC/Resolutions/Action by Written Consent of Sole Incorporator - Cambium Carbon PBC.docx,COMPANIES/Cambium/14_Historical_Superseded/Action by Written Consent of Sole Incorporator - Cambium Carbon PBC__F01258.docx,SUPERSEDED,14 Historical / Superseded,False,moved,True
F01259,Cambium,Diligence/Supplemental Documentation/Legal (Supplementary Docs)/Company Minute Book and Corporate Records/Transaction Documents/Conversion to PBC/Step 2. Formation of Cambium Carbon PBC/Resolutions/Action by Written Consent of Sole Incorporator - Cambium Carbon PBC.pdf,COMPANIES/Cambium/11_Impact_and_Climate/Action by Written Consent of Sole Incorporator - Cambium Carbon PBC__F01259.pdf,PLACED,11 Impact & Climate,False,moved,True
F01260,Cambium,Diligence/Supplemental Documentation/Legal (Supplementary Docs)/Company Minute Book and Corporate Records/Transaction Documents/Conversion to PBC/Step 2. Formation of Cambium Carbon PBC/Resolutions/Joint Action by Written Consent of the Board of Directors and Stockholders in Lieu of Initial Meeting - Cambium Carbon PBC.docx,COMPANIES/Cambium/14_Historical_Superseded/Joint Action by Written Consent of the Board of Directors and Stockholders in Lieu of Initial Meeting - Cambium Carbon PBC__F01260.docx,SUPERSEDED,14 Historical / Superseded,False,moved,True
F01261,Cambium,Diligence/Supplemental Documentation/Legal (Supplementary Docs)/Company Minute Book and Corporate Records/Transaction Documents/Conversion to PBC/Step 2. Formation of Cambium Carbon PBC/Resolutions/Joint Action by Written Consent of the Board of Directors and Stockholders in Lieu of Initial Meeting - Cambium Carbon PBC.pdf,COMPANIES/Cambium/11_Impact_and_Climate/Joint Action by Written Consent of the Board of Directors and Stockholders in Lieu of Initial Meeting - Cambium Carbon PBC__F01261.pdf,PLACED,11 Impact & Climate,False,moved,True
F01262,Cambium,Diligence/Supplemental Documentation/Legal (Supplementary Docs)/Company Minute Book and Corporate Records/Transaction Documents/Conversion to PBC/Step 3. Merger and Re-domestication/Drafts/Agreement and Plan of Merger - Cambium Carbon.docx,COMPANIES/Cambium/02_Financing_and_Legal/Agreement and Plan of Merger - Cambium Carbon__F01262.docx,PLACED,02 Financing & Legal,False,moved,True
F01263,Cambium,Diligence/Supplemental Documentation/Legal (Supplementary Docs)/Company Minute Book and Corporate Records/Transaction Documents/Conversion to PBC/Step 3. Merger and Re-domestication/Drafts/Articles of Merger - Cambium Carbon.docx,COMPANIES/Cambium/02_Financing_and_Legal/Articles of Merger - Cambium Carbon__F01263.docx,PLACED,02 Financing & Legal,False,moved,True
F01264,Cambium,Diligence/Supplemental Documentation/Legal (Supplementary Docs)/Company Minute Book and Corporate Records/Transaction Documents/Conversion to PBC/Step 3. Merger and Re-domestication/Drafts/Cert - DE corp(surv) + For LLC09.pdf,COMPANIES/Cambium/02_Financing_and_Legal/Cert - DE corp(surv) + For LLC09__F01264.pdf,PLACED,02 Financing & Legal,False,moved,True
F01265,Cambium,Diligence/Supplemental Documentation/Legal (Supplementary Docs)/Company Minute Book and Corporate Records/Transaction Documents/Conversion to PBC/Step 3. Merger and Re-domestication/Drafts/Certificate of Merger Cambium Carbon.docx,COMPANIES/Cambium/02_Financing_and_Legal/Certificate of Merger Cambium Carbon__F01265.docx,PLACED,02 Financing & Legal,False,moved,True
F01266,Cambium,Diligence/Supplemental Documentation/Legal (Supplementary Docs)/Company Minute Book and Corporate Records/Transaction Documents/Conversion to PBC/Step 3. Merger and Re-domestication/For Execution/Agreement and Plan of Merger - Cambium Carbon.pdf,COMPANIES/Cambium/02_Financing_and_Legal/Agreement and Plan of Merger - Cambium Carbon__F01266.pdf,PLACED,02 Financing & Legal,False,moved,True
F01267,Cambium,Diligence/Supplemental Documentation/Legal (Supplementary Docs)/Company Minute Book and Corporate Records/Transaction Documents/Conversion to PBC/Step 3. Merger and Re-domestication/For Execution/Articles of Merger - Cambium Carbon.pdf,COMPANIES/Cambium/02_Financing_and_Legal/Articles of Merger - Cambium Carbon__F01267.pdf,PLACED,02 Financing & Legal,False,moved,True
F01268,Cambium,Diligence/Supplemental Documentation/Legal (Supplementary Docs)/Company Minute Book and Corporate Records/Transaction Documents/Conversion to PBC/Step 3. Merger and Re-domestication/For Execution/Certificate of Merger Cambium Carbon.pdf,COMPANIES/Cambium/02_Financing_and_Legal/Certificate of Merger Cambium Carbon__F01268.pdf,PLACED,02 Financing & Legal,False,moved,True
F01269,Cambium,Diligence/Supplemental Documentation/Legal (Supplementary Docs)/Trademarks/CSW USPTO submission.pdf,COMPANIES/Cambium/02_Financing_and_Legal/CSW USPTO submission__F01269.pdf,PLACED,02 Financing & Legal,False,moved,True
F01270,Cambium,Diligence/Supplemental Documentation/Legal (Supplementary Docs)/Trademarks/Carbon Smart Wood Trademark Filing Receipt.pdf,COMPANIES/Cambium/02_Financing_and_Legal/Carbon Smart Wood Trademark Filing Receipt__F01270.pdf,PLACED,02 Financing & Legal,False,moved,True
F01271,Cambium,Diligence/Supplemental Documentation/Legal (Supplementary Docs)/Trademarks/Traece USPTO Official Trademark.pdf,COMPANIES/Cambium/02_Financing_and_Legal/Traece USPTO Official Trademark__F01271.pdf,PLACED,02 Financing & Legal,False,moved,True
F01272,Cambium,Diligence/Supplemental Documentation/Legal (Supplementary Docs)/Trademarks/USPTO Certificate of Registration – Traece.pdf,COMPANIES/Cambium/02_Financing_and_Legal/USPTO Certificate of Registration – Traece__F01272.pdf,PLACED,02 Financing & Legal,False,moved,True
F01273,Cambium,Diligence/Supplemental Documentation/Legal (Supplementary Docs)/Trademarks/traece uspto.pdf,COMPANIES/Cambium/02_Financing_and_Legal/traece uspto__F01273.pdf,PLACED,02 Financing & Legal,False,moved,True
F01274,Cambium,Diligence/Supplemental Documentation/Sales (Supplementary Docs)/Amazon - Central Hub Specs for Carbon Smart Wood.pdf,COMPANIES/Cambium/09_Commercial_and_Customers/Amazon - Central Hub Specs for Carbon Smart Wood__F01274.pdf,PLACED,09 Commercial & Customers,False,moved,True
F01275,Cambium,"Diligence/Supplemental Documentation/Sales (Supplementary Docs)/Letter of Intent (Mass Timber) _ SmartLam, Cambium_executed.pdf","COMPANIES/Cambium/09_Commercial_and_Customers/Letter of Intent (Mass Timber) _ SmartLam, Cambium_executed__F01275.pdf",PLACED,09 Commercial & Customers,False,moved,True
F01276,Cambium,Diligence/Supplemental Documentation/Sales (Supplementary Docs)/Yellow Poplar CLT testing - Interim Report.pdf,COMPANIES/Cambium/09_Commercial_and_Customers/Yellow Poplar CLT testing - Interim Report__F01276.pdf,PLACED,09 Commercial & Customers,False,moved,True
F01277,Cambium,Diligence/Supplemental Documentation/Sales (Supplementary Docs)/Amazon - DALz Mass Timber Build/01 8160 - Wood Supply Chain Disclosure Requirements.docx,COMPANIES/Cambium/09_Commercial_and_Customers/01 8160 - Wood Supply Chain Disclosure Requirements__F01277.docx,PLACED,09 Commercial & Customers,False,moved,True
F01278,Cambium,Diligence/Supplemental Documentation/Sales (Supplementary Docs)/Amazon - DALz Mass Timber Build/06 1719 CROSS LAMINATED TIMBER PANELS_draft_04.26.2024.docx,COMPANIES/Cambium/09_Commercial_and_Customers/06 1719 CROSS LAMINATED TIMBER PANELS_draft_04.26.2024__F01278.docx,PLACED,09 Commercial & Customers,False,moved,True
F01279,Cambium,Diligence/Supplemental Documentation/Sales (Supplementary Docs)/Amazon - DALz Mass Timber Build/2023-12-07 Wood Product Sourcing Transparency Form DRAFT.pdf,COMPANIES/Cambium/09_Commercial_and_Customers/2023-12-07 Wood Product Sourcing Transparency Form DRAFT__F01279.pdf,PLACED,09 Commercial & Customers,False,moved,True
F01280,Cambium,Diligence/Supplemental Documentation/Sales (Supplementary Docs)/Amazon - DALz Mass Timber Build/Break Room_DRAFT_08.20.2024.png,COMPANIES/Cambium/09_Commercial_and_Customers/Break Room_DRAFT_08.20.2024__F01280.png,PLACED,09 Commercial & Customers,False,moved,True
F01281,Cambium,Diligence/Supplemental Documentation/Sales (Supplementary Docs)/Amazon - DALz Mass Timber Build/DALz Outdoor Materials.pdf,COMPANIES/Cambium/09_Commercial_and_Customers/DALz Outdoor Materials__F01281.pdf,PLACED,09 Commercial & Customers,False,moved,True
F01282,Cambium,Diligence/Supplemental Documentation/Sales (Supplementary Docs)/Amazon - DALz Mass Timber Build/NASC CentralHub_Courtyard_Draft_sm_08.09.2024.jpg,COMPANIES/Cambium/09_Commercial_and_Customers/NASC CentralHub_Courtyard_Draft_sm_08.09.2024__F01282.jpg,PLACED,09 Commercial & Customers,False,moved,True
F01283,Cambium,Diligence/Supplemental Documentation/Sales (Supplementary Docs)/Amazon - DALz Mass Timber Build/Outdoor courtyard_CANOPY PLAN_progress.png,COMPANIES/Cambium/09_Commercial_and_Customers/Outdoor courtyard_CANOPY PLAN_progress__F01283.png,PLACED,09 Commercial & Customers,False,moved,True
F01284,Cambium,Diligence/Supplemental Documentation/Sales (Supplementary Docs)/Amazon - DALz Mass Timber Build/Outdoor courtyard_PLAN_progress.png,COMPANIES/Cambium/09_Commercial_and_Customers/Outdoor courtyard_PLAN_progress__F01284.png,PLACED,09 Commercial & Customers,False,moved,True
F01285,Cambium,Diligence/Supplemental Documentation/Sales (Supplementary Docs)/Amazon - DALz Mass Timber Build/Security Area_cnc_DRAFT_08.20.2024.png,COMPANIES/Cambium/09_Commercial_and_Customers/Security Area_cnc_DRAFT_08.20.2024__F01285.png,PLACED,09 Commercial & Customers,False,moved,True
F01286,Cambium,Diligence/Supplemental Documentation/Sales (Supplementary Docs)/Sales & Marketing Collateral/2024 Cambium Forecast Model.xlsx,COMPANIES/Cambium/09_Commercial_and_Customers/2024 Cambium Forecast Model__F01286.xlsx,PLACED,09 Commercial & Customers,False,moved,True
F01287,Cambium,Diligence/Supplemental Documentation/Sales (Supplementary Docs)/Sales & Marketing Collateral/Active and Upcoming projects.pdf,COMPANIES/Cambium/09_Commercial_and_Customers/Active and Upcoming projects__F01287.pdf,PLACED,09 Commercial & Customers,False,moved,True
F01288,Cambium,Diligence/Supplemental Documentation/Sales (Supplementary Docs)/Sales & Marketing Collateral/Amazon Office Block Wood Fiber 2025 - 2026 - Total BDFT.xlsx,COMPANIES/Cambium/09_Commercial_and_Customers/Amazon Office Block Wood Fiber 2025 - 2026 - Total BDFT__F01288.xlsx,PLACED,09 Commercial & Customers,False,moved,True
F01289,Cambium,Diligence/Supplemental Documentation/Sales (Supplementary Docs)/Sales & Marketing Collateral/Cambium - Brand Guidelines.pdf,COMPANIES/Cambium/09_Commercial_and_Customers/Cambium - Brand Guidelines__F01289.pdf,PLACED,09 Commercial & Customers,False,moved,True
F01290,Cambium,Diligence/Supplemental Documentation/Sales (Supplementary Docs)/Sales & Marketing Collateral/Cambium Brand Overview Feb 2024.pdf,COMPANIES/Cambium/09_Commercial_and_Customers/Cambium Brand Overview Feb 2024__F01290.pdf,PLACED,09 Commercial & Customers,False,moved,True
F01291,Cambium,Diligence/Supplemental Documentation/Sales (Supplementary Docs)/Sales & Marketing Collateral/Cambium Carbon GTM Strategy Outdoor Materials 2024.pdf,COMPANIES/Cambium/09_Commercial_and_Customers/Cambium Carbon GTM Strategy Outdoor Materials 2024__F01291.pdf,PLACED,09 Commercial & Customers,False,moved,True
F01292,Cambium,Diligence/Supplemental Documentation/Sales (Supplementary Docs)/Sales & Marketing Collateral/Carbon Smart Wood™ Presentation.pdf,COMPANIES/Cambium/09_Commercial_and_Customers/Carbon Smart Wood™ Presentation__F01292.pdf,PLACED,09 Commercial & Customers,False,moved,True
F01293,Cambium,Diligence/Supplemental Documentation/Sales (Supplementary Docs)/Sales & Marketing Collateral/Carbon Smart Wood™ Product Catalog 2024.pdf,COMPANIES/Cambium/09_Commercial_and_Customers/Carbon Smart Wood™ Product Catalog 2024__F01293.pdf,PLACED,09 Commercial & Customers,False,moved,True
F01294,Cambium,Diligence/Supplemental Documentation/Sales (Supplementary Docs)/Sales & Marketing Collateral/J. Crew Carbon Smart Wood Design Book.pdf,COMPANIES/Cambium/09_Commercial_and_Customers/J. Crew Carbon Smart Wood Design Book__F01294.pdf,PLACED,09 Commercial & Customers,False,moved,True
F01295,Cambium,Diligence/Supplemental Documentation/Sales (Supplementary Docs)/Sales & Marketing Collateral/Logo-20240221T181231Z-001.zip,COMPANIES/Cambium/09_Commercial_and_Customers/Logo-20240221T181231Z-001__F01295.zip,PLACED,09 Commercial & Customers,False,moved,True
F01296,Cambium,Diligence/Supplemental Documentation/Sales (Supplementary Docs)/Sales & Marketing Collateral/Lowe_s Carbon Smart Wood Collection.pdf,COMPANIES/Cambium/09_Commercial_and_Customers/Lowe_s Carbon Smart Wood Collection__F01296.pdf,PLACED,09 Commercial & Customers,False,moved,True
F01297,Cambium,Diligence/Supplemental Documentation/Sales (Supplementary Docs)/Sales & Marketing Collateral/Steelcase Bassline Collection Carbon Smart Wood.pdf,COMPANIES/Cambium/09_Commercial_and_Customers/Steelcase Bassline Collection Carbon Smart Wood__F01297.pdf,PLACED,09 Commercial & Customers,False,moved,True
F01298,Cambium,Diligence/Supplemental Documentation/Sales (Supplementary Docs)/Sales & Marketing Collateral/POs & Contracts/Amazon PO-2D-13419188_v1_20240321.pdf,COMPANIES/Cambium/09_Commercial_and_Customers/Amazon PO-2D-13419188_v1_20240321__F01298.pdf,PLACED,09 Commercial & Customers,False,moved,True
F01299,Cambium,Diligence/Supplemental Documentation/Sales (Supplementary Docs)/Sales & Marketing Collateral/POs & Contracts/Amazon Production Order.pdf,COMPANIES/Cambium/09_Commercial_and_Customers/Amazon Production Order__F01299.pdf,PLACED,09 Commercial & Customers,False,moved,True
F01300,Cambium,Diligence/Supplemental Documentation/Sales (Supplementary Docs)/Sales & Marketing Collateral/POs & Contracts/Arbor Wood Production Order.pdf,COMPANIES/Cambium/09_Commercial_and_Customers/Arbor Wood Production Order__F01300.pdf,PLACED,09 Commercial & Customers,False,moved,True
F01301,Cambium,Diligence/Supplemental Documentation/Sales (Supplementary Docs)/Sales & Marketing Collateral/POs & Contracts/Emeco Production Order.pdf,COMPANIES/Cambium/09_Commercial_and_Customers/Emeco Production Order__F01301.pdf,PLACED,09 Commercial & Customers,False,moved,True
F01302,Cambium,Diligence/Supplemental Documentation/Sales (Supplementary Docs)/Sales & Marketing Collateral/POs & Contracts/Equinox Holdings via Madera PO.pdf,COMPANIES/Cambium/09_Commercial_and_Customers/Equinox Holdings via Madera PO__F01302.pdf,PLACED,09 Commercial & Customers,False,moved,True
F01303,Cambium,Diligence/Supplemental Documentation/Sales (Supplementary Docs)/Sales & Marketing Collateral/POs & Contracts/Equinox Production Order.pdf,COMPANIES/Cambium/09_Commercial_and_Customers/Equinox Production Order__F01303.pdf,PLACED,09 Commercial & Customers,False,moved,True
F01304,Cambium,Diligence/Supplemental Documentation/Sales (Supplementary Docs)/Sales & Marketing Collateral/POs & Contracts/Google PO  4100180009.PDF,COMPANIES/Cambium/09_Commercial_and_Customers/Google PO 4100180009__F01304.PDF,PLACED,09 Commercial & Customers,True,moved,True
F01305,Cambium,Diligence/Supplemental Documentation/Sales (Supplementary Docs)/Sales & Marketing Collateral/POs & Contracts/Google PO 4100370673 Hangar 3.pdf,COMPANIES/Cambium/09_Commercial_and_Customers/Google PO 4100370673 Hangar 3__F01305.pdf,PLACED,09 Commercial & Customers,False,moved,True
F01306,Cambium,Diligence/Supplemental Documentation/Sales (Supplementary Docs)/Sales & Marketing Collateral/POs & Contracts/Heartwood CLT Production Order.pdf,COMPANIES/Cambium/09_Commercial_and_Customers/Heartwood CLT Production Order__F01306.pdf,PLACED,09 Commercial & Customers,False,moved,True
F01307,Cambium,Diligence/Supplemental Documentation/Sales (Supplementary Docs)/Sales & Marketing Collateral/POs & Contracts/InventWood Production Order.pdf,COMPANIES/Cambium/09_Commercial_and_Customers/InventWood Production Order__F01307.pdf,PLACED,09 Commercial & Customers,False,moved,True
F01308,Cambium,Diligence/Supplemental Documentation/Sales (Supplementary Docs)/Sales & Marketing Collateral/POs & Contracts/Larimer County P002342 Cambium Carbon PBC P23-25 (2).PDF,COMPANIES/Cambium/09_Commercial_and_Customers/Larimer County P002342 Cambium Carbon PBC P23-25 (2)__F01308.PDF,PLACED,09 Commercial & Customers,False,moved,True
F01309,Cambium,Diligence/Supplemental Documentation/Sales (Supplementary Docs)/Sales & Marketing Collateral/POs & Contracts/Lowe_s Production Order.pdf,COMPANIES/Cambium/09_Commercial_and_Customers/Lowe_s Production Order__F01309.pdf,PLACED,09 Commercial & Customers,False,moved,True
F01310,Cambium,Diligence/Supplemental Documentation/Sales (Supplementary Docs)/Sales & Marketing Collateral/POs & Contracts/Room & Board Production Order.pdf,COMPANIES/Cambium/09_Commercial_and_Customers/Room & Board Production Order__F01310.pdf,PLACED,09 Commercial & Customers,False,moved,True
F01311,Cambium,Diligence/Supplemental Documentation/Sales (Supplementary Docs)/Sales & Marketing Collateral/POs & Contracts/Steelcase Production Order.pdf,COMPANIES/Cambium/09_Commercial_and_Customers/Steelcase Production Order__F01311.pdf,PLACED,09 Commercial & Customers,False,moved,True
F01312,Cambium,Diligence/Supplemental Documentation/Sales (Supplementary Docs)/Sales & Marketing Collateral/POs & Contracts/Vaagen Timbers Production Order.pdf,COMPANIES/Cambium/09_Commercial_and_Customers/Vaagen Timbers Production Order__F01312.pdf,PLACED,09 Commercial & Customers,False,moved,True
F01313,Cambium,Diligence/Supplemental Documentation/Sales (Supplementary Docs)/Sales & Marketing Collateral/POs & Contracts/Woodline Frisco - Signed Agreement (1).pdf,COMPANIES/Cambium/09_Commercial_and_Customers/Woodline Frisco - Signed Agreement (1)__F01313.pdf,PLACED,09 Commercial & Customers,False,moved,True
F01314,Cambium,Diligence/Supplemental Documentation/Technology (Supplementary Docs)/2024 Technology Roadmap.pdf,COMPANIES/Cambium/10_Technical_and_Diligence/2024 Technology Roadmap__F01314.pdf,PLACED,10 Technical & Diligence,False,moved,True
F01315,Cambium,Diligence/Supplemental Documentation/Technology (Supplementary Docs)/Tech Stack & Ops Stack 2024.pdf,COMPANIES/Cambium/10_Technical_and_Diligence/Tech Stack & Ops Stack 2024__F01315.pdf,PLACED,10 Technical & Diligence,False,moved,True
F01316,Cambium,Diligence/Supplemental Documentation/Technology (Supplementary Docs)/Traece Overview and Links.pdf,COMPANIES/Cambium/10_Technical_and_Diligence/Traece Overview and Links__F01316.pdf,PLACED,10 Technical & Diligence,False,moved,True
F01317,Cambium,Diligence/Tech & Product/2150 Engineered Wood Deep Dive CONFIDENTIAL.pdf,COMPANIES/Cambium/10_Technical_and_Diligence/2150 Engineered Wood Deep Dive CONFIDENTIAL.pdf,PLACED,10 Technical & Diligence,False,moved,True
F01318,Cambium,Diligence/Tech & Product/Cambium+IP+One+Pager (2).pdf,COMPANIES/Cambium/10_Technical_and_Diligence/Cambium+IP+One+Pager (2).pdf,PLACED,10 Technical & Diligence,False,moved,True
F01319,Cambium,Diligence/Tech & Product/Douglas+Fir+CLT+testing+_+Report+results.pdf,COMPANIES/Cambium/10_Technical_and_Diligence/Douglas+Fir+CLT+testing+_+Report+results.pdf,PLACED,10 Technical & Diligence,False,moved,True
F01320,Cambium,Diligence/Tech & Product/Southern+Pine+CLT+testing+-+MSU+contract+-+Final+Report+(1).pdf,COMPANIES/Cambium/10_Technical_and_Diligence/Southern+Pine+CLT+testing+-+MSU+contract+-+Final+Report+(1).pdf,PLACED,10 Technical & Diligence,False,moved,True
F01321,Cambium,Diligence/Tech & Product/Yellow+Poplar+CLT+testing+-+Interim+Report.pdf,COMPANIES/Cambium/10_Technical_and_Diligence/Yellow+Poplar+CLT+testing+-+Interim+Report.pdf,PLACED,10 Technical & Diligence,False,moved,True
F01322,Cambium,Follow On Investment/2025 Sales Highlights.pdf,COMPANIES/Cambium/15_Unclassified_Pending_Review/2025 Sales Highlights.pdf,PENDING,15 Unclassified / Pending Review,False,moved,True
F01323,Cambium,Follow On Investment/2_4_26 IC Conversation on Cambium.pdf,COMPANIES/Cambium/15_Unclassified_Pending_Review/2_4_26 IC Conversation on Cambium.pdf,PENDING,15 Unclassified / Pending Review,False,moved,True
F01324,Cambium,Follow On Investment/Cambium Carbon - VEV Memo (February 2026 Follow-on Recommendation).pdf,COMPANIES/Cambium/15_Unclassified_Pending_Review/Cambium Carbon - VEV Memo (February 2026 Follow-on Recommendation).pdf,PENDING,15 Unclassified / Pending Review,False,moved,True
F01325,Cambium,Follow On Investment/Illustrative Customer Lifetime Value (CLTV) Examples (1).pdf,COMPANIES/Cambium/15_Unclassified_Pending_Review/Illustrative Customer Lifetime Value (CLTV) Examples (1).pdf,PENDING,15 Unclassified / Pending Review,False,moved,True
F01326,Cambium,General Woodcraft Acquisition/DRAFT Investment Memo _ General Woodcraft Asset Purchase.pdf,COMPANIES/Cambium/01_Investment_Memos_and_IC/DRAFT Investment Memo _ General Woodcraft Asset Purchase.pdf,PLACED,01 Investment Memos & IC,False,moved,True
F01327,Cambium,General Woodcraft Acquisition/GWI_Due_Diligence .gdoc,COMPANIES/Cambium/10_Technical_and_Diligence/GWI_Due_Diligence.gdoc,PLACED,10 Technical & Diligence,True,moved,True
F01328,Cambium,General Woodcraft Acquisition/General Woodcraft Financial Model.gsheet,COMPANIES/Cambium/04_Financials_and_Models/General Woodcraft Financial Model.gsheet,PLACED,04 Financials & Models,False,moved,True
F01329,Cambium,Greenshoe Diligence/Cambium Data Room  _ 2024-20250920T000648Z-1-001.zip,COMPANIES/Cambium/10_Technical_and_Diligence/Cambium Data Room _ 2024-20250920T000648Z-1-001.zip,PLACED,10 Technical & Diligence,True,moved,True
F01330,Cambium,Greenshoe Diligence/Financial Diligence/1.29.25 Board Deck Cambium.pdf,COMPANIES/Cambium/10_Technical_and_Diligence/1.29.25 Board Deck Cambium.pdf,PLACED,10 Technical & Diligence,False,moved,True
F01331,Cambium,Greenshoe Diligence/Financial Diligence/12-31-24 Full Financials - Intectural.pdf,COMPANIES/Cambium/10_Technical_and_Diligence/12-31-24 Full Financials - Intectural.pdf,PLACED,10 Technical & Diligence,False,moved,True
F01332,Cambium,Greenshoe Diligence/Financial Diligence/2025 Intectural Sales YTD.pdf,COMPANIES/Cambium/10_Technical_and_Diligence/2025 Intectural Sales YTD.pdf,PLACED,10 Technical & Diligence,False,moved,True
F01333,Cambium,Greenshoe Diligence/Financial Diligence/2025 Master Budget V4.xlsx,COMPANIES/Cambium/10_Technical_and_Diligence/2025 Master Budget V4.xlsx,PLACED,10 Technical & Diligence,False,moved,True
F01334,Cambium,Greenshoe Diligence/Financial Diligence/4.30.25 Board Meeting Deck.pdf,COMPANIES/Cambium/10_Technical_and_Diligence/4.30.25 Board Meeting Deck.pdf,PLACED,10 Technical & Diligence,False,moved,True
F01335,Cambium,Greenshoe Diligence/Financial Diligence/7.30.25 Cambium Board Deck.pdf,COMPANIES/Cambium/10_Technical_and_Diligence/7.30.25 Cambium Board Deck.pdf,PLACED,10 Technical & Diligence,False,moved,True
F01336,Cambium,Greenshoe Diligence/Financial Diligence/Cambium Carbon P&L Annual (20-1H 24).pdf,COMPANIES/Cambium/10_Technical_and_Diligence/Cambium Carbon P&L Annual (20-1H 24).pdf,PLACED,10 Technical & Diligence,False,moved,True
F01337,Cambium,Greenshoe Diligence/Financial Diligence/Cambium Consolidated Financials Q1 2025 (3).pdf,COMPANIES/Cambium/10_Technical_and_Diligence/Cambium Consolidated Financials Q1 2025 (3).pdf,PLACED,10 Technical & Diligence,False,moved,True
F01338,Cambium,Greenshoe Diligence/Financial Diligence/Cambium Dec 2024 Draft Financials.pdf,COMPANIES/Cambium/10_Technical_and_Diligence/Cambium Dec 2024 Draft Financials.pdf,PLACED,10 Technical & Diligence,False,moved,True
F01339,Cambium,Greenshoe Diligence/Financial Diligence/Cambium Financials via Carta - Snapshots from Q2 25.docx,COMPANIES/Cambium/10_Technical_and_Diligence/Cambium Financials via Carta - Snapshots from Q2 25.docx,PLACED,10 Technical & Diligence,False,moved,True
F01340,Cambium,Greenshoe Diligence/Financial Diligence/Cambium General Updates.pdf,COMPANIES/Cambium/10_Technical_and_Diligence/Cambium General Updates.pdf,PLACED,10 Technical & Diligence,False,moved,True
F01341,Cambium,Intectural Acquisition/Stock Purchase Agreement 2025 05 15 DRAFT jcm edits.docx,COMPANIES/Cambium/02_Financing_and_Legal/Stock Purchase Agreement 2025 05 15 DRAFT jcm edits.docx,PLACED,02 Financing & Legal,False,moved,True
F01342,Cambium,Legal Docs/Cambium+Org+Chart+November+2024.pdf,COMPANIES/Cambium/02_Financing_and_Legal/Cambium+Org+Chart+November+2024.pdf,PLACED,02 Financing & Legal,False,moved,True
F01343,Cambium,Legal Docs/Financial Reports for Cambium & BFL Combined Financial Package - 31 Oct 2024.pdf,COMPANIES/Cambium/02_Financing_and_Legal/Financial Reports for Cambium & BFL Combined Financial Package - 31 Oct 2024.pdf,PLACED,02 Financing & Legal,False,moved,True
F01344,Cambium,Legal Docs/Workers Comp Proof of Insurance 2024.pdf,COMPANIES/Cambium/02_Financing_and_Legal/Workers Comp Proof of Insurance 2024.pdf,PLACED,02 Financing & Legal,False,moved,True
F01345,Cambium,Legal Docs/Offer Letters/Aaron LeClair Offer_Letter_Executed.pdf,COMPANIES/Cambium/02_Financing_and_Legal/Aaron LeClair Offer_Letter_Executed.pdf,PLACED,02 Financing & Legal,False,moved,True
F01346,Cambium,Legal Docs/Offer Letters/Adam Melfa - Offer Letter - SIGNED.pdf,COMPANIES/Cambium/02_Financing_and_Legal/Adam Melfa - Offer Letter - SIGNED.pdf,PLACED,02 Financing & Legal,False,moved,True
F01347,Cambium,Legal Docs/Offer Letters/AliciaBlake_OfferLetter_Signed (1).pdf,COMPANIES/Cambium/02_Financing_and_Legal/AliciaBlake_OfferLetter_Signed (1).pdf,PLACED,02 Financing & Legal,False,moved,True
F01348,Cambium,Legal Docs/Offer Letters/Bryce Caplan Offer Letter - Procurement Specialist (1)-combined.pdf,COMPANIES/Cambium/02_Financing_and_Legal/Bryce Caplan Offer Letter - Procurement Specialist (1)-combined.pdf,PLACED,02 Financing & Legal,False,moved,True
F01349,Cambium,Legal Docs/Offer Letters/Casey Clare offer.pdf,COMPANIES/Cambium/02_Financing_and_Legal/Casey Clare offer.pdf,PLACED,02 Financing & Legal,False,moved,True
F01350,Cambium,Legal Docs/Offer Letters/Charles Gale Offer Letter_Cambium Countersigned.pdf,COMPANIES/Cambium/02_Financing_and_Legal/Charles Gale Offer Letter_Cambium Countersigned__F01350.pdf,PLACED,02 Financing & Legal,False,moved,True
F01351,Cambium,Legal Docs/Offer Letters/David Hadinger Offer Letter (Exempt Employee).docx (4).pdf,COMPANIES/Cambium/02_Financing_and_Legal/David Hadinger Offer Letter (Exempt Employee).docx (4).pdf,PLACED,02 Financing & Legal,False,moved,True
F01352,Cambium,Legal Docs/Offer Letters/David Landolfi Offer 2.0.pdf,COMPANIES/Cambium/02_Financing_and_Legal/David Landolfi Offer 2.0.pdf,PLACED,02 Financing & Legal,False,moved,True
F01353,Cambium,Legal Docs/Offer Letters/Jeff Cohen_Offer Letter.pdf,COMPANIES/Cambium/02_Financing_and_Legal/Jeff Cohen_Offer Letter.pdf,PLACED,02 Financing & Legal,False,moved,True
F01354,Cambium,Legal Docs/Offer Letters/Joseph McDonald Signed_Form of Employee Offer Letter.pdf,COMPANIES/Cambium/02_Financing_and_Legal/Joseph McDonald Signed_Form of Employee Offer Letter.pdf,PLACED,02 Financing & Legal,False,moved,True
F01355,Cambium,Legal Docs/Offer Letters/Justin Kingsbury Offer Letter (signed) (1).pdf,COMPANIES/Cambium/02_Financing_and_Legal/Justin Kingsbury Offer Letter (signed) (1).pdf,PLACED,02 Financing & Legal,False,moved,True
F01356,Cambium,Legal Docs/Offer Letters/Kristin Antonino signed offer.jpg,COMPANIES/Cambium/02_Financing_and_Legal/Kristin Antonino signed offer.jpg,PLACED,02 Financing & Legal,False,moved,True
F01357,Cambium,Legal Docs/Offer Letters/Natalie Pulver Offer Letter_signed.pdf,COMPANIES/Cambium/02_Financing_and_Legal/Natalie Pulver Offer Letter_signed.pdf,PLACED,02 Financing & Legal,False,moved,True
F01358,Cambium,Legal Docs/Offer Letters/Nishan Bhagat_Offer Letter.pdf,COMPANIES/Cambium/02_Financing_and_Legal/Nishan Bhagat_Offer Letter.pdf,PLACED,02 Financing & Legal,False,moved,True
F01359,Cambium,Legal Docs/Offer Letters/Rae Tamblyn Offer Letter (signed).pdf,COMPANIES/Cambium/02_Financing_and_Legal/Rae Tamblyn Offer Letter (signed).pdf,PLACED,02 Financing & Legal,False,moved,True
F01360,Cambium,Legal Docs/Offer Letters/Tace_FinalOfferLetter_Signed_3.4.pdf,COMPANIES/Cambium/02_Financing_and_Legal/Tace_FinalOfferLetter_Signed_3.4.pdf,PLACED,02 Financing & Legal,False,moved,True
F01361,Cambium,Legal Docs/Offer Letters/Zac Tolbert - Sales Rep Contract - FINAL - TH Signed.pdf,COMPANIES/Cambium/02_Financing_and_Legal/Zac Tolbert - Sales Rep Contract - FINAL - TH Signed.pdf,PLACED,02 Financing & Legal,False,moved,True
F01362,Cambium,Legal Docs/Offer Letters/Former employees (Offer Letters)/(Cambium) Offer Letter – Andrew Emerson (1).pdf,COMPANIES/Cambium/02_Financing_and_Legal/(Cambium) Offer Letter – Andrew Emerson (1).pdf,PLACED,02 Financing & Legal,False,moved,True
F01363,Cambium,Legal Docs/Offer Letters/Former employees (Offer Letters)/Main_Natasha_signed_offer_letterCC.pdf,COMPANIES/Cambium/02_Financing_and_Legal/Main_Natasha_signed_offer_letterCC__F01363.pdf,PLACED,02 Financing & Legal,False,moved,True
F01364,Cambium,Legal Docs/Offer Letters/Former employees (Offer Letters)/Offer Letter_ Sofia Reitsma.pdf,COMPANIES/Cambium/02_Financing_and_Legal/Offer Letter_ Sofia Reitsma.pdf,PLACED,02 Financing & Legal,False,moved,True
F01365,Cambium,Legal Docs/Offer Letters/Former employees (Offer Letters)/Offer Letter_Marketing Mgr_Tomi Ogundayo.docx (2).pdf,COMPANIES/Cambium/02_Financing_and_Legal/Offer Letter_Marketing Mgr_Tomi Ogundayo.docx (2).pdf,PLACED,02 Financing & Legal,False,moved,True
F01366,Cambium,Legal Docs/Offer Letters/Former employees (Offer Letters)/Recio_Jeannie_Offer Letter signed.pdf,COMPANIES/Cambium/02_Financing_and_Legal/Recio_Jeannie_Offer Letter signed__F01366.pdf,PLACED,02 Financing & Legal,False,moved,True
F01367,Cambium,Legal Docs/Offer Letters/Former employees (Offer Letters)/Robin_Max_Signed Offer Letter.pdf,COMPANIES/Cambium/02_Financing_and_Legal/Robin_Max_Signed Offer Letter__F01367.pdf,PLACED,02 Financing & Legal,False,moved,True
F01368,Cambium,Legal Docs/Offer Letters/Former employees (Offer Letters)/Westpoint_Brian_Signed Cambium Carbon Offer Letter.pdf,COMPANIES/Cambium/02_Financing_and_Legal/Westpoint_Brian_Signed Cambium Carbon Offer Letter__F01368.pdf,PLACED,02 Financing & Legal,False,moved,True
F01369,Cambium,Legal Docs/Resolutions/Action by Written Consent of Sole Incorporator - Cambium Carbon PBC.pdf,COMPANIES/Cambium/02_Financing_and_Legal/Action by Written Consent of Sole Incorporator - Cambium Carbon PBC__F01369.pdf,PLACED,02 Financing & Legal,False,moved,True
F01370,Cambium,Legal Docs/Resolutions/Board Consent - Cambium Carbon PBC (re. Note Financing) - signed.pdf,COMPANIES/Cambium/02_Financing_and_Legal/Board Consent - Cambium Carbon PBC (re. Note Financing) - signed__F01370.pdf,PLACED,02 Financing & Legal,False,moved,True
F01371,Cambium,Legal Docs/Resolutions/Board Consent 3.22.23 (Nishan + Rachel shares) - Cambium Carbon PBC - signed (1).pdf,COMPANIES/Cambium/02_Financing_and_Legal/Board Consent 3.22.23 (Nishan + Rachel shares) - Cambium Carbon PBC - signed (1)__F01371.pdf,PLACED,02 Financing & Legal,False,moved,True
F01372,Cambium,Legal Docs/Resolutions/Board Consent in Writing (Webster Bank)-complete.pdf,COMPANIES/Cambium/02_Financing_and_Legal/Board Consent in Writing (Webster Bank)-complete__F01372.pdf,PLACED,02 Financing & Legal,False,moved,True
F01373,Cambium,Legal Docs/Resolutions/Board Consent in Writing (Webster Bank).docx,COMPANIES/Cambium/02_Financing_and_Legal/Board Consent in Writing (Webster Bank)__F01373.docx,PLACED,02 Financing & Legal,False,moved,True
F01374,Cambium,Legal Docs/Resolutions/BoardConsent_JoeJeff_June21.docx.pdf,COMPANIES/Cambium/02_Financing_and_Legal/BoardConsent_JoeJeff_June21.docx__F01374.pdf,PLACED,02 Financing & Legal,False,moved,True
F01375,Cambium,Legal Docs/Resolutions/Consent of the Board - re. Lumber Tracker Acquisition (Cambium Carbon PBC) - signed (1).pdf,COMPANIES/Cambium/02_Financing_and_Legal/Consent of the Board - re. Lumber Tracker Acquisition (Cambium Carbon PBC) - signed (1)__F01375.pdf,PLACED,02 Financing & Legal,False,moved,True
F01376,Cambium,Legal Docs/Resolutions/Copy of Board Consent in Writing (GSB).docx,COMPANIES/Cambium/02_Financing_and_Legal/Copy of Board Consent in Writing (GSB)__F01376.docx,PLACED,02 Financing & Legal,False,moved,True
F01377,Cambium,Legal Docs/Resolutions/Final - NSO Agreement (Z. Scott) - Cambium Carbon PBC - signed.pdf,COMPANIES/Cambium/02_Financing_and_Legal/Final - NSO Agreement (Z. Scott) - Cambium Carbon PBC - signed__F01377.pdf,PLACED,02 Financing & Legal,False,moved,True
F01378,Cambium,Legal Docs/Resolutions/Joint Action by Written Consent of the Board of Directors and Stockholders in Lieu of Initial Meeting - Cambium Carbon PBC - signed.pdf,COMPANIES/Cambium/02_Financing_and_Legal/Joint Action by Written Consent of the Board of Directors and Stockholders in Lieu of Initial Meeting - Cambium Carbon PBC - signed__F01378.pdf,PLACED,02 Financing & Legal,False,moved,True
F01379,Cambium,Legal Docs/Resolutions/Joint Action by Written Consent of the Board of Directors and Stockholders in Lieu of Initial Meeting - Cambium Carbon PBC.docx,COMPANIES/Cambium/14_Historical_Superseded/Joint Action by Written Consent of the Board of Directors and Stockholders in Lieu of Initial Meeting - Cambium Carbon PBC__F01379.docx,SUPERSEDED,14 Historical / Superseded,False,moved,True
F01380,Cambium,Legal Docs/Resolutions/Jon_VestingAccel_BoardConsent-2.pdf,COMPANIES/Cambium/02_Financing_and_Legal/Jon_VestingAccel_BoardConsent-2__F01380.pdf,PLACED,02 Financing & Legal,False,moved,True
F01381,Cambium,Legal Docs/Resolutions/Written Consent of the Board - re. Stock Option Issuances (Cambium Carbon PBC .docx,COMPANIES/Cambium/02_Financing_and_Legal/Written Consent of the Board - re. Stock Option Issuances (Cambium Carbon PBC__F01381.docx,PLACED,02 Financing & Legal,True,moved,True
F01382,Cambium,Series A Documents/2024 Fall Bridge Notes.xlsx,COMPANIES/Cambium/15_Unclassified_Pending_Review/2024 Fall Bridge Notes.xlsx,PENDING,15 Unclassified / Pending Review,False,moved,True
F01383,Cambium,Series A Documents/Cambium Carbon Customer Call -  Log Trucker (Miguel Raymond).pdf,COMPANIES/Cambium/15_Unclassified_Pending_Review/Cambium Carbon Customer Call - Log Trucker (Miguel Raymond).pdf,PENDING,15 Unclassified / Pending Review,True,moved,True
F01384,Cambium,Series A Documents/Cambium Carbon Customer Call - Forester _ Sawmill (Glenn Zane).pdf,COMPANIES/Cambium/15_Unclassified_Pending_Review/Cambium Carbon Customer Call - Forester _ Sawmill (Glenn Zane).pdf,PENDING,15 Unclassified / Pending Review,False,moved,True
F01385,Cambium,Series A Documents/Cambium Carbon Customer Call - Mass Timber (Amazon).pdf,COMPANIES/Cambium/15_Unclassified_Pending_Review/Cambium Carbon Customer Call - Mass Timber (Amazon).pdf,PENDING,15 Unclassified / Pending Review,False,moved,True
F01386,Cambium,Series A Documents/Cambium Carbon Customer Call - Tree Service (Justin Floyd) (2).pdf,COMPANIES/Cambium/15_Unclassified_Pending_Review/Cambium Carbon Customer Call - Tree Service (Justin Floyd) (2).pdf,PENDING,15 Unclassified / Pending Review,False,moved,True
F01387,Cambium,Series A Documents/Cambium Carbon PBC - Note Financing - Board Consent (July 2024).pdf,COMPANIES/Cambium/02_Financing_and_Legal/Cambium Carbon PBC - Note Financing - Board Consent (July 2024)__F01387.pdf,PLACED,02 Financing & Legal,False,moved,True
F01388,Cambium,Series A Documents/VoLo- Cambium Series A Term Sheet (Executed).pdf,COMPANIES/Cambium/02_Financing_and_Legal/VoLo- Cambium Series A Term Sheet (Executed)__F01388.pdf,PLACED,02 Financing & Legal,False,moved,True
F01389,Cambium,Series A Documents/Arbor Day Non Reliance/Volo non-reliance letter draft (Executed Copy 12-10-24).pdf,COMPANIES/Cambium/15_Unclassified_Pending_Review/Volo non-reliance letter draft (Executed Copy 12-10-24).pdf,PENDING,15 Unclassified / Pending Review,False,moved,True
F01390,Cambium,Series A Documents/Convertible Notes /Cambium Carbon PBC Wiring Instructions (2025) (1).pdf,COMPANIES/Cambium/02_Financing_and_Legal/Cambium Carbon PBC Wiring Instructions (2025) (1)__F01390.pdf,PLACED,02 Financing & Legal,False,moved,True
F01391,Cambium,Series A Documents/Convertible Notes /Crosscut_Cambium Carbon PBC - Convertible Promissory Note - Series 2024A (3).docx,COMPANIES/Cambium/02_Financing_and_Legal/Crosscut_Cambium Carbon PBC - Convertible Promissory Note - Series 2024A (3)__F01391.docx,PLACED,02 Financing & Legal,False,moved,True
F01392,Cambium,Series A Documents/Convertible Notes /Crosscut_Cambium Carbon PBC - Convertible Promissory Note - Series 2024A (3).docx.pdf,COMPANIES/Cambium/02_Financing_and_Legal/Crosscut_Cambium Carbon PBC - Convertible Promissory Note - Series 2024A (3).docx__F01392.pdf,PLACED,02 Financing & Legal,False,moved,True
F01393,Cambium,Series A Documents/Convertible Notes /Abelow Family Foundation/The Abelow Family Foundation_Cambium Carbon PBC - Convertible Promissory Note - Series 2024A -1 copy.pdf,COMPANIES/Cambium/02_Financing_and_Legal/The Abelow Family Foundation_Cambium Carbon PBC - Convertible Promissory Note - Series 2024A -1 copy__F01393.pdf,PLACED,02 Financing & Legal,False,moved,True
F01394,Cambium,Series A Documents/Convertible Notes /Blue Ivy/Blue Ivy Promissory Note Executed.pdf,COMPANIES/Cambium/02_Financing_and_Legal/Blue Ivy Promissory Note Executed__F01394.pdf,PLACED,02 Financing & Legal,False,moved,True
F01395,Cambium,Series A Documents/Convertible Notes /Blue Ivy/Complete_with_Docusign_Blue_Ivy_Copy_of_Camb.pdf,COMPANIES/Cambium/02_Financing_and_Legal/Complete_with_Docusign_Blue_Ivy_Copy_of_Camb__F01395.pdf,PLACED,02 Financing & Legal,False,moved,True
F01396,Cambium,Series A Documents/Convertible Notes /Brad and Carolyn Abelow/Brad and Carolyn Abelow_Cambium Carbon PBC - Convertible Promissory Note - Series 2024A  copy.pdf,COMPANIES/Cambium/02_Financing_and_Legal/Brad and Carolyn Abelow_Cambium Carbon PBC - Convertible Promissory Note - Series 2024A copy__F01396.pdf,PLACED,02 Financing & Legal,True,moved,True
F01397,Cambium,Series A Documents/Convertible Notes /Crosscut Ventures/Complete_with_Docusign_Crosscut_Cambium_Carb.pdf,COMPANIES/Cambium/02_Financing_and_Legal/Complete_with_Docusign_Crosscut_Cambium_Carb__F01397.pdf,PLACED,02 Financing & Legal,False,moved,True
F01398,Cambium,Series A Documents/Convertible Notes /Dangerous Ventures/Cambium Carbon_Side Letter_D.textClipping,COMPANIES/Cambium/02_Financing_and_Legal/Cambium Carbon_Side Letter_D__F01398.textClipping,PLACED,02 Financing & Legal,False,moved,True
F01399,Cambium,Series A Documents/Convertible Notes /Dangerous Ventures/Cambium Carbon_Side Letter_Dangerous Ventures_EXECUTED 08302024.pdf,COMPANIES/Cambium/02_Financing_and_Legal/Cambium Carbon_Side Letter_Dangerous Ventures_EXECUTED 08302024__F01399.pdf,PLACED,02 Financing & Legal,False,moved,True
F01400,Cambium,Series A Documents/Convertible Notes /Dangerous Ventures/Promissory Note EXECUTED_Dangerous_Cambium_September 2024.pdf,COMPANIES/Cambium/02_Financing_and_Legal/Promissory Note EXECUTED_Dangerous_Cambium_September 2024__F01400.pdf,PLACED,02 Financing & Legal,False,moved,True
F01401,Cambium,Series A Documents/Convertible Notes /David Sobotka/David Sobotka_Cambium Carbon PBC - Convertible Promissory Note - Series 2024A.docx (1) (1) (1).pdf,COMPANIES/Cambium/02_Financing_and_Legal/David Sobotka_Cambium Carbon PBC - Convertible Promissory Note - Series 2024A.docx (1) (1) (1)__F01401.pdf,PLACED,02 Financing & Legal,False,moved,True
F01402,Cambium,Series A Documents/Convertible Notes /Erik Ryan/Complete_with_Docusign_Erik_Ryan_Cambium_Car.pdf,COMPANIES/Cambium/02_Financing_and_Legal/Complete_with_Docusign_Erik_Ryan_Cambium_Car__F01402.pdf,PLACED,02 Financing & Legal,False,moved,True
F01403,Cambium,Series A Documents/Convertible Notes /Mary Miller/Mary Miller _Cambium Carbon PBC - Convertible Promissory Note - Series 2024A (3).docx-combined (1).pdf,COMPANIES/Cambium/02_Financing_and_Legal/Mary Miller _Cambium Carbon PBC - Convertible Promissory Note - Series 2024A (3).docx-combined (1)__F01403.pdf,PLACED,02 Financing & Legal,False,moved,True
F01404,Cambium,Series A Documents/Convertible Notes /Morrison Foundation/Complete_with_Docusign_Morrison_Family_Found.pdf,COMPANIES/Cambium/02_Financing_and_Legal/Complete_with_Docusign_Morrison_Family_Found__F01404.pdf,PLACED,02 Financing & Legal,False,moved,True
F01405,Cambium,Series A Documents/Convertible Notes /Ted Wiese/Ted Wiese_Copy of Cambium Carbon PBC - Convertible Promissory Note - Series 2024A.docx (1).pdf,COMPANIES/Cambium/02_Financing_and_Legal/Ted Wiese_Copy of Cambium Carbon PBC - Convertible Promissory Note - Series 2024A.docx (1)__F01405.pdf,PLACED,02 Financing & Legal,False,moved,True
F01406,Cambium,Series A Documents/Convertible Notes /White Bait/White Bait_Cambium Carbon PBC - Convertible Promissory Note - Signed.pdf,COMPANIES/Cambium/02_Financing_and_Legal/White Bait_Cambium Carbon PBC - Convertible Promissory Note - Signed__F01406.pdf,PLACED,02 Financing & Legal,False,moved,True
